	EntryID	Headword	division
0	d2e1110Meyers-1905	Aale	Edelfische
1	d2e2932Meyers-1905	Abasa	Reichsrats
2	d2e4273Meyers-1905	Abchasien	Abchasen
3	d2e12275Meyers-1905	Abriß	Landesaufnahme
4	d2e23592Meyers-1905	Ackerbeete	Ackers
5	d2e34084Meyers-1905	Adresse	Reichstags
6	d2e44030Meyers-1905	Aggregāten	Sympetalen
7	d2e55325Meyers-1905	Akalēphen	Cölenteraten
8	d2e61407Meyers-1905	Ala [2]	Bundesreiterei
9	d2e74792Meyers-1905	Algen	Thallophyten
10	d2e75285Meyers-1905	Algenpilze	Pilze
11	d2e76271Meyers-1905	Algonkische Formation	paläozoischen Formationsgruppe
12	d2e81221Meyers-1905	Allerheiligstes	Tempel
13	d2e81221Meyers-1905	Allerheiligstes	Stiftshütte
14	d2e96987Meyers-1905	Amaltheentone	mittlern Lias
15	d2e98391Meyers-1905	Amazonenstrom	Kordilleren
16	d2e101837Meyers-1905	Amerika	Geological
17	d2e108823Meyers-1905	Amphineuren	Weichtiere
18	d2e110427Meyers-1905	Amtsbezirk	Kreises
19	d2e124854Meyers-1905	Angiospérmen	Pflanzenreichs
20	d2e126469Meyers-1905	Angulātusschichten	untern Lias
21	d2e126684Meyers-1905	Anhalt	Meistbesteuerten
22	d2e126684Meyers-1905	Anhalt	Innern
23	d2e152888Meyers-1905	Apothekerrat	Ministeriums
24	d2e155518Meyers-1905	Apsis	Kirche
25	d2e169701Meyers-1905	Arcuātenkalk	Juraformation
26	d2e175201Meyers-1905	Ariëtenkalk	Juraformation
27	d2e191861Meyers-1905	Ärztekammern	Ministeriums
28	d2e193068Meyers-1905	Asch [3]	Großen
29	d2e195994Meyers-1905	Asiatisches Departement	russischen Ministeriums
30	d2e223359Meyers-1905	Aufnahme, topographische	Landesaufnahme
31	d2e225407Meyers-1905	Auge [1]	Wirbeltiere
32	d2e237202Meyers-1905	Ausspruch	Vermögens
33	d2e238332Meyers-1905	Austern	Schließmuskels
34	d2e243976Meyers-1905	Avantgarde	Infanterie
35	d2e245699Meyers-1905	Avicŭla contorta-Zone	Triasformation
36	d2e257791Meyers-1905	Baeyer	Generalstabs
37	d2e275775Meyers-1905	Banken	Bank
38	d2e278877Meyers-1905	Bapaume	Prinzen
39	d2e291978Meyers-1905	Bartonische Stufe	Tertiärformation
40	d2e298889Meyers-1905	Bastĭan	königlichen Museen
41	d2e299473Meyers-1905	Basuto	Ostbetschuanen
42	d2e302629Meyers-1905	Bauakademie	Technischen
43	d2e312230Meyers-1905	Bayern	Industrie
44	d2e316269Meyers-1905	Beaugency	Großherzogs
45	d2e329959Meyers-1905	Belfort	Generals
46	d2e338301Meyers-1905	Benkendorf	eignen Kanzlei
47	d2e338727Meyers-1905	Bennigsen	Auswärtigen
48	d2e347393Meyers-1905	Bergkalk	Steinkohlenformation
49	d2e350110Meyers-1905	Beritt	Eskadron
50	d2e353372Meyers-1905	Berner Alpen	Westalpen
51	d2e353881Meyers-1905	Bernhardi	Großen
52	d2e354641Meyers-1905	Bernstein [1]	Hautflügler
53	d2e368776Meyers-1905	Beuth	Finanzministeriums
54	d2e372290Meyers-1905	Bezirk	Staatsgebietes
55	d2e389713Meyers-1905	Birch	Britischen
56	d2e397805Meyers-1905	Björlin	schwedischen Generalstabes
57	d2e403268Meyers-1905	Blättermagen	Magens
58	d2e416834Meyers-1905	Blumner	Akademie
59	d2e422434Meyers-1905	Boas [2]	Field
60	d2e435184Meyers-1905	Bojische Gneisstufe	Laurentischen
61	d2e455309Meyers-1905	Botanische Zentralstelle für die Kolonien	Auswärtigen
62	d2e455309Meyers-1905	Botanische Zentralstelle für die Kolonien	botanischen Museums
63	d2e461530Meyers-1905	Box	Pferdestalles
64	d2e467827Meyers-1905	Brandeis, Eugen	Auswärtigen
65	d2e469177Meyers-1905	Brandpilze	Gesundheitsamtes
66	d2e482829Meyers-1905	Brese-Winiary	Kriegsministeriums
67	d2e485875Meyers-1905	Brief [1]	mohammedanischen Literatur
68	d2e486847Meyers-1905	Brieger	Instituts
69	d2e490554Meyers-1905	Britisches Museum	Sammlung
70	d2e492122Meyers-1905	Bröckelschiefer	untern Buntsandsteins
71	d2e505637Meyers-1905	Brüssel	Handschriften
72	d2e505637Meyers-1905	Brüssel	gedruckten Bücher
73	d2e506455Meyers-1905	Brustflosser	Fische
74	d2e513532Meyers-1905	Buchka	Auswärtigen
75	d2e520995Meyers-1905	Bulgarien	Komitees
76	d2e522497Meyers-1905	Bülow [2]	Großen
77	d2e538613Meyers-1905	Bytschkow	Akademie
78	d2e538613Meyers-1905	Bytschkow	russischen Generalstabs
79	d2e545181Meyers-1905	Calceŏlaschiefer	Devonischen
80	d2e547816Meyers-1905	Callovien	mittlern Juraformation
81	d2e561135Meyers-1905	Caradocsandstein	Silurischen
82	d2e563745Meyers-1905	Carinātae	Vögel
83	d2e584745Meyers-1905	Centrospermae	dikotylen Pflanzen
84	d2e590290Meyers-1905	Chabarowsk	Reichsbank
85	d2e607278Meyers-1905	Chenopodĭazeen	Zentrospermen
86	d2e618362Meyers-1905	Chirotheriumsandstein	Buntsandsteins
87	d2e625519Meyers-1905	Choripetalen	natürlichen Pflanzensystems
88	d2e628055Meyers-1905	Christiansand	Norwegischen
89	d2e641053Meyers-1905	Cistiflōren	Dikotyledonen
90	d2e650821Meyers-1905	Clymenĭenkalk	Devonischen
91	d2e654919Meyers-1905	Cohausen	preußischen Armee
92	d2e656465Meyers-1905	Coler	Kriegsministeriums
93	d2e674724Meyers-1905	Corallien	obern Juraformation
94	d2e675289Meyers-1905	Corda, August Karl Joseph	vaterländischen Museums
95	d2e677087Meyers-1905	Cornbrash	Juraformation
96	d2e678677Meyers-1905	Coronātenschichten	Juraformation
97	d2e680589Meyers-1905	Cortēz, Fernando	Spanier
98	d2e685577Meyers-1905	Courcel	politischen Angelegenheiten
99	d2e705473Meyers-1905	Cyklanthazeen	Spadicifloren
100	d2e706482Meyers-1905	Cyperazeen	Glumifloren
101	d2e717475Meyers-1905	Damerow	Kultusministeriums
102	d2e717511Meyers-1905	Dames	Museums
103	d2e728037Meyers-1905	Dante Alighieri	Gedichts
104	d2e734278Meyers-1905	Daschkow	kaiserlichen Akademie
105	d2e747498Meyers-1905	Dehn	königlichen Bibliothek
106	d2e748801Meyers-1905	Deistersandstein	Wealdenformation
107	d2e750730Meyers-1905	Dekurĭo	Einwohner
108	d2e753359Meyers-1905	Delitzsch [2]	Königlichen
109	d2e764460Meyers-1905	Derwisch	Rifa
110	d2e778575Meyers-1905	Deutsch-französischer Krieg von 1870/71	Großen
111	d2e779165Meyers-1905	Deutschland	Verkehrstruppen
112	d2e793438Meyers-1905	Dicerātenkalke	Juraformation
113	d2e794756Meyers-1905	Diclīnus	Linnéschen
114	d2e796567Meyers-1905	Dieffenbach	Charitékrankenhauses
115	d2e802836Meyers-1905	Dikotyledonen	bedecktsamigen Blütenpflanzen
116	d2e802836Meyers-1905	Dikotyledonen	Pflanzenreiches
117	d2e809163Meyers-1905	Diospyrīnen	Sympetalen
118	d2e809512Meyers-1905	Diözēse	Präfektur
119	d2e823562Meyers-1905	Dogger	Juraformation
120	d2e825605Meyers-1905	Dolgorukij	kaiserlichen Eignen
121	d2e835039Meyers-1905	Doppeltier	Saugwürmer
122	d2e846185Meyers-1905	Draper	Universität
123	d2e851171Meyers-1905	Drenteln	Geheimen
124	d2e852289Meyers-1905	Drewjanen	Polaben
125	d2e853966Meyers-1905	Drömling	in Sachsen
126	d2e868966Meyers-1905	Du Moulin-Eckart	Technischen
127	d2e888150Meyers-1905	Eckhel	antiken Münzen
128	d2e888327Meyers-1905	Eckstein	pädagogischen Seminars
129	d2e891487Meyers-1905	Edhem Pascha	kaiserlichen Hauses
130	d2e893408Meyers-1905	Effekten	Börse
131	d2e915226Meyers-1905	Eisenbahn	französischen Eisenbahnregiments
132	d2e915887Meyers-1905	Eisenbahnamt	englischen Handelsamtes
133	d2e919079Meyers-1905	Eisenbahnrettungssignale	Personenzüge
134	d2e950477Meyers-1905	Elsaß-Lothringen	Reichskanzleramtes
135	d2e950477Meyers-1905	Elsaß-Lothringen	Innern
136	d2e950477Meyers-1905	Elsaß-Lothringen	Großen
137	d2e962909Meyers-1905	Engelbrecht	herzoglichen Krankenhauses
138	d2e963897Meyers-1905	England	Coal
139	d2e969914Meyers-1905	Enkrīnuskalk	obern Muschelkalks
140	d2e970715Meyers-1905	Enomotīe	Spartaner
141	d2e974126Meyers-1905	Entomisschiefer	obern Devonischen
142	d2e975752Meyers-1905	Entwickelungsgeschichte	Tierreichs
143	d2e975752Meyers-1905	Entwickelungsgeschichte	Tierreichs
144	d2e977563Meyers-1905	Eocän	Tertiärformation
145	d2e978231Meyers-1905	Eparchie	Nomarchie
146	d2e978648Meyers-1905	Ephebe	homöomeren Pyrenolichenen
147	d2e997136Meyers-1905	Ericīnen	Sympetalen
148	d2e999489Meyers-1905	Erman	königlichen Museen
149	d2e1004838Meyers-1905	Erysĭphe	Perisporiazeen
150	d2e1012651Meyers-1905	Essenwein	Sammlung
151	d2e1016647Meyers-1905	Etappe	Armeehauptquartiers
152	d2e1020243Meyers-1905	Eucopepŏda	Ruderfüßer
153	d2e1024099Meyers-1905	Eurōpa	mitteleuropäischen Gebirgsbogens
154	d2e1034929Meyers-1905	Expert	neuen Sozialen
155	d2e1042217Meyers-1905	Fabrik- und Handelszeichen	Patentamts
156	d2e1053979Meyers-1905	Falter	Schmetterlinge
157	d2e1060760Meyers-1905	Farne [1]	Gefäßkryptogamen
158	d2e1068653Meyers-1905	Faxekalk	obern Kreideformation
159	d2e1088105Meyers-1905	Ferrēro	militärgeographischen Instituts
160	d2e1095538Meyers-1905	Fettmagen	Magens
161	d2e1101058Meyers-1905	Feuerwerker	Generalstabs
162	d2e1108427Meyers-1905	Filicīnen	Filices
163	d2e1114294Meyers-1905	Finsch	holländischen Reichsmuseums
164	d2e1118441Meyers-1905	Fischerei	kaiserlichen Gesellschaft
165	d2e1119395Meyers-1905	Fischersandwurm	Röhrenwürmer
166	d2e1122232Meyers-1905	Fitzroy [2]	Handelsministeriums
167	d2e1130181Meyers-1905	Flechten [1]	Thallophyten
168	d2e1157013Meyers-1905	Forstverwaltung	Bezirksregierungen
169	d2e1193450Meyers-1905	Friedrich [1]	Relieffrieses
170	d2e1198655Meyers-1905	Fritsch	Museums
171	d2e1198655Meyers-1905	Fritsch	Physiologischen
172	d2e1208442Meyers-1905	Fukoidensandstein	Kambrischen
173	d2e1212747Meyers-1905	Fürbringer	Krankenhauses
174	d2e1217940Meyers-1905	Futschou	chinesischen Flotte
175	d2e1249827Meyers-1905	Gastrolichĕnes	Flechten
176	d2e1251158Meyers-1905	Gau	staatsrechtlichen Einheit
177	d2e1251971Meyers-1905	Gault	untern Kreideformation
178	d2e1255707Meyers-1905	Gebinde	Strähne
179	d2e1265757Meyers-1905	Gehirn	Wirbeltiere
180	d2e1281178Meyers-1905	Generalarzt	Kriegsministeriums
181	d2e1281720Meyers-1905	Generalintendant	Kriegsministeriums
182	d2e1282394Meyers-1905	Generalstab	Generalsekretariats
183	d2e1282890Meyers-1905	Generationswechsel	höhern Pflanzen
184	d2e1282890Meyers-1905	Generationswechsel	Farne
185	d2e1285911Meyers-1905	Gens [1]	Kurien
186	d2e1289185Meyers-1905	Geologische Karten	geschichteten Materials
187	d2e1290204Meyers-1905	Georg [2]	französischen Flotte
188	d2e1293907Meyers-1905	Gerber [2]	Fabrik
189	d2e1297432Meyers-1905	Germanen	Volkes
190	d2e1304127Meyers-1905	Geschlechtskrankheiten	Gesellschaft
191	d2e1319644Meyers-1905	Gewerbekammern	Gewerbe
192	d2e1327627Meyers-1905	Giffen	Handelsamtes
193	d2e1334350Meyers-1905	Gipskeuper	Keupers
194	d2e1338762Meyers-1905	Glaisher	dortigen Observatoriums
195	d2e1339821Meyers-1905	Glarner Alpen	Westalpen
196	d2e1340016Meyers-1905	Glas	Hafens
197	d2e1348279Meyers-1905	Gliederfüßer	durch Kiemen
198	d2e1348843Meyers-1905	Gliedertiere	wirbellosen Tiere
199	d2e1353656Meyers-1905	Glümer	Generalstabes
200	d2e1353702Meyers-1905	Glumifloren	Monokotylen
201	d2e1356694Meyers-1905	Gnetazeen	Gymnospermen
202	d2e1367728Meyers-1905	Goltz [1]	Großen
203	d2e1375388Meyers-1905	Goethe [1]	Weimarer
204	d2e1390041Meyers-1905	Graphideen	Diskolichenen
205	d2e1390582Meyers-1905	Graphische Statik	Polytechnikums
206	d2e1404348Meyers-1905	Griechenland [2]	Kriegsministeriums
207	d2e1409997Meyers-1905	Gritzner	Kaiser
208	d2e1410352Meyers-1905	Grobkalk	Tertiärformation
209	d2e1420237Meyers-1905	Grot	Privatkanzlei
210	d2e1427846Meyers-1905	Grünwedel	Museums
211	d2e1427846Meyers-1905	Grünwedel	archäologischen Gesellschaft
212	d2e1441012Meyers-1905	Günther [2]	Britischen
213	d2e1444881Meyers-1905	Gutenberg-Museum	Museums
214	d2e1449695Meyers-1905	Gymnospérmen	Phanerogamen
215	d2e1461264Meyers-1905	Hahn [4]	Regierung
216	d2e1474793Meyers-1905	Hamburg [1]	Senats
217	d2e1475994Meyers-1905	Hamerik	Peabody
218	d2e1479034Meyers-1905	Hämosporidĭen	Sporozoen
219	d2e1479416Meyers-1905	Hamster	kaiserlichen Gesundheitsamtes
220	d2e1482353Meyers-1905	Handelskammern	Landgerichte
221	d2e1491616Meyers-1905	Hanssen	Generalzoll
222	d2e1500387Meyers-1905	Hartig [1]	Staatsrats
223	d2e1500534Meyers-1905	Hartl	geodätischen Gruppe
224	d2e1509028Meyers-1905	Hauptmuschelkalk	Triasformation
225	d2e1510566Meyers-1905	Häuser	Himmels
226	d2e1530063Meyers-1905	Heim [1]	Innern
227	d2e1541790Meyers-1905	Helvella	Diskomyzeten
228	d2e1541876Meyers-1905	Helvetĭer	Bojer
229	d2e1560166Meyers-1905	Herzog [2]	königlichen Regierung
230	d2e1577796Meyers-1905	Hindersin	Generalstabs
231	d2e1585556Meyers-1905	Historisches Institut	Ecole
232	d2e1585585Meyers-1905	Historische Vereine	Künstlervereins
233	d2e1594415Meyers-1905	Hofmann	königlichen Hof
234	d2e1603490Meyers-1905	Hollen	Admiralität
235	d2e1603690Meyers-1905	Höllenmaschinen	Fasses
236	d2e1603944Meyers-1905	Hollmann	kaiserlichen Admiralität
237	d2e1630618Meyers-1905	Hufeland	Ministeriums
238	d2e1639874Meyers-1905	Hundred	Gaues
239	d2e1643133Meyers-1905	Hurōnen	Irokesen
240	d2e1643195Meyers-1905	Hurōnische Formation	archäischen Formationsgruppe
241	d2e1647990Meyers-1905	Hydnazeen	Hautpilze
242	d2e1648361Meyers-1905	Hydrangēen	Saxifragazeen
243	d2e1649895Meyers-1905	Hydrographie	Reichsmarineamts
244	d2e1650313Meyers-1905	Hydromedūsen	Cölenteraten
245	d2e1662408Meyers-1905	Ideler	Charité
246	d2e1670168Meyers-1905	Imâmiten	Schiiten
247	d2e1687619Meyers-1905	Ingenieurkomitee	technischen Militärkomitees
248	d2e1694222Meyers-1905	Insectivŏra	Handflügler
249	d2e1699091Meyers-1905	Intendantūr	War
250	d2e1706193Meyers-1905	Ionische Inseln	englischen Flotte
251	d2e1708319Meyers-1905	Iridazeen	Liliifloren
252	d2e1710327Meyers-1905	Irmer	Deutschen
253	d2e1710327Meyers-1905	Irmer	Auswärtigen
254	d2e1716893Meyers-1905	Isoëtazeen	Lykopodinen
255	d2e1719006Meyers-1905	Isotypīe	chemischen Systems
256	d2e1719435Meyers-1905	Issue-Department	Bank
257	d2e1728874Meyers-1905	Jachmann	Kriegsministeriums
258	d2e1742034Meyers-1905	Jäschke	Reichsmarineamts
259	d2e1743897Meyers-1905	Java	malaiischen Rasse
260	d2e1743897Meyers-1905	Java	Volkes
261	d2e1759798Meyers-1905	Jolly	Juliushospitals
262	d2e1761153Meyers-1905	Jordan [2]	Reichsministeriums
263	d2e1771506Meyers-1905	Jungermannĭinen	Lebermoose
264	d2e1772694Meyers-1905	Jüngken	königlichen Charité
265	d2e1774348Meyers-1905	Jura [4]	Juraformation
266	d2e1774531Meyers-1905	Jura, deutscher	Juraformation
267	d2e1778970Meyers-1905	Jusufzai	Afghanen
268	d2e1783678Meyers-1905	Käferschnecken	Weichtiere
269	d2e1801350Meyers-1905	Kaltenborn-Stachau	Grof
270	d2e1803011Meyers-1905	Kambrische Formation	kambrischen Formation
271	d2e1807481Meyers-1905	Kampanulinen	Dikotyledonen
272	d2e1813434Meyers-1905	Kaninchen	kaiserlichen Gesundheitsamtes
273	d2e1817883Meyers-1905	Kanzelle	Windlade
274	d2e1836442Meyers-1905	Karpfen [1]	mit Bauchflossen
275	d2e1837525Meyers-1905	Karruformation	Dyas
276	d2e1840066Meyers-1905	Kartograph	preußischen Landesaufnahme
277	d2e1843843Meyers-1905	Kaspisches Meer	Sees
278	d2e1856140Meyers-1905	Kaumagen	Vorderdarmes
279	d2e1856258Meyers-1905	Kaup	Fische
280	d2e1858112Meyers-1905	Kaven	Eisenbahndirektion
281	d2e1861016Meyers-1905	Kehlflosser	Fische
282	d2e1863887Meyers-1905	Kekule von Stradonitz	antiken Skulpturen
283	d2e1868475Meyers-1905	Kenyon	Britischen
284	d2e1876565Meyers-1905	Keuper	Triasformation
285	d2e1879038Meyers-1905	Kiderlen-Wächter	Auswärtigen
286	d2e1881673Meyers-1905	Kiepert	Auswärtigen
287	d2e1887962Meyers-1905	Kinemátik	darstellenden Geometrie
288	d2e1889636Meyers-1905	Kinsbergen	Flotte
289	d2e1918280Meyers-1905	Kner	Hofnaturalienkabinetts
290	d2e1920815Meyers-1905	Knochenfische	Fische
291	d2e1922682Meyers-1905	Knorpelfische	Fische
292	d2e1927273Meyers-1905	Koblenzschichten	Devonischen
293	d2e1931762Meyers-1905	Kohlenkalk	Steinkohlenformation
294	d2e1934034Meyers-1905	Köhler [3]	Auswärtigen
295	d2e1934798Meyers-1905	Kohorte	Infanteriekontingents
296	d2e1936221Meyers-1905	Kokowzew	Departements
297	d2e1936256Meyers-1905	Koks	Teers
298	d2e1942756Meyers-1905	Kolonialabteilung des Auswärtigen Amtes	Auswärtigen
299	d2e1942756Meyers-1905	Kolonialabteilung des Auswärtigen Amtes	Auswärtigen
300	d2e1942773Meyers-1905	Kolonialamt	Auswärtigen
301	d2e1943076Meyers-1905	Kolonialrat	Auswärtigen
302	d2e1943076Meyers-1905	Kolonialrat	Auswärtigen
303	d2e1943093Meyers-1905	Kolonialrecht	Auswärtigen
304	d2e1951266Meyers-1905	Kompanīe	Fußtruppen
305	d2e1951666Meyers-1905	Kompaß	Reichsmarineamts
306	d2e1958531Meyers-1905	Koniferen	Gymnospermen
307	d2e1971251Meyers-1905	Kontorten	Sympetalen
308	d2e1980090Meyers-1905	Korallpolypen	Cölenteraten
309	d2e1983928Meyers-1905	Körnerfresser	Kegelschnäbler
310	d2e1985871Meyers-1905	Körpermaße	zweiten Hauptgruppe
311	d2e1986090Meyers-1905	Korporāl	Kompanie
312	d2e1990691Meyers-1905	Kossel	Physiologischen
313	d2e1993583Meyers-1905	Kotzebue	russischen Senats
314	d2e1997705Meyers-1905	Kramenzelkalk	Devonischen
315	d2e1997768Meyers-1905	Krämer	Polytechnikums
316	d2e2000805Meyers-1905	Krankheit	preußischen Kriegsministeriums
317	d2e2003836Meyers-1905	Kraus	Rudolf
318	d2e2003955Meyers-1905	Krause	Großen
319	d2e2021907Meyers-1905	Krinītenkalk	Triasformation
320	d2e2032715Meyers-1905	Kryptogamen	Pflanzenreiches
321	d2e2040275Meyers-1905	Kulm [1]	Steinkohlenformation
322	d2e2041649Meyers-1905	Kultusministerium	Staatsministeriums
323	d2e2048077Meyers-1905	Kupferalter	jüngern Steinzeit
324	d2e2049827Meyers-1905	Kupferschiefer	Dyasformation
325	d2e2049964Meyers-1905	Kupferschmiedeschule	städtischen Handwerker
326	d2e2054644Meyers-1905	Kuropátkin	Generals
327	d2e2057764Meyers-1905	Kusserow	auswärtigen Ministeriums
328	d2e2058047Meyers-1905	Küstenartillerie	Fußartillerie
329	d2e2064992Meyers-1905	Labĭatifloren	Kompositen
330	d2e2065370Meyers-1905	Labmagen	Magens
331	d2e2065699Meyers-1905	Laboulbenĭen	Pyrenomyceten
332	d2e2067817Meyers-1905	Lachse	mit Bauchflossen
333	d2e2093951Meyers-1905	Lang	Britischen
334	d2e2111003Meyers-1905	Lauer [2]	Kriegsministeriums
335	d2e2113052Meyers-1905	Laurentische Formation	archäischen Formationsgruppe
336	d2e2123112Meyers-1905	Lebermoose	Moose
337	d2e2130517Meyers-1905	Leguminōsen	Calycifloren
338	d2e2136827Meyers-1905	Leidesdorf	allgemeinen Wiener
339	d2e2149305Meyers-1905	Lepsĭus	königlichen Museen
340	d2e2152065Meyers-1905	Lesley	Vereinigten
341	d2e2153600Meyers-1905	Lette	Regierung
342	d2e2162469Meyers-1905	Lias	Juraformation
343	d2e2172451Meyers-1905	Lilĭazeen	Liliifloren
344	d2e2175852Meyers-1905	Lindau [2]	Auswärtigen
345	d2e2178329Meyers-1905	Linienkommissionen	preußischen Großen
346	d2e2181299Meyers-1905	Lippe [2]	naturwissenschaftlichen Vereins
347	d2e2187454Meyers-1905	Little Rock	Arkansas
348	d2e2189572Meyers-1905	Liwâ	Wilajets
349	d2e2192746Meyers-1905	Lochos	Mora
350	d2e2194014Meyers-1905	Lóczy	Nationalmuseums
351	d2e2215452Meyers-1905	Lucac	Handelsministeriums
352	d2e2237465Meyers-1905	Lykopodĭnen	Gefäßkryptogamen
353	d2e2247566Meyers-1905	Madden	Britischen
354	d2e2248915Meyers-1905	Madras [3]	Asiatischen
355	d2e2255226Meyers-1905	Magnesian limestone	englischen Zechsteins
356	d2e2265027Meyers-1905	Mainzer Stufe	Tertiärformation
357	d2e2266761Meyers-1905	Májkow	russischen Geographischen
358	d2e2268802Meyers-1905	Makrēlen	Stachelflosser
359	d2e2276674Meyers-1905	Malm	Juraformation
360	d2e2295015Meyers-1905	Marasmĭus	Hymenomyceten
361	d2e2323526Meyers-1905	Massangāno	Distrikts
362	d2e2338221Meyers-1905	Maximiliansorden für Kunst und Wissenschaft	Wissenschaft
363	d2e2346161Meyers-1905	Medizinalwesen	Kultusministeriums
364	d2e2346161Meyers-1905	Medizinalwesen	Ministeriums
365	d2e2346804Meyers-1905	Medusen	Cölenteraten
366	d2e2348249Meyers-1905	Meeresfauna	Tierreichs
367	d2e2352010Meyers-1905	Mehlmotte	kaiserlichen Gesundheitsamtes
368	d2e2371687Meyers-1905	Merostomăta	Tierreichs
369	d2e2379698Meyers-1905	Metallzeit	Prähistorie
370	d2e2382930Meyers-1905	Meteorsteine	Steinmeteoriten
371	d2e2402350Meyers-1905	Militäreisenbahnwesen	Großen
372	d2e2402350Meyers-1905	Militäreisenbahnwesen	Großen
373	d2e2403661Meyers-1905	Militärkabinett	preußischen Kriegsministeriums
374	d2e2406005Meyers-1905	Militärverwaltung	allgemeinen Kriegsdepartements
375	d2e2406005Meyers-1905	Militärverwaltung	Armeeverwaltungsdepartements
376	d2e2409868Meyers-1905	Mimikry	Rüßler
377	d2e2416358Meyers-1905	Miocän	Tertiärformation
378	d2e2423754Meyers-1905	Mitteleuropäischer Wirtschaftsverein	Vereins
379	d2e2435808Meyers-1905	Möllendorf,	Armee
380	d2e2436407Meyers-1905	Molluskoiden	Tierreichs
381	d2e2438830Meyers-1905	Monascus purpurĕus	Askomyzeten
382	d2e2443922Meyers-1905	Monoclĭnus	Linnéschen
383	d2e2444570Meyers-1905	Monokotyledōnen	Pflanzenreichs
384	d2e2455496Meyers-1905	Moose	Pflanzenreichs
385	d2e2458300Meyers-1905	Morchella	Askomyzeten
386	d2e2460514Meyers-1905	Morgenstĭerne	Museums
387	d2e2469058Meyers-1905	Motorwagen	Verkehrstruppen
388	d2e2477410Meyers-1905	Müller [2]	Nationalmuseums
389	d2e2479807Meyers-1905	Mumm von Schwarzenstein	Auswärtigen
390	d2e2489337Meyers-1905	Muschelkalk	Triasformation
391	d2e2490008Meyers-1905	Muschelsandstein	Muschelkalks
392	d2e2496593Meyers-1905	Mutterkorn	Askomyzeten
393	d2e2498796Meyers-1905	Mykomyzēten	Pilze
394	d2e2501045Meyers-1905	Myrtiflōren	Choripetalen
395	d2e2516077Meyers-1905	Nansen	Museums
396	d2e2517681Meyers-1905	Napier [2]	Geheimen
397	d2e2524509Meyers-1905	Nationalrat	Bundesversammlung
398	d2e2529684Meyers-1905	Nautische Abteilung des Reichsmarineamtes	Reichsmarineamtes
399	d2e2529684Meyers-1905	Nautische Abteilung des Reichsmarineamtes	Reichsmarineamtes
400	d2e2539940Meyers-1905	Neocrinidae	ausgestorbenen Haarsterne
401	d2e2540224Meyers-1905	Neokōm	Kreideformation
402	d2e2542339Meyers-1905	Nereïtenschichten	Devonformation
403	d2e2547048Meyers-1905	Netzmagen	Magens
404	d2e2559090Meyers-1905	Newton [3]	Britischen
405	d2e2571790Meyers-1905	Niemeyer	städtischen Krankenhauses
406	d2e2572011Meyers-1905	Nieren [1]	Tierreichs
407	d2e2573294Meyers-1905	Nietzsche	Werke
408	d2e2573294Meyers-1905	Nietzsche	Gesamtausgabe
409	d2e2573294Meyers-1905	Nietzsche	gesamten Schriften
410	d2e2574539Meyers-1905	Nihilisten	kaiserlichen Kanzlei
411	d2e2586495Meyers-1905	Noorden	städtischen Krankenhauses
412	d2e2588768Meyers-1905	Norddeutsches Tiefland	Diluviums
413	d2e2615502Meyers-1905	Oberpräsident	Innern
414	d2e2623482Meyers-1905	Odelsthing	norwegischen Storthings
415	d2e2638200Meyers-1905	Oligocän	Tertiärformation
416	d2e2643123Meyers-1905	Omont	Nationalbibliothek
417	d2e2646083Meyers-1905	Oŏsporeen	Thallophyten
418	d2e2653805Meyers-1905	Orchideen	Basitonae
419	d2e2660298Meyers-1905	Orléans [2]	Großherzogs
420	d2e2664511Meyers-1905	Orth	Deutschen
421	d2e2664784Meyers-1905	Orthoceraskalk	devonischen Formation
422	d2e2668458Meyers-1905	O'Shaughnessy	Britischen
423	d2e2672525Meyers-1905	Österreich [2]	Generalstabs
424	d2e2685708Meyers-1905	Owen [2]	Britischen
425	d2e2685991Meyers-1905	Owikokoreró	Schutztruppe
426	d2e2689344Meyers-1905	Ozeanische Altertümer	Museums
427	d2e2698100Meyers-1905	Palaeostrăca	Gliederfüßer
428	d2e2709910Meyers-1905	Pansen	Magens
429	d2e2725523Meyers-1905	Parietāles	Dikotyledonen
430	d2e2727679Meyers-1905	Parität	Kirche
431	d2e2736657Meyers-1905	Passiflorīnen	Dikotyledonen
432	d2e2745986Meyers-1905	Pawlow	Instituts
433	d2e2750938Meyers-1905	Peilrohr	Schiffe
434	d2e2754963Meyers-1905	Peloton	Bataillons
435	d2e2760544Meyers-1905	Pentekostýs	Lochos
436	d2e2764492Meyers-1905	Perger	holländischen Tonkünstlervereins
437	d2e2767211Meyers-1905	Peritricha	Infusorien
438	d2e2774251Meyers-1905	Personāten	Sympetalen
439	d2e2774945Meyers-1905	Perth [1]	Zitadelle
440	d2e2778970Meyers-1905	Peter [1]	eignen Kanzlei
441	d2e2785071Meyers-1905	Peucker	Kriegsministeriums
442	d2e2789734Meyers-1905	Pfeiffer	Instituts
443	d2e2790520Meyers-1905	Pfeilzüngler	Vorderkiemer
444	d2e2816294Meyers-1905	Photographieschulen	Staatsgewerbeschule
445	d2e2825116Meyers-1905	Piëgan	Blackfeet
446	d2e2849499Meyers-1905	Plehwe	Reichsamts
447	d2e2849999Meyers-1905	Plener	Finanzlandesdirektion
448	d2e2851171Meyers-1905	Pleurocarpae	Laubmoose
449	d2e2851897Meyers-1905	Pliocän	Tertiärformation
450	d2e2859693Meyers-1905	Polaben	Slawen
451	d2e2862168Meyers-1905	Polen [3]	russischen Reichsrats
452	d2e2863433Meyers-1905	Polierschulen	preußischen Baugewerkschulen
453	d2e2865522Meyers-1905	Pollen	Ophrydeen
454	d2e2870922Meyers-1905	Polypetălus	Dikotyledonen
455	d2e2886744Meyers-1905	Portulakazeen	Zentrospermen
456	d2e2888383Meyers-1905	Posidonĭenschiefer	Juraformation
457	d2e2889261Meyers-1905	Post [3]	Handelsministeriums
458	d2e2896634Meyers-1905	Poussin	sieben Sakramente
459	d2e2908496Meyers-1905	Pretzsch	großen Militärwaisenhauses
460	d2e2908714Meyers-1905	Preußen [3]	Ministeriums
461	d2e2908714Meyers-1905	Preußen [3]	Finanzministeriums
462	d2e2908714Meyers-1905	Preußen [3]	Kultusministeriums
463	d2e2911470Meyers-1905	Preußisch-deutscher Krieg	Großen
464	d2e2921064Meyers-1905	Produktives Kohlengebirge	Steinkohlenformation
465	d2e2929667Meyers-1905	Protococcus	Grünalgen
466	d2e2930085Meyers-1905	Protokonchen	Muscheln
467	d2e2934935Meyers-1905	Psalter	Magens
468	d2e2936717Meyers-1905	Psilonotenschichten	untern Lias
469	d2e2946856Meyers-1905	Purbeckschichten	Wealdenformation
470	d2e2958639Meyers-1905	Quartīer [2]	jeweiligen Wache
471	d2e2974860Meyers-1905	Radiāten	Tierreichs
472	d2e3001804Meyers-1905	Rechenberg	Auswärtigen
473	d2e3020238Meyers-1905	Reichsschatzamt	vormaligen Reichskanzleramtes
474	d2e3023433Meyers-1905	Reinaud	orientalischen Handschriften
475	d2e3041643Meyers-1905	Reticŭlum	Magens
476	d2e3050935Meyers-1905	Rheinische Grauwacke	Devonischen
477	d2e3053491Meyers-1905	Rhizoctonĭa	Pyrenomyzeten
478	d2e3054317Meyers-1905	Rhöadīnen	choripetalen Dikotylen
479	d2e3055441Meyers-1905	Rhomboëder	hexagonalen Kristallsystems
480	d2e3061492Meyers-1905	Riedel	Hospitals
481	d2e3061851Meyers-1905	Riegel	Bürgerhospitals
482	d2e3072125Meyers-1905	Rippenquallen	Cölenteraten
483	d2e3074212Meyers-1905	Ritterschaft	gemeinsamen Landtags
484	d2e3100137Meyers-1905	Rose [5]	Kantonhospitals
485	d2e3100137Meyers-1905	Rose [5]	Auswärtigen
486	d2e3100773Meyers-1905	Rosen [2]	Kaiserlich
487	d2e3100861Meyers-1905	Rosen [3]	Auswärtigen
488	d2e3103156Meyers-1905	Rosifloren	choripetalen Dikotyledonen
489	d2e3108560Meyers-1905	Rotbrenner	Askomyzeten
490	d2e3109585Meyers-1905	Rotes Totliegendes	Dyasformation
491	d2e3111421Meyers-1905	Rotklee-Stengelbrenner	Pyrenomyzeten
492	d2e3111675Meyers-1905	Rotliegendes	Dyasformation
493	d2e3113986Meyers-1905	Rougé	Innern
494	d2e3115647Meyers-1905	Rowno	Reichsbank
495	d2e3118253Meyers-1905	Rubiīnen	sympetalen Dikotylen
496	d2e3133678Meyers-1905	Russische Sprache	slawischen Sprachen
497	d2e3148042Meyers-1905	Sachsen-Altenburg	Kultus
498	d2e3166426Meyers-1905	Salep	Ophrydeen
499	d2e3175529Meyers-1905	Salzkeuper	Triasformation
500	d2e3184195Meyers-1905	Sandberger	Münchener
501	d2e3187260Meyers-1905	San Francisco	Universität
502	d2e3188786Meyers-1905	Sanitätsinspekteur	Kriegsministeriums
503	d2e3200256Meyers-1905	Sarátow [2]	Staats
504	d2e3215629Meyers-1905	Scanzōni von Lichtenfels	Krankenhauses
505	d2e3230846Meyers-1905	Schede	Berliner
506	d2e3230846Meyers-1905	Schede	Allgemeinen
507	d2e3245373Meyers-1905	Schiffs- und Tropenkrankheiten, Institut für, in Hamburg	Auswärtigen
508	d2e3245373Meyers-1905	Schiffs- und Tropenkrankheiten, Institut für, in Hamburg	Auswärtigen
509	d2e3247750Meyers-1905	Schilfsandstein	obern Triasformation
510	d2e3247906Meyers-1905	Schill [2]	Magdeburger
511	d2e3253503Meyers-1905	Schlag [3]	Rasse
512	d2e3257311Meyers-1905	Schleich	Kreiskrankenhauses
513	d2e3267128Meyers-1905	Schmarotzer	Entomostraken
514	d2e3267948Meyers-1905	Schmeltz	Museums
515	d2e3274621Meyers-1905	Schneegans [2]	Innern
516	d2e3298848Meyers-1905	Schußwunden	preußischen Kriegsministeriums
517	d2e3299230Meyers-1905	Schütte [2]	Kaiserlichen
518	d2e3301419Meyers-1905	Schuwālow	geheimen Kanzlei
519	d2e3303403Meyers-1905	Schwämme [1]	Cölenteraten
520	d2e3305173Meyers-1905	Schwappach	Versuchswesens
521	d2e3307314Meyers-1905	Schwarzer Jura	Juraformation
522	d2e3314223Meyers-1905	Schwefelsäure	Röstöfen
523	d2e3321388Meyers-1905	Schwerin [3]	preußischen Heeres
524	d2e3325486Meyers-1905	Schwyzer Alpen	schweizerischen Voralpen
525	d2e3327870Meyers-1905	Scribonĭus	Pompejanischen
526	d2e3327912Meyers-1905	Scrinĭum	Hofkanzlei
527	d2e3332809Meyers-1905	Seeanemonen	Korallpolypen
528	d2e3334567Meyers-1905	Seehandlung	Finanzministeriums
529	d2e3335170Meyers-1905	Seekarten	Reichsmarineamts
530	d2e3340139Meyers-1905	Seewarte	Nautischen
531	d2e3340139Meyers-1905	Seewarte	Reichsmarineamtes
532	d2e3340139Meyers-1905	Seewarte	Marineamtes
533	d2e3340278Meyers-1905	Seewenkalke	Kreideformation
534	d2e3351595Meyers-1905	Seler	Museums
535	d2e3355379Meyers-1905	Senātor	Augustahospitals
536	d2e3364967Meyers-1905	Serlo	Handelsministeriums
537	d2e3390305Meyers-1905	Silurische Formation	Tafellilien
538	d2e3390305Meyers-1905	Silurische Formation	Trilobiten
539	d2e3390305Meyers-1905	Silurische Formation	Silurformation
540	d2e3396260Meyers-1905	Sinōpe	türkischen Flotte
541	d2e3408583Meyers-1905	Slawische Sprachen	slawischen Sprachen
542	d2e3410795Meyers-1905	Smidt	Kriegsministeriums
543	d2e3413792Meyers-1905	Socin	Spitals
544	d2e3418459Meyers-1905	Solenogastren	Amphineuren
545	d2e3418654Meyers-1905	Solf	Auswärtigen
546	d2e3444262Meyers-1905	Spartăcus	Prätors
547	d2e3453919Meyers-1905	Sphenophyllum	Gefäßkryptogamen
548	d2e3460716Meyers-1905	Spirifērensandstein	Devonischen
549	d2e3466059Meyers-1905	Sporozōa	Protozoen
550	d2e3498326Meyers-1905	Steinkohlenformation	Oberkarbons
551	d2e3498326Meyers-1905	Steinkohlenformation	Oberkarbons
552	d2e3498326Meyers-1905	Steinkohlenformation	Labyrinthodonten
553	d2e3498326Meyers-1905	Steinkohlenformation	Blastoideen
554	d2e3498326Meyers-1905	Steinkohlenformation	Araukarien
555	d2e3501905Meyers-1905	Stellātae	Rubiazeen
556	d2e3514901Meyers-1905	Stiehle	Generalstabs
557	d2e3528257Meyers-1905	Strafsenat	Reichsgerichts
558	d2e3528257Meyers-1905	Strafsenat	Landes
559	d2e3542387Meyers-1905	Stübel	auswärtigen Amtes
560	d2e3547225Meyers-1905	Stuttgart	Feldartillerieregiments
561	d2e3548512Meyers-1905	Suahēli	großen Bantusprachstammes
562	d2e3549623Meyers-1905	Subkarbōn	Steinkohlenformation
563	d2e3569934Meyers-1905	Sydney	australischen Station
564	d2e3571957Meyers-1905	Sympetalen	Dikotyledonen
565	d2e3604574Meyers-1905	Tausendfüßer	Chilognathen
566	d2e3623222Meyers-1905	Tertiärformation	Oligocäns
567	d2e3631175Meyers-1905	Theater	Hauses
568	d2e3636003Meyers-1905	Thermometer	Physikalischen
569	d2e3641176Meyers-1905	Thoracĭci	Fische
570	d2e3648960Meyers-1905	Tierärztliche Hochschulen	medizinischen Fakultät
571	d2e3664173Meyers-1905	Tomsk [2]	russischen Musikalischen
572	d2e3668227Meyers-1905	Topographenkorps	Kriegsministeriums
573	d2e3674765Meyers-1905	Totliegendes	Dyasformation
574	d2e3675327Meyers-1905	Toulon	Arsenals
575	d2e3676748Meyers-1905	Township [2]	Counties
576	d2e3682604Meyers-1905	Transportschiffe	Reichsmarineamts
577	d2e3693003Meyers-1905	Tricladen	dendrocölen Strudelwürmer
578	d2e3695716Meyers-1905	Trilobíten	Paläostraken
579	d2e3706427Meyers-1905	Trüffel	Askomyzeten
580	d2e3710556Meyers-1905	Tschechische Sprache	slawischen Sprachfamilie
581	d2e3713391Meyers-1905	Tschudi	Bildwerke
582	d2e3713750Meyers-1905	Tschuwanzen	Jukagiren
583	d2e3718546Meyers-1905	Tungūsen	Kaiserlich
584	d2e3721593Meyers-1905	Türkische Sprache und Literatur	großen Uralaltaischen
585	d2e3723665Meyers-1905	Turma	römischen Reiterei
586	d2e3741504Meyers-1905	Uncinŭla	Perisporiazeen
587	d2e3742943Meyers-1905	Ungarische Sprache	großen Uralaltaischen
588	d2e3747469Meyers-1905	Unkräuter	kaiserlichen Gesundheitsamtes
589	d2e3759005Meyers-1905	Uruguay [2]	Guaraní
590	d2e3785008Meyers-1905	Verdunpreis	Großen
591	d2e3789699Meyers-1905	Verhnel	englischen Flotte
592	d2e3822830Meyers-1905	Vögel	Laufvögel
593	d2e3828399Meyers-1905	Volksschule	Provinzialregierungen
594	d2e3842208Meyers-1905	Waderner Schichten	obern Rotliegenden
595	d2e3842637Meyers-1905	Wafangara	Wasaramo
596	d2e3849756Meyers-1905	Wälderton	Wealdenformation
597	d2e3853365Meyers-1905	Wallace	Londoner
598	d2e3859061Meyers-1905	Waust	Magens
599	d2e3863902Meyers-1905	Wartensleben-Carow	Generalstabs
600	d2e3872994Meyers-1905	Waterh.	Britischen
601	d2e3875134Meyers-1905	Wealdclay	Wealdenformation
602	d2e3881432Meyers-1905	Weib	Nomadenzeltes
603	d2e3888350Meyers-1905	Weiß [2]	Kristallisationssysteme
604	d2e3897285Meyers-1905	Wendische Sprache und Literatur	slawischen Sprachen
605	d2e3900089Meyers-1905	Wernicke	Hochschule
606	d2e3901939Meyers-1905	Wesselényi	adeligen Insurrektion
607	d2e3909428Meyers-1905	Wichern	Gefängniswesens
608	d2e3916779Meyers-1905	Wilcken	königlichen Museen
609	d2e3931792Meyers-1905	Wislicēnus	Reichsmarineamts
610	d2e3932509Meyers-1905	Wissenbacher Schiefer	devonischen Formation
611	d2e3934005Meyers-1905	Wittmack	Museums
612	d2e3934945Meyers-1905	Wladīmir [2]	Reichsbank
613	d2e3970113Meyers-1905	Zechstein	Dyasformation
614	d2e3974897Meyers-1905	Zellensystem	Schiffskörpers
615	d2e3993263Meyers-1905	Zirkularpolarisation	regulären Kristallsystems
616	d2e4000419Meyers-1905	Zonoplacentalĭer	Säugetiere
617	d2e4001511Meyers-1905	Zoophāgen	Beuteltiere
618	d2e4004342Meyers-1905	Zuckerindustrie, Verein der deutschen	Rohzuckerfabriken
619	d2e4004342Meyers-1905	Zuckerindustrie, Verein der deutschen	Raffinerien
620	d2e4004342Meyers-1905	Zuckerindustrie, Verein der deutschen	Raffinerien
621	d2e4004342Meyers-1905	Zuckerindustrie, Verein der deutschen	Vereins
622	d2e4005369Meyers-1905	Zug [1]	Truppenkörper
