	EntryID	Headword	Examples
0	d2e13Meyers-1905	A [1]	A. Br
1	d2e1442Meyers-1905	Aaltierchen	Rhabdonema nigrovenosum
2	d2e1977Meyers-1905	Aasblumen	Bolbophyllum Beccarii
3	d2e4105Meyers-1905	Abbreviaturen	an = ante
4	d2e4105Meyers-1905	Abbreviaturen	dno = domino
5	d2e7102Meyers-1905	Abessinien	Galla
6	d2e7102Meyers-1905	Abessinien	Galla
7	d2e7828Meyers-1905	Abfälle	Kohlenklein
8	d2e7828Meyers-1905	Abfälle	Steinkohlenasche
9	d2e7828Meyers-1905	Abfälle	Holzasche
10	d2e7828Meyers-1905	Abfälle	schweflige Säure
11	d2e7828Meyers-1905	Abfälle	Kiesabbrände
12	d2e7828Meyers-1905	Abfälle	Kiesabbrände
13	d2e19358Meyers-1905	Acerra [1]	A. philologica
14	d2e23898Meyers-1905	Ackerkulte	Dornengott
15	d2e23898Meyers-1905	Ackerkulte	Roggenhund
16	d2e23898Meyers-1905	Ackerkulte	Roggenwolf, Bilwitz, Bilmes
17	d2e23898Meyers-1905	Ackerkulte	Binsen
18	d2e23898Meyers-1905	Ackerkulte	Bilsenschnitter, Tauschlepper
19	d2e23898Meyers-1905	Ackerkulte	Dornengott
20	d2e23898Meyers-1905	Ackerkulte	Roggenhund
21	d2e23898Meyers-1905	Ackerkulte	Roggenwolf, Bilwitz, Bilmes
22	d2e23898Meyers-1905	Ackerkulte	Binsen
23	d2e23898Meyers-1905	Ackerkulte	Bilsenschnitter, Tauschlepper
24	d2e25389Meyers-1905	Act	A. of Parliament
25	d2e29291Meyers-1905	Adelsprädikat	de Dobbeler
26	d2e33523Meyers-1905	Adonischer Vers	Pallas honores
27	d2e37907Meyers-1905	Afrika	Kongokonferenz
28	d2e37907Meyers-1905	Afrika	Abessinien
29	d2e43053Meyers-1905	Agavefaser	Indiafaser
30	d2e43053Meyers-1905	Agavefaser	Indiafaser
31	d2e43381Meyers-1905	Agent	Agents de change
32	d2e54224Meyers-1905	Akademie	Kriegsakademien
33	d2e54224Meyers-1905	Akademie	Petersburg
34	d2e54224Meyers-1905	Akademie	Petersburg
35	d2e55325Meyers-1905	Akalēphen	Pelagia
36	d2e74792Meyers-1905	Algen	Ectocarpus
37	d2e108524Meyers-1905	Amphibrăchys	perītus
38	d2e108780Meyers-1905	Amphímăcer	fecĕrant
39	d2e117001Meyers-1905	Anazýklisch	Roma tibi subito motibus ibit amor:
40	d2e128303Meyers-1905	Anĭmus	A. injuriandi
41	d2e139157Meyers-1905	Antibacchīus	saltare
42	d2e143629Meyers-1905	Antispast	perillustris
43	d2e153007Meyers-1905	a potiōri	a p. fit denominatio
44	d2e164772Meyers-1905	Arbor	A, Dianae
45	d2e168805Meyers-1905	Archīv	Italien
46	d2e168805Meyers-1905	Archīv	Italien
47	d2e201068Meyers-1905	Assam	Handel
48	d2e201068Meyers-1905	Assam	Handel
49	d2e201669Meyers-1905	Assemblee	A. nationale constituante
50	d2e202679Meyers-1905	Assŏnanz	daga, alma
51	d2e227127Meyers-1905	Augia	A. dives
52	d2e239005Meyers-1905	Australien	Penck
53	d2e239005Meyers-1905	Australien	Penck
54	d2e252479Meyers-1905	Bacchīus	amabo
55	d2e258444Meyers-1905	Bagger	Greif
56	d2e258444Meyers-1905	Bagger	Kranbagger
57	d2e258444Meyers-1905	Bagger	Greif
58	d2e258444Meyers-1905	Bagger	Kranbagger
59	d2e273283Meyers-1905	Banden	aventuriers, bandits, brigands, cantatours
60	d2e277082Meyers-1905	Bankgebäude	Bureauräumen
61	d2e277082Meyers-1905	Bankgebäude	Bureauräumen
62	d2e278568Meyers-1905	Bantu	umu-ntu
63	d2e298419Meyers-1905	Bastardpflanzen	Digitalis purpurea lutea
64	d2e312230Meyers-1905	Bayern	Rhein
65	d2e323816Meyers-1905	Begräbnisplatz	Hebräer
66	d2e323816Meyers-1905	Begräbnisplatz	Hebräer
67	d2e330304Meyers-1905	Belgĭen	Gerichtsverfassung
68	d2e330304Meyers-1905	Belgĭen	Rechtspflege
69	d2e352524Meyers-1905	Bern [1]	Berner Oberlandes
70	d2e352524Meyers-1905	Bern [1]	Berner Oberlandes
71	d2e369172Meyers-1905	Bevölkerung	Jastrow
72	d2e369172Meyers-1905	Bevölkerung	Jastrow
73	d2e385509Meyers-1905	Bill [2]	B. of exchange
74	d2e412129Meyers-1905	Blindenanstalten	Deutschland
75	d2e418964Meyers-1905	Blütenfarben	Myosotis versicolor
76	d2e418964Meyers-1905	Blütenfarben	Viola calcarata
77	d2e419288Meyers-1905	Blütenstand	Echium
78	d2e422371Meyers-1905	Board	B. of control
79	d2e426662Meyers-1905	Bodenholde Pflanzen	Anthyllis vulneraria, Astrantia major
80	d2e428017Meyers-1905	Bodmer	Bächtold
81	d2e428017Meyers-1905	Bodmer	Bächtold
82	d2e429575Meyers-1905	Bogenflügel	Klaviergambe
83	d2e429575Meyers-1905	Bogenflügel	Bogenklavier
84	d2e429575Meyers-1905	Bogenflügel	Klaviergambe
85	d2e429575Meyers-1905	Bogenflügel	Bogenklavier
86	d2e435301Meyers-1905	Bökel	Beukelsz
87	d2e435301Meyers-1905	Bökel	Willem
88	d2e435301Meyers-1905	Bökel	Beukelsz
89	d2e435301Meyers-1905	Bökel	Willem
90	d2e443544Meyers-1905	Bonum	bona acquisita
91	d2e455146Meyers-1905	Botanische Gärten	Kolb
92	d2e455146Meyers-1905	Botanische Gärten	Willkomm
93	d2e455146Meyers-1905	Botanische Gärten	Rees
94	d2e455146Meyers-1905	Botanische Gärten	Wigand
95	d2e455146Meyers-1905	Botanische Gärten	Pfitzer
96	d2e455146Meyers-1905	Botanische Gärten	Goebel
97	d2e455146Meyers-1905	Botanische Gärten	Eichler
98	d2e455146Meyers-1905	Botanische Gärten	Garcke
99	d2e455146Meyers-1905	Botanische Gärten	Urban
100	d2e455146Meyers-1905	Botanische Gärten	Urban
101	d2e463264Meyers-1905	Brachiāl	arteria brachialis
102	d2e465705Meyers-1905	Brahmanen	Fick
103	d2e465705Meyers-1905	Brahmanen	Fick
104	d2e466596Meyers-1905	Brakteāten	FRIDERICVS IMPERATO(R), B(E)RNH(A)RDVS . SVM . EGO . DNHARIVS (denarius), BVRCHARD . HELT . DVCIS BERN
105	d2e474202Meyers-1905	Braunkohle	Nordamerika
106	d2e474202Meyers-1905	Braunkohle	Vollert
107	d2e474202Meyers-1905	Braunkohle	Schneider
108	d2e474202Meyers-1905	Braunkohle	Vollert
109	d2e474202Meyers-1905	Braunkohle	Schneider
110	d2e489456Meyers-1905	Briōso	Allegro b
111	d2e501907Meyers-1905	Brüdergemeine	selbständige
112	d2e501907Meyers-1905	Brüdergemeine	selbständige
113	d2e504086Meyers-1905	Brunieren	Brünieren
114	d2e504086Meyers-1905	Brunieren	Brünieren
115	d2e504674Meyers-1905	Brunnenflora	Micrococcus ureae, Bacillus putidus
116	d2e509960Meyers-1905	Buchbinden	Kleinbetriebe
117	d2e509960Meyers-1905	Buchbinden	Kleinbetriebe
118	d2e518034Meyers-1905	Buffo	Duetto buffo, Aria buffa
119	d2e520995Meyers-1905	Bulgarien	Bergbau
120	d2e520995Meyers-1905	Bulgarien	Bergbau
121	d2e539000Meyers-1905	C [1]	circus
122	d2e539000Meyers-1905	C [1]	C/73
123	d2e545765Meyers-1905	Calciumsulfurēte	Kalkschwefelleber
124	d2e545765Meyers-1905	Calciumsulfurēte	Kalkschwefelleber
125	d2e551030Meyers-1905	Camĕra	C. imperialis
126	d2e555097Meyers-1905	Cand.	Cand. phil. (philologiae
127	d2e558988Meyers-1905	Capĭta	C. papaveris
128	d2e563011Meyers-1905	Carême [1]	Le Petit C
129	d2e566420Meyers-1905	Carole	Christmas carols
130	d2e567629Meyers-1905	Carrāra [2]	karrarischen Marmors
131	d2e567629Meyers-1905	Carrāra [2]	karrarischen Marmors
132	d2e575271Meyers-1905	Castrum	Castera Vetera
133	d2e578002Meyers-1905	Causa	c. appellabilis
134	d2e578002Meyers-1905	Causa	c. efficiens
135	d2e581305Meyers-1905	Cédille	ca, lecon, reçu
136	d2e591023Meyers-1905	Chagrin [2]	Chagrinpapier
137	d2e591023Meyers-1905	Chagrin [2]	Chagrinleinwand
138	d2e591023Meyers-1905	Chagrin [2]	Chagrinpapier
139	d2e591023Meyers-1905	Chagrin [2]	Chagrinleinwand
140	d2e599910Meyers-1905	Charta [1]	C. Augusta
141	d2e604663Meyers-1905	Chemīe	Kekule, Frankland, Berthelot, Hofmann, Wurtz, Buttlerow, Williamson, Wislicenus
142	d2e604663Meyers-1905	Chemīe	Kekule, Frankland, Berthelot, Hofmann, Wurtz, Buttlerow, Williamson, Wislicenus
143	d2e606431Meyers-1905	Chemische Zeichen	Al
144	d2e608509Meyers-1905	Cherubīni	Picchianti
145	d2e608509Meyers-1905	Cherubīni	Picchianti
146	d2e615818Meyers-1905	Chinesische Sprache und Literatur	ai, iü, iua, iuei
147	d2e615818Meyers-1905	Chinesische Sprache und Literatur	tschī
148	d2e625325Meyers-1905	Chorĭambus	impatiens
149	d2e627424Meyers-1905	Christian [1]	Ernst
150	d2e638063Meyers-1905	Cinchōna	Berg
151	d2e638063Meyers-1905	Cinchōna	Berg
152	d2e640519Meyers-1905	Cis [1]	Gallia cispadana
153	d2e653668Meyers-1905	Code	C. rural, C. de la pêche, de la chasse, C. constitutionnel
154	d2e659139Meyers-1905	Collum	c. uteri
155	d2e662370Meyers-1905	Comes	C. sacrarum largitionum
156	d2e663161Meyers-1905	Commercĭum	C. animi et corporis
157	d2e665165Meyers-1905	Con	c. abbandono
158	d2e668853Meyers-1905	Coenobĭum	Volvox
159	d2e670551Meyers-1905	Constrictor	C. am
160	d2e675499Meyers-1905	Cordĭa	Sebesten, schwarze Brustbeeren
161	d2e675499Meyers-1905	Cordĭa	Sebesten, schwarze Brustbeeren
162	d2e685342Meyers-1905	Cour	c. d'assises
163	d2e692557Meyers-1905	Crimen	C. ambitus
164	d2e695264Meyers-1905	Crowther	Samuel
165	d2e695264Meyers-1905	Crowther	Samuel
166	d2e696037Meyers-1905	Crux [1]	C. interpretum
167	d2e708280Meyers-1905	Cytĭsus	Besenginster, Besenkraut, Besen
168	d2e708280Meyers-1905	Cytĭsus	Binsenpfriemen, Pfriemenstrauch
169	d2e708280Meyers-1905	Cytĭsus	Besenginster, Besenkraut, Besen
170	d2e708280Meyers-1905	Cytĭsus	Binsenpfriemen, Pfriemenstrauch
171	d2e750730Meyers-1905	Dekurĭo	Decurio equitum
172	d2e752744Meyers-1905	Delicĭae	D. poetarum Italorum, D. poet. Gallorum, D. poet. Germanorum
173	d2e761116Meyers-1905	Depōnens	sequitur
174	d2e776302Meyers-1905	Deutscher Orden	Konrad
175	d2e776302Meyers-1905	Deutscher Orden	Thüringen
176	d2e776302Meyers-1905	Deutscher Orden	Konrad
177	d2e776302Meyers-1905	Deutscher Orden	Thüringen
178	d2e777915Meyers-1905	Deutsches Recht	Norddeutschen Bundes
179	d2e777915Meyers-1905	Deutsches Recht	Norddeutschen Bundes
180	d2e779165Meyers-1905	Deutschland	Seebädern
181	d2e779165Meyers-1905	Deutschland	Pianofortes, Konzertflügeln
182	d2e779165Meyers-1905	Deutschland	Pianinos
183	d2e779165Meyers-1905	Deutschland	Siegmund
184	d2e785730Meyers-1905	Devīsen	Suum cuique
185	d2e791078Meyers-1905	Dianthus	einfarbige
186	d2e791078Meyers-1905	Dianthus	Salamander
187	d2e791078Meyers-1905	Dianthus	Feuerfaxen
188	d2e791078Meyers-1905	Dianthus	Flameusen
189	d2e791078Meyers-1905	Dianthus	Pikotten
190	d2e791078Meyers-1905	Dianthus	Bandblumen
191	d2e791078Meyers-1905	Dianthus	Bizarden
192	d2e791078Meyers-1905	Dianthus	Konkordien
193	d2e791078Meyers-1905	Dianthus	einfarbige
194	d2e791078Meyers-1905	Dianthus	Salamander
195	d2e791078Meyers-1905	Dianthus	Feuerfaxen
196	d2e791078Meyers-1905	Dianthus	Flameusen
197	d2e791078Meyers-1905	Dianthus	Pikotten
198	d2e791078Meyers-1905	Dianthus	Bandblumen
199	d2e791078Meyers-1905	Dianthus	Bizarden
200	d2e791078Meyers-1905	Dianthus	Konkordien
201	d2e791660Meyers-1905	Diärĕsis	Haemorrhagia per diaeresin
202	d2e792029Meyers-1905	Diastŏle	Prīamides
203	d2e792455Meyers-1905	Diatōnisch	c-h, c-des, cis-d
204	d2e792455Meyers-1905	Diatōnisch	c-cis, d-des
205	d2e792455Meyers-1905	Diatōnisch	cis-des, fisis-g, a-heses
206	d2e798803Meyers-1905	Dièse	ut diese
207	d2e824543Meyers-1905	Doktor	D. angelicus
208	d2e834228Meyers-1905	Doppelkreuz	f
209	d2e836866Meyers-1905	Dorische Tonart	h
210	d2e865601Meyers-1905	Duftstoffe	Chroolepus hercynicus
211	d2e882534Meyers-1905	Eau	E. de menthe poivrée
212	d2e882534Meyers-1905	Eau	E. de lavande
213	d2e908201Meyers-1905	Einhufer	Phenacodus
214	d2e938810Meyers-1905	Elektrisches Licht	Peschel
215	d2e938810Meyers-1905	Elektrisches Licht	Peschel
216	d2e945970Meyers-1905	Elfenbeinschnitzerei	Andree
217	d2e945970Meyers-1905	Elfenbeinschnitzerei	Heges
218	d2e945970Meyers-1905	Elfenbeinschnitzerei	Wyatt
219	d2e963897Meyers-1905	England	Erica
220	d2e968085Meyers-1905	Englische Sprache	estriver = strive, strove, striven
221	d2e968085Meyers-1905	Englische Sprache	mountain
222	d2e968085Meyers-1905	Englische Sprache	freedom
223	d2e969282Meyers-1905	Enharmōnisch	f
224	d2e981367Meyers-1905	Epiphyten	Tillandsia bulbosa
225	d2e984596Meyers-1905	Eragróstis	E. cylindriflora
226	d2e991043Meyers-1905	Erdkunde	Gerlands
227	d2e991043Meyers-1905	Erdkunde	Gerlands
228	d2e1001611Meyers-1905	Eroïco	Sinfonia eroica
229	d2e1011256Meyers-1905	Esperanto	la patro
230	d2e1017241Meyers-1905	Ethik	Mill
231	d2e1017241Meyers-1905	Ethik	Mill
232	d2e1019631Meyers-1905	Eucalyptus	Gummiholz
233	d2e1019631Meyers-1905	Eucalyptus	Gummiholz
234	d2e1021520Meyers-1905	Eulen [1]	Waldkauz
235	d2e1021520Meyers-1905	Eulen [1]	Waldkauz
236	d2e1041551Meyers-1905	Fabrikgesetzgebung	Böhmert
237	d2e1041551Meyers-1905	Fabrikgesetzgebung	Böhmert
238	d2e1042217Meyers-1905	Fabrik- und Handelszeichen	made in Germany
239	d2e1044703Meyers-1905	Fadenschnecken	Aeolis papillosa
240	d2e1051356Meyers-1905	Fall [1]	Masse
241	d2e1051356Meyers-1905	Fall [1]	Masse
242	d2e1054242Meyers-1905	Falx	F. muralis
243	d2e1056787Meyers-1905	Faraday	Jones
244	d2e1056787Meyers-1905	Faraday	Jones
245	d2e1059096Meyers-1905	Farbpflanzen	Rote
246	d2e1059096Meyers-1905	Farbpflanzen	Rote
247	d2e1059304Meyers-1905	Farbstoffe	Erd
248	d2e1059304Meyers-1905	Farbstoffe	natürlichen Mineralfarben
249	d2e1059304Meyers-1905	Farbstoffe	Erd
250	d2e1059304Meyers-1905	Farbstoffe	natürlichen Mineralfarben
251	d2e1062789Meyers-1905	Fasch [2]	Blumner
252	d2e1062789Meyers-1905	Fasch [2]	Blumner
253	d2e1069118Meyers-1905	Faziāl	arteria facialis
254	d2e1070764Meyers-1905	Feder [1]	F'
255	d2e1103992Meyers-1905	Fichtenharz	Weißpech
256	d2e1103992Meyers-1905	Fichtenharz	Burgunderpech, gekochter Terpentin
257	d2e1103992Meyers-1905	Fichtenharz	Weißpech
258	d2e1103992Meyers-1905	Fichtenharz	Burgunderpech, gekochter Terpentin
259	d2e1104165Meyers-1905	Fichtennadelöl	Fichtennadelextrakt
260	d2e1104165Meyers-1905	Fichtennadelöl	Fichtennadelextrakt
261	d2e1112807Meyers-1905	Finnen	Juhaupoika
262	d2e1113035Meyers-1905	Finnische Sprache und Literatur	Súomi
263	d2e1115715Meyers-1905	Firmieren	per procura
264	d2e1115715Meyers-1905	Firmieren	per
265	d2e1117016Meyers-1905	Fische [2]	Rhombus
266	d2e1130181Meyers-1905	Flechten [1]	Usnea barbata
267	d2e1137129Meyers-1905	Flora [1]	F. germanica, F. orientalis, F. berolinensis
268	d2e1154546Meyers-1905	Fornix	F. Fabii
269	d2e1166763Meyers-1905	Frankfurt am Main	Kaiserplatz
270	d2e1168190Meyers-1905	Frankreich	praktischen Ausbildung
271	d2e1168190Meyers-1905	Frankreich	Fleischkonserven
272	d2e1168190Meyers-1905	Frankreich	Fleischkonserven
273	d2e1177914Meyers-1905	Französische Literatur in Belgien	Übersetzungen
274	d2e1177914Meyers-1905	Französische Literatur in Belgien	Übersetzungen
275	d2e1184473Meyers-1905	Freidenker	Deutsche Freidenkerbund
276	d2e1184473Meyers-1905	Freidenker	Deutsche Freidenkerbund
277	d2e1185550Meyers-1905	Freihafen	Österreich-Ungarn
278	d2e1185550Meyers-1905	Freihafen	Rumänien
279	d2e1185550Meyers-1905	Freihafen	Österreich-Ungarn
280	d2e1185550Meyers-1905	Freihafen	Rumänien
281	d2e1186649Meyers-1905	Freimaurerei	belgischen
282	d2e1186649Meyers-1905	Freimaurerei	belgischen
283	d2e1189446Meyers-1905	Frenŭlum	F. linguae
284	d2e1191858Meyers-1905	Friede	Friedensfreunden
285	d2e1191858Meyers-1905	Friede	Friedenskongressen
286	d2e1191858Meyers-1905	Friede	Friedensfreunden
287	d2e1191858Meyers-1905	Friede	Friedenskongressen
288	d2e1193450Meyers-1905	Friedrich [1]	Herzog
289	d2e1193450Meyers-1905	Friedrich [1]	Liegnitz, Brieg
290	d2e1193450Meyers-1905	Friedrich [1]	Wohlau
291	d2e1193450Meyers-1905	Friedrich [1]	Elisabeth
292	d2e1193450Meyers-1905	Friedrich [1]	Bayern
293	d2e1197068Meyers-1905	Friesische Sprache und Literatur	tserke
294	d2e1200376Meyers-1905	Frontālis	arteria f
295	d2e1202672Meyers-1905	Fruchtbarkeit	Aegilops
296	d2e1208581Meyers-1905	Fulbe	Mischlich
297	d2e1208581Meyers-1905	Fulbe	Lippert
298	d2e1208581Meyers-1905	Fulbe	Mischlich
299	d2e1208581Meyers-1905	Fulbe	Lippert
300	d2e1224520Meyers-1905	Galāpagos	Passiflora, Ipomoea
301	d2e1248539Meyers-1905	Gassendi	Gassendisten
302	d2e1248539Meyers-1905	Gassendi	Gassendisten
303	d2e1258150Meyers-1905	Gedächtnis	guten
304	d2e1258150Meyers-1905	Gedächtnis	guten
305	d2e1273388Meyers-1905	Gelbfieber	Europas
306	d2e1286929Meyers-1905	Gentleman	gentlemen-at-arms
307	d2e1288255Meyers-1905	Geographische Gesellschaften	Dänemark
308	d2e1288255Meyers-1905	Geographische Gesellschaften	Schweden
309	d2e1288255Meyers-1905	Geographische Gesellschaften	Norwegen
310	d2e1288255Meyers-1905	Geographische Gesellschaften	Rumänien
311	d2e1288255Meyers-1905	Geographische Gesellschaften	Spanien
312	d2e1288255Meyers-1905	Geographische Gesellschaften	Portugal
313	d2e1288255Meyers-1905	Geographische Gesellschaften	Australien
314	d2e1288255Meyers-1905	Geographische Gesellschaften	Australien
315	d2e1288454Meyers-1905	Geographische Kongresse	Geographentage
316	d2e1288454Meyers-1905	Geographische Kongresse	Geographentage
317	d2e1302005Meyers-1905	Gesang	Gesangsschulen
318	d2e1302005Meyers-1905	Gesang	Gesangsschulen
319	d2e1305573Meyers-1905	Geschütz	gleichzeitig für Feldgebrauch und zu Belagerungszwecken
320	d2e1305573Meyers-1905	Geschütz	gleichzeitig für Feldgebrauch und zu Belagerungszwecken
321	d2e1331167Meyers-1905	Gilde	Groß
322	d2e1331167Meyers-1905	Gilde	Groß
323	d2e1333889Meyers-1905	Gips	Alabaster
324	d2e1338943Meyers-1905	Glandŭla	G. inguinalis
325	d2e1340016Meyers-1905	Glas	Läuterung
326	d2e1342185Meyers-1905	Glaskunstindustrie	Frankreich
327	d2e1342185Meyers-1905	Glaskunstindustrie	Frankreich
328	d2e1363998Meyers-1905	Goldlegierungen	Federgold
329	d2e1363998Meyers-1905	Goldlegierungen	Federgold
330	d2e1365437Meyers-1905	Goldschmiedekunst	Seidel
331	d2e1365437Meyers-1905	Goldschmiedekunst	Seidel
332	d2e1366214Meyers-1905	Gold- und Silbergespinste und -Gewebe	Silbergewebe
333	d2e1366214Meyers-1905	Gold- und Silbergespinste und -Gewebe	Silbergewebe
334	d2e1376542Meyers-1905	Gotische Sprache	ains
335	d2e1376542Meyers-1905	Gotische Sprache	airþa
336	d2e1381507Meyers-1905	Gräber, vorgeschichtliche	Steingräber
337	d2e1381507Meyers-1905	Gräber, vorgeschichtliche	Steingräber
338	d2e1390743Meyers-1905	Graphīt	dient
339	d2e1390743Meyers-1905	Graphīt	dient
340	d2e1391381Meyers-1905	Gräser	Agropyrum
341	d2e1391381Meyers-1905	Gräser	Cynodon
342	d2e1391381Meyers-1905	Gräser	Phleum
343	d2e1391381Meyers-1905	Gräser	Agrostis
344	d2e1391381Meyers-1905	Gräser	Stipa inebrians
345	d2e1404348Meyers-1905	Griechenland [2]	Nationalcharakter
346	d2e1407584Meyers-1905	Griesinger	Jakob
347	d2e1407584Meyers-1905	Griesinger	Jacobus Allemannus
348	d2e1407584Meyers-1905	Griesinger	Jakob von Ulm
349	d2e1411220Meyers-1905	Grönland	Drygalski
350	d2e1411220Meyers-1905	Grönland	Drygalski
351	d2e1411811Meyers-1905	Gros [3]	G. de Berlin, G. de Naples, G. de Tours, G. d'Orléans, G. grain
352	d2e1446828Meyers-1905	Gutta [1]	G. rosacea
353	d2e1452237Meyers-1905	Haare der Pflanzen	Cajophora
354	d2e1453312Meyers-1905	Haarsterne [2]	Rhizocrinus lofotensis
355	d2e1469749Meyers-1905	Halle [1]	Porticus Concordiae, Apollinis, Quirini, Herculis, theatri, circi
356	d2e1469749Meyers-1905	Halle [1]	Porticus Pompeja, Livia, Octavia
357	d2e1469749Meyers-1905	Halle [1]	Porticus Argonautarum
358	d2e1469749Meyers-1905	Halle [1]	Porticus argentaria
359	d2e1474365Meyers-1905	Hämatoparasiten	Filaria sanguinis hominis
360	d2e1482798Meyers-1905	Handelskrisen	Börsenkrisis
361	d2e1482798Meyers-1905	Handelskrisen	Börsenkrisis
362	d2e1487910Meyers-1905	Hanf [1]	Kernwerg
363	d2e1487910Meyers-1905	Hanf [1]	Kernwerg
364	d2e1494099Meyers-1905	Harfe [2]	c cis d dis e
365	d2e1494099Meyers-1905	Harfe [2]	h d f as
366	d2e1495777Meyers-1905	Harmonĭum	amerikanische Orgeln
367	d2e1495777Meyers-1905	Harmonĭum	amerikanische Orgeln
368	d2e1503879Meyers-1905	Haselstrauch	Dicknüsse
369	d2e1503879Meyers-1905	Haselstrauch	Dicknüsse
370	d2e1512367Meyers-1905	Haus Seefahrt	Kohl
371	d2e1512367Meyers-1905	Haus Seefahrt	Kohl
372	d2e1523996Meyers-1905	Hefe	Oidium lactis
373	d2e1528588Meyers-1905	Heilige Pflanzen	Ordal
374	d2e1528588Meyers-1905	Heilige Pflanzen	Gottesgerichtsbäume
375	d2e1528588Meyers-1905	Heilige Pflanzen	Ordal
376	d2e1528588Meyers-1905	Heilige Pflanzen	Gottesgerichtsbäume
377	d2e1536568Meyers-1905	Helēne [2]	Suchier
378	d2e1536568Meyers-1905	Helēne [2]	Suchier
379	d2e1546424Meyers-1905	Hepar	H. sulfuris alcalinum
380	d2e1563905Meyers-1905	Heteroklĭton	vas, vasis
381	d2e1564376Meyers-1905	Heterözīe	Puccinia graminis
382	d2e1571118Meyers-1905	Hiëroglyphen	hrw
383	d2e1582639Meyers-1905	Hirsch [2]	Moritz, Baron von
384	d2e1585585Meyers-1905	Historische Vereine	Rheinlanden
385	d2e1585585Meyers-1905	Historische Vereine	Brandenburg
386	d2e1585585Meyers-1905	Historische Vereine	Pommern
387	d2e1585585Meyers-1905	Historische Vereine	Brandenburg
388	d2e1585585Meyers-1905	Historische Vereine	Pommern
389	d2e1599681Meyers-1905	Höhlenflora	Micrococcus (Leucocystis) cellaris
390	d2e1599681Meyers-1905	Höhlenflora	Frustulia saxonica
391	d2e1599681Meyers-1905	Höhlenflora	Adiantum capillus Veneris, Scolopendrium vulgare, Hymenophyllum tunbridgense
392	d2e1599681Meyers-1905	Höhlenflora	Delesscria hypoglossum, Bornetia secundiflora
393	d2e1616234Meyers-1905	Hopfen [1]	Hopfenkrankheiten
394	d2e1624744Meyers-1905	Hŏtel	H. des Invalides
395	d2e1633244Meyers-1905	Huhn	Krüper, Kriecher
396	d2e1633244Meyers-1905	Huhn	Dachshühner
397	d2e1633244Meyers-1905	Huhn	Krüper, Kriecher
398	d2e1633244Meyers-1905	Huhn	Dachshühner
399	d2e1634412Meyers-1905	Hühnervögel	Laufhühner
400	d2e1634412Meyers-1905	Hühnervögel	Großfußhühner
401	d2e1634412Meyers-1905	Hühnervögel	Steißhühner
402	d2e1634412Meyers-1905	Hühnervögel	Steißhühner
403	d2e1658042Meyers-1905	I	I.C.D.
404	d2e1666221Meyers-1905	Il	Il Diritto
405	d2e1674961Meyers-1905	Improvisation	Filelfo
406	d2e1674961Meyers-1905	Improvisation	Sasso, Cristoforo
407	d2e1674961Meyers-1905	Improvisation	Carosi
408	d2e1674961Meyers-1905	Improvisation	Brandano
409	d2e1674961Meyers-1905	Improvisation	Filelfo
410	d2e1674961Meyers-1905	Improvisation	Sasso, Cristoforo
411	d2e1674961Meyers-1905	Improvisation	Carosi
412	d2e1674961Meyers-1905	Improvisation	Brandano
413	d2e1676296Meyers-1905	In casu	in casum contraventionis
414	d2e1680946Meyers-1905	Indischer Ozean	Seehäfen
415	d2e1680946Meyers-1905	Indischer Ozean	Seehäfen
416	d2e1693416Meyers-1905	Inquisition	Einmauern
417	d2e1693416Meyers-1905	Inquisition	Einmauern
418	d2e1696441Meyers-1905	Inspektion [1]	inspectio legalis
419	d2e1698163Meyers-1905	Intarsĭa	Bode
420	d2e1698163Meyers-1905	Intarsĭa	Bode
421	d2e1700381Meyers-1905	Interlaken	Beatenberg
422	d2e1700381Meyers-1905	Interlaken	Beatenberg
423	d2e1701812Meyers-1905	Intervall [2]	fis
424	d2e1708640Meyers-1905	Iris [1]	I. Susiana
425	d2e1710417Meyers-1905	Irnerĭus	Fitting
426	d2e1710417Meyers-1905	Irnerĭus	Fitting
427	d2e1714843Meyers-1905	Islâm	Wâssil Ibn
428	d2e1714843Meyers-1905	Islâm	Hassan Bassrî
429	d2e1714843Meyers-1905	Islâm	Wâssil Ibn
430	d2e1714843Meyers-1905	Islâm	Hassan Bassrî
431	d2e1728255Meyers-1905	J, j	Mejico
432	d2e1728255Meyers-1905	J, j	collegj
433	d2e1728255Meyers-1905	J, j	I.C.
434	d2e1728728Meyers-1905	Jacaranda	J. procera
435	d2e1740548Meyers-1905	Japanische Sprache und Literatur	sto
436	d2e1743080Meyers-1905	Jātropha	schwarze Brechnuß, großer Purgiernußbaum
437	d2e1743080Meyers-1905	Jātropha	schwarze Brechnuß, großer Purgiernußbaum
438	d2e1744297Meyers-1905	Javanais	javeudavi
439	d2e1774831Meyers-1905	Juraformation	Terebratula numismalis
440	d2e1787990Meyers-1905	Kaiserkultus	Virtus, Clementia, Justitia, Pietas Augusta
441	d2e1790118Meyers-1905	Kakteen	Rhipsalis sarmentacea
442	d2e1790118Meyers-1905	Kakteen	Echinocactus Williamsii (Anhalonium Williamsii
443	d2e1792528Meyers-1905	Kalem	Dîwân kalemi
444	d2e1797988Meyers-1905	Kalkpflanzen	Hippocrepis comosa, Stachys recta, Teucrium Chamaedrys, T. montanum, Bupleurum falcatum, B. rotundifolium, Carlina acaulis, Adonis aestivalis
445	d2e1800326Meyers-1905	Kalorimēter	Messung
446	d2e1800326Meyers-1905	Kalorimēter	Verbrennungswärme
447	d2e1800326Meyers-1905	Kalorimēter	Messung
448	d2e1800326Meyers-1905	Kalorimēter	Verbrennungswärme
449	d2e1800878Meyers-1905	Kälteerzeugungsmaschinen	Kühlanlagen für Fleisch und andre Nahrungsmittel
450	d2e1800878Meyers-1905	Kälteerzeugungsmaschinen	Luftkühlung
451	d2e1800878Meyers-1905	Kälteerzeugungsmaschinen	Kühlanlagen für Fleisch und andre Nahrungsmittel
452	d2e1800878Meyers-1905	Kälteerzeugungsmaschinen	Luftkühlung
453	d2e1804321Meyers-1905	Kamerun	Klima
454	d2e1817142Meyers-1905	Kantillen	Bouillon
455	d2e1817142Meyers-1905	Kantillen	Bouillon
456	d2e1834572Meyers-1905	Kärnten	Industrie
457	d2e1834572Meyers-1905	Kärnten	Industrie
458	d2e1841702Meyers-1905	Kaschieren	kaschiert
459	d2e1841702Meyers-1905	Kaschieren	kaschiert
460	d2e1845895Meyers-1905	Kaste	Fick
461	d2e1845895Meyers-1905	Kaste	Nesfield
462	d2e1845895Meyers-1905	Kaste	Hopkins
463	d2e1845895Meyers-1905	Kaste	Fick
464	d2e1845895Meyers-1905	Kaste	Nesfield
465	d2e1845895Meyers-1905	Kaste	Hopkins
466	d2e1914554Meyers-1905	Kloster [1]	Klosterbrüder
467	d2e1914554Meyers-1905	Kloster [1]	Klosterbrüder
468	d2e1929362Meyers-1905	Kodex	Codex argenteus
469	d2e1929362Meyers-1905	Kodex	C. diplomaticus Saxoniae, Silesiae
470	d2e1929362Meyers-1905	Kodex	C. Theodosianus, C. Justinianus
471	d2e1953485Meyers-1905	Kompott	Beisatz
472	d2e1953485Meyers-1905	Kompott	Beisatz
473	d2e1958531Meyers-1905	Koniferen	Pinus, Larix
474	d2e1958531Meyers-1905	Koniferen	Walchia
475	d2e1958531Meyers-1905	Koniferen	Araucarioxylon
476	d2e1982294Meyers-1905	Korinth	Gerster
477	d2e1982294Meyers-1905	Korinth	Gerster
478	d2e1990322Meyers-1905	Kosmopolitische Pflanzen	Stellaria media, Urtica urens, Chenopodium album, Solanum nigrum, Oxalis corniculata, Poa annua
479	d2e2025895Meyers-1905	Krokodile [1]	Belodon
480	d2e2033261Meyers-1905	Kschatria	Fick
481	d2e2033261Meyers-1905	Kschatria	Fick
482	d2e2041056Meyers-1905	Kulturpflanzen	Bonavia
483	d2e2041056Meyers-1905	Kulturpflanzen	Braun
484	d2e2041056Meyers-1905	Kulturpflanzen	Buschan
485	d2e2041056Meyers-1905	Kulturpflanzen	Bonavia
486	d2e2041056Meyers-1905	Kulturpflanzen	Braun
487	d2e2041056Meyers-1905	Kulturpflanzen	Buschan
488	d2e2044342Meyers-1905	Kunstakademien	Müller
489	d2e2044342Meyers-1905	Kunstakademien	Müller
490	d2e2093004Meyers-1905	Landwirtschaftliche Vereine	Schweiz
491	d2e2093004Meyers-1905	Landwirtschaftliche Vereine	Schweiz
492	d2e2106381Meyers-1905	Lateinische Sprache	Cicero, nuntius, caecus, fero
493	d2e2129711Meyers-1905	Legis actiones	manumissio, emancipatio, adoptio
494	d2e2138538Meyers-1905	Leinöl	Leinmehl
495	d2e2138538Meyers-1905	Leinöl	Leinmehl
496	d2e2156026Meyers-1905	Leuchtpilze	A. olearius
497	d2e2160805Meyers-1905	Lex	l. Hortensia, l. Aelia Sentia, l. Pompeja
498	d2e2160805Meyers-1905	Lex	l. Cincia de donationibus et muneribus, l. Julia majestatis
499	d2e2171049Meyers-1905	Ligamenta	l. capsularia
500	d2e2172451Meyers-1905	Lilĭazeen	Colchicum
501	d2e2177835Meyers-1905	Linguālis	arteria l
502	d2e2193928Meyers-1905	Locus	l. classicus, l. palmarius
503	d2e2218143Meyers-1905	Ludwig [1]	Evans
504	d2e2218143Meyers-1905	Ludwig [1]	Evans
505	d2e2254096Meyers-1905	Magister	M. admissionum
506	d2e2258477Meyers-1905	Magnifĭcat	Bardenhewer
507	d2e2258477Meyers-1905	Magnifĭcat	Bardenhewer
508	d2e2258753Meyers-1905	Magnus [1]	Carolus M
509	d2e2264154Meyers-1905	Maine [3]	Handel
510	d2e2264154Meyers-1905	Maine [3]	Handel
511	d2e2272901Meyers-1905	Malerei	Kaulbach
512	d2e2272901Meyers-1905	Malerei	Kaulbach
513	d2e2279023Meyers-1905	Malvazeen	Althaea officinalis
514	d2e2282620Meyers-1905	Mandelbaum	Mandelmilch
515	d2e2282620Meyers-1905	Mandelbaum	Mandelmilch
516	d2e2283217Meyers-1905	Mandeville	Cordier
517	d2e2283217Meyers-1905	Mandeville	Cordier
518	d2e2283774Meyers-1905	Mandschurei	sind
519	d2e2283774Meyers-1905	Mandschurei	sind
520	d2e2304282Meyers-1905	Marinebildungsanstalten	Frankreich
521	d2e2304282Meyers-1905	Marinebildungsanstalten	Frankreich
522	d2e2316519Meyers-1905	Martiālis	Aquae martiales
523	d2e2320736Meyers-1905	Maschinenpflug	Boysen
524	d2e2320736Meyers-1905	Maschinenpflug	Boysen
525	d2e2325090Meyers-1905	Mäßigkeits- und Abstinenzbestrebungen	Alkoholgegnerbund
526	d2e2325090Meyers-1905	Mäßigkeits- und Abstinenzbestrebungen	Alkoholgegnerbund
527	d2e2328609Meyers-1905	Materialprüfung	Einheitlichkeit des Prüfungsverfahrens
528	d2e2328609Meyers-1905	Materialprüfung	Verband für die Materialprüfungen
529	d2e2328609Meyers-1905	Materialprüfung	Technik
530	d2e2328609Meyers-1905	Materialprüfung	Einheitlichkeit des Prüfungsverfahrens
531	d2e2328609Meyers-1905	Materialprüfung	Verband für die Materialprüfungen
532	d2e2328609Meyers-1905	Materialprüfung	Technik
533	d2e2335213Meyers-1905	Maupertuis [2]	Wolf
534	d2e2335213Meyers-1905	Maupertuis [2]	Wolf
535	d2e2348121Meyers-1905	Meereichel	Chelonobia
536	d2e2348121Meyers-1905	Meereichel	Coronula
537	d2e2348626Meyers-1905	Meeresflora	Ornithocercus splendens
538	d2e2348626Meyers-1905	Meeresflora	Stephanopyxis turris
539	d2e2348626Meyers-1905	Meeresflora	Trichodesmium erythraeum
540	d2e2365017Meyers-1905	Mensch	Primatoiden
541	d2e2370569Meyers-1905	Merkur [1]	Mercurius communis
542	d2e2370569Meyers-1905	Merkur [1]	M. dulcis
543	d2e2378647Meyers-1905	Metallfärbung	Messing
544	d2e2378647Meyers-1905	Metallfärbung	Messing
545	d2e2386263Meyers-1905	Metronŏm	M. M
546	d2e2391205Meyers-1905	Mezzo [1]	mezzoforte (mf
547	d2e2400529Meyers-1905	Milchsäuren	Laktid
548	d2e2400529Meyers-1905	Milchsäuren	Laktid
549	d2e2410191Meyers-1905	Mimŭlus	M. cupreus calycanthemus
550	d2e2419750Meyers-1905	Mißbrauch	Dienstgewalt
551	d2e2419750Meyers-1905	Mißbrauch	Dienstgewalt
552	d2e2421395Meyers-1905	Mistress	Mrs
553	d2e2421395Meyers-1905	Mistress	Mrs
554	d2e2424550Meyers-1905	Mittelmeerflora	Ceratonia Siliqua, Ostrya carpinifolia, Nerium Oleander, Chamaerops humilis, Myrtus communis, Laurus nobilis
555	d2e2424550Meyers-1905	Mittelmeerflora	Laurus canariensis
556	d2e2430003Meyers-1905	Modus	M. lydius
557	d2e2432415Meyers-1905	Moiré	M. antique
558	d2e2434588Meyers-1905	Moles	M. Hadriani
559	d2e2436752Meyers-1905	Molossus	mirari
560	d2e2444262Meyers-1905	Monogramm	Bene Valete
561	d2e2446538Meyers-1905	Monster	M.-meeting
562	d2e2454060Meyers-1905	Moor [1]	Weber
563	d2e2454060Meyers-1905	Moor [1]	Weber
564	d2e2457880Meyers-1905	Morazeen	F. elastica
565	d2e2489493Meyers-1905	Muscheln	Caprina
566	d2e2501438Meyers-1905	Mysterĭen [1]	Bona Dea
567	d2e2539462Meyers-1905	Nemophĭla	N. maculata
568	d2e2543910Meyers-1905	Nervenkrankheiten	Baelz, Binswanger
569	d2e2543910Meyers-1905	Nervenkrankheiten	Baelz, Binswanger
570	d2e2552519Meyers-1905	Neumen	Gnomo, Epiphonus, Cephalicus, Oriscus. Ancus, Tramea, Sinuosa, Strophicus, Bivirgis, Trivirgis, Distropha, Semivocalis
571	d2e2555054Meyers-1905	Neuß	Schmitz
572	d2e2555054Meyers-1905	Neuß	Clemen
573	d2e2555054Meyers-1905	Neuß	Schmitz
574	d2e2555054Meyers-1905	Neuß	Clemen
575	d2e2565196Meyers-1905	Niederlande	Kriege
576	d2e2565196Meyers-1905	Niederlande	Kriege
577	d2e2576306Meyers-1905	Nil [2]	Lampe
578	d2e2576306Meyers-1905	Nil [2]	Said Ruete
579	d2e2576306Meyers-1905	Nil [2]	Lampe
580	d2e2576306Meyers-1905	Nil [2]	Said Ruete
581	d2e2585030Meyers-1905	Nomination	Nominatio regia
582	d2e2585078Meyers-1905	Nomĭne	curatorio n
583	d2e2591606Meyers-1905	Nordpolarexpeditionen	Bessels
584	d2e2591606Meyers-1905	Nordpolarexpeditionen	Bessels
585	d2e2592673Meyers-1905	Nordsternorden	Schwarze Band
586	d2e2592673Meyers-1905	Nordsternorden	Schwarze Band
587	d2e2627281Meyers-1905	Officĭum	O. sanctum
588	d2e2627302Meyers-1905	Officĭum divīnum	O. nocturnum, festivum, defunctorum, beatae Mariae virginis
589	d2e2628034Meyers-1905	Offizinell	Althaea officinalis
590	d2e2653805Meyers-1905	Orchideen	Huntleya violacea
591	d2e2653805Meyers-1905	Orchideen	Cattleya labiata, C. Trianae, Odontoglossum grande, Coelogyne cristata
592	d2e2662318Meyers-1905	Orobanche	O. speciosa
593	d2e2674872Meyers-1905	Österreichisch-Ungarische Monarchie	Reichseinteilung
594	d2e2674872Meyers-1905	Österreichisch-Ungarische Monarchie	Militärterritorialkommando
595	d2e2674872Meyers-1905	Österreichisch-Ungarische Monarchie	Reichseinteilung
596	d2e2674872Meyers-1905	Österreichisch-Ungarische Monarchie	Militärterritorialkommando
597	d2e2692365Meyers-1905	Pacta	P. conventa
598	d2e2699014Meyers-1905	Paláta	kazennaja
599	d2e2700895Meyers-1905	Palindrōm	Otto tenet mappam, madidam mappam tenet Otto
600	d2e2706992Meyers-1905	Panazee	Panacea antimonialis
601	d2e2718389Meyers-1905	Papyrusrollen	Erman und Krebs
602	d2e2718389Meyers-1905	Papyrusrollen	Erman und Krebs
603	d2e2730442Meyers-1905	Paronyma	eques, equus
604	d2e2758562Meyers-1905	Pennisētum	P. alopecuroides
605	d2e2790879Meyers-1905	Pferde [2]	Haarfarbe
606	d2e2790879Meyers-1905	Pferde [2]	Haarfarbe
607	d2e2793557Meyers-1905	Pfister [2]	Hessel
608	d2e2793557Meyers-1905	Pfister [2]	Hessel
609	d2e2797146Meyers-1905	Pflanzenzelle	Bacterium Termo
610	d2e2801463Meyers-1905	Phänologie	Pflanzenphänologie
611	d2e2808308Meyers-1905	Philodēmos	: »De rhetorica
612	d2e2812917Meyers-1905	Phosphoreszénz	Micrococcus phosphoreus
613	d2e2822442Meyers-1905	Piassāba	Chiquechique, Monkey-Gras, Paragras
614	d2e2840569Meyers-1905	Placenta	P. seminis lini
615	d2e2845513Meyers-1905	Platform	Cambridge P
616	d2e2858653Meyers-1905	Point	p. à l'aiguille
617	d2e2860119Meyers-1905	Polarfauna	Sagitta hamata
618	d2e2869807Meyers-1905	Polygŏnŭm	(Natter
619	d2e2869807Meyers-1905	Polygŏnŭm	Drachen
620	d2e2869807Meyers-1905	Polygŏnŭm	Krebswurz, Blutkraut, Wiesenknöterich)
621	d2e2869807Meyers-1905	Polygŏnŭm	Natterwurzel
622	d2e2869807Meyers-1905	Polygŏnŭm	(Natter
623	d2e2869807Meyers-1905	Polygŏnŭm	Drachen
624	d2e2869807Meyers-1905	Polygŏnŭm	Krebswurz, Blutkraut, Wiesenknöterich)
625	d2e2869807Meyers-1905	Polygŏnŭm	Natterwurzel
626	d2e2871163Meyers-1905	Polypŏrus	echter Feuerschwamm, Zunderschwamm, Buchenpilz, Buchenschwamm)
627	d2e2871163Meyers-1905	Polypŏrus	(Wundschwamm)
628	d2e2871163Meyers-1905	Polypŏrus	echter Feuerschwamm, Zunderschwamm, Buchenpilz, Buchenschwamm)
629	d2e2871163Meyers-1905	Polypŏrus	(Wundschwamm)
630	d2e2875574Meyers-1905	Pons [1]	P. Aeni
631	d2e2889261Meyers-1905	Post [3]	Staatsrelaisdienst
632	d2e2908714Meyers-1905	Preußen [3]	musikalischen Instrumenten
633	d2e2908714Meyers-1905	Preußen [3]	Wollmärkte
634	d2e2913563Meyers-1905	Prima	parte
635	d2e2919967Meyers-1905	Proceleusmatĭcus	celeriter
636	d2e2932540Meyers-1905	Provīsor	P. imperii
637	d2e2938211Meyers-1905	Psychotrĭa	echte Brechwurz, Brechveilchen
638	d2e2938211Meyers-1905	Psychotrĭa	echte Brechwurz, Brechveilchen
639	d2e2942767Meyers-1905	Pulmonălis	arteria p
640	d2e2950036Meyers-1905	Putz	Rauhputz
641	d2e2950036Meyers-1905	Putz	(Rapputz, Berapp)
642	d2e2950036Meyers-1905	Putz	Spritzbewurf
643	d2e2950036Meyers-1905	Putz	Besenputz, Stipputz
644	d2e2950036Meyers-1905	Putz	glatten
645	d2e2950036Meyers-1905	Putz	Rauhputz
646	d2e2950036Meyers-1905	Putz	(Rapputz, Berapp)
647	d2e2950036Meyers-1905	Putz	Spritzbewurf
648	d2e2950036Meyers-1905	Putz	Besenputz, Stipputz
649	d2e2950036Meyers-1905	Putz	glatten
650	d2e2957628Meyers-1905	Quantz	erin
651	d2e2957628Meyers-1905	Quantz	erin
652	d2e2958639Meyers-1905	Quartīer [2]	Q. latin
653	d2e2967876Meyers-1905	Quintsextakkord	Hdfg
654	d2e2969419Meyers-1905	R	RP
655	d2e2969419Meyers-1905	R	RPD
656	d2e2974358Meyers-1905	Rädertierchen	Conochilus volvox
657	d2e2982540Meyers-1905	Ramië	(Grasleinen, Grascloth)
658	d2e2982540Meyers-1905	Ramië	(Grasleinen, Grascloth)
659	d2e2985321Meyers-1905	Ranke [1]	Blattranken
660	d2e2985321Meyers-1905	Ranke [1]	Blattranken
661	d2e2988068Meyers-1905	Raptus	R. melancholicus
662	d2e2990136Meyers-1905	Rasūra	R. ligni Quassiae, R. Cornu cervi etc
663	d2e2991091Meyers-1905	Ratĭo	R. sufficiens
664	d2e2992911Meyers-1905	Raubtiere	Amphicyon
665	d2e2992911Meyers-1905	Raubtiere	Amphicyon,
666	d2e2994956Meyers-1905	Raugrafen	Lehmann
667	d2e2994956Meyers-1905	Raugrafen	Lehmann
668	d2e2998621Meyers-1905	Reader	R. in law
669	d2e3000363Meyers-1905	Reambulierung	Reambulatio metarum
670	d2e3013028Meyers-1905	Regierung	(Staatsregierung)
671	d2e3013028Meyers-1905	Regierung	(Regierungsbeamte)
672	d2e3013028Meyers-1905	Regierung	(Staatsregierung)
673	d2e3013028Meyers-1905	Regierung	(Regierungsbeamte)
674	d2e3048011Meyers-1905	Rezépt	fiant pilulae
675	d2e3050037Meyers-1905	Rhein [1]	Rheinbrücken
676	d2e3050037Meyers-1905	Rhein [1]	Rheinhäfen
677	d2e3055530Meyers-1905	Rhön	Schwarze Berg
678	d2e3055530Meyers-1905	Rhön	Schwarze Berg
679	d2e3055880Meyers-1905	Rhopālisch	Rem tibi confeci, doctissime, dulcisonoram
680	d2e3066960Meyers-1905	Rind	Gayal
681	d2e3066960Meyers-1905	Rind	Gayal
682	d2e3068745Meyers-1905	Ringelkrebse	Gampsonyx fimbriatus
683	d2e3088803Meyers-1905	Rom [4]	Monti
684	d2e3088803Meyers-1905	Rom [4]	Trevi
685	d2e3088803Meyers-1905	Rom [4]	Colonna
686	d2e3088803Meyers-1905	Rom [4]	Campo Marzio
687	d2e3088803Meyers-1905	Rom [4]	Ponte
688	d2e3088803Meyers-1905	Rom [4]	Parione
689	d2e3088803Meyers-1905	Rom [4]	Regola
690	d2e3088803Meyers-1905	Rom [4]	Sant'Eustachio
691	d2e3088803Meyers-1905	Rom [4]	Pigna
692	d2e3088803Meyers-1905	Rom [4]	Campitelli
693	d2e3088803Meyers-1905	Rom [4]	Palazzi Barberini
694	d2e3091069Meyers-1905	Romanische Verskunst	mio
695	d2e3091069Meyers-1905	Romanische Verskunst	pianta, nuovo, laude
696	d2e3091069Meyers-1905	Romanische Verskunst	crëato, söave, laüdabil
697	d2e3091069Meyers-1905	Romanische Verskunst	grazioso
698	d2e3091069Meyers-1905	Romanische Verskunst	aura, aëreo. aürora
699	d2e3091069Meyers-1905	Romanische Verskunst	Le riveei colli di fioretti adorna
700	d2e3091069Meyers-1905	Romanische Verskunst	Venendo qui [è] affannata tanto
701	d2e3092901Meyers-1905	Römische Literatur	Cornelius Nepos
702	d2e3092901Meyers-1905	Römische Literatur	Cornelius Nepos
703	d2e3094173Meyers-1905	Römisches Reich	Volkstribunat
704	d2e3094173Meyers-1905	Römisches Reich	Volkstribunat
705	d2e3110786Meyers-1905	Rotholz	Brasilienholz, Bahama
706	d2e3110786Meyers-1905	Rotholz	Brasilietteholz, Kaliforniaholz, Jamaika
707	d2e3110786Meyers-1905	Rotholz	Bahia
708	d2e3110786Meyers-1905	Rotholz	Allerheiligenholz, Lima
709	d2e3110786Meyers-1905	Rotholz	Nicaragua
710	d2e3110786Meyers-1905	Rotholz	Costarica
711	d2e3110786Meyers-1905	Rotholz	Brasilienholz, Bahama
712	d2e3110786Meyers-1905	Rotholz	Brasilietteholz, Kaliforniaholz, Jamaika
713	d2e3110786Meyers-1905	Rotholz	Bahia
714	d2e3110786Meyers-1905	Rotholz	Allerheiligenholz, Lima
715	d2e3110786Meyers-1905	Rotholz	Nicaragua
716	d2e3110786Meyers-1905	Rotholz	Costarica
717	d2e3118689Meyers-1905	Rubus	gemeine Kratzbeere
718	d2e3118689Meyers-1905	Rubus	gemeine Kratzbeere
719	d2e3119345Meyers-1905	Rückenmark	motorischen
720	d2e3119345Meyers-1905	Rückenmark	sensibeln
721	d2e3119345Meyers-1905	Rückenmark	motorischen
722	d2e3119345Meyers-1905	Rückenmark	sensibeln
723	d2e3123625Meyers-1905	Ruffīni	Lorenzo Benoni
724	d2e3123625Meyers-1905	Ruffīni	Lorenzo Benoni
725	d2e3130847Meyers-1905	Ruscus	Mäusedorn, Stachelmyrte
726	d2e3130847Meyers-1905	Ruscus	Mäusedorn, Stachelmyrte
727	d2e3137745Meyers-1905	Rüstung	geringelte Haubert mit Ringelkapuze oder ganze Brünne
728	d2e3137745Meyers-1905	Rüstung	geringelte Haubert mit Ringelkapuze oder ganze Brünne
729	d2e3146790Meyers-1905	Sachsen [4]	Braunkohlen
730	d2e3190592Meyers-1905	Sankt Gotthard [1]	Como
731	d2e3190592Meyers-1905	Sankt Gotthard [1]	Como
732	d2e3195004Meyers-1905	Santa Catharīna	Hettner
733	d2e3195004Meyers-1905	Santa Catharīna	Leyser
734	d2e3195004Meyers-1905	Santa Catharīna	Hettner
735	d2e3195004Meyers-1905	Santa Catharīna	Leyser
736	d2e3199476Meyers-1905	Saproleguĭazeen	Achlya prolifera
737	d2e3216681Meyers-1905	Schabab	Nigella sativa, Achillea ptarmica, Euphrasis officinalis
738	d2e3230039Meyers-1905	Schauspielkunst	Brachvogel
739	d2e3230039Meyers-1905	Schauspielkunst	Bennecke
740	d2e3230039Meyers-1905	Schauspielkunst	Glaser
741	d2e3230039Meyers-1905	Schauspielkunst	Bennecke
742	d2e3230039Meyers-1905	Schauspielkunst	Glaser
743	d2e3267354Meyers-1905	Schmarotzerpflanzen	Empusa
744	d2e3268942Meyers-1905	Schmetterlinge	Vanessa levana
745	d2e3268942Meyers-1905	Schmetterlinge	Plusia gamma, Vanessa cardui
746	d2e3282940Meyers-1905	Schoenocaulon	Läusekörner
747	d2e3282940Meyers-1905	Schoenocaulon	Läusekörner
748	d2e3285662Meyers-1905	Schottland	Primula scotica, Oxytropis Halleri
749	d2e3303403Meyers-1905	Schwämme [1]	Ascetta, Axinella
750	d2e3303403Meyers-1905	Schwämme [1]	Hyalonema
751	d2e3308630Meyers-1905	Schwarzwald	Bewohner
752	d2e3308630Meyers-1905	Schwarzwald	Bewohner
753	d2e3318279Meyers-1905	Schweiz	Verfassung
754	d2e3318279Meyers-1905	Schweiz	Verfassung
755	d2e3328305Meyers-1905	Scudo	Schildtaler
756	d2e3328305Meyers-1905	Scudo	Schildtaler
757	d2e3334384Meyers-1905	Seegurken	Pelagothuria natatrix
758	d2e3334845Meyers-1905	Seeigel	Schizaster
759	d2e3338423Meyers-1905	Seescheiden	Clavellina
760	d2e3360920Meyers-1905	Septum	S. narium
761	d2e3362074Meyers-1905	Serbĭen	Kriege
762	d2e3362074Meyers-1905	Serbĭen	Infanteriedivisionen ersten Aufgebots
763	d2e3362074Meyers-1905	Serbĭen	Ersatzdivision
764	d2e3362074Meyers-1905	Serbĭen	Infanteriedivisionen zweiten Aufgebots
765	d2e3362074Meyers-1905	Serbĭen	Infanteriedivisionen dritten Aufgebots
766	d2e3362074Meyers-1905	Serbĭen	Kavalleriedivision
767	d2e3362074Meyers-1905	Serbĭen	Kriege
768	d2e3362074Meyers-1905	Serbĭen	Infanteriedivisionen ersten Aufgebots
769	d2e3362074Meyers-1905	Serbĭen	Ersatzdivision
770	d2e3362074Meyers-1905	Serbĭen	Infanteriedivisionen zweiten Aufgebots
771	d2e3362074Meyers-1905	Serbĭen	Infanteriedivisionen dritten Aufgebots
772	d2e3362074Meyers-1905	Serbĭen	Kavalleriedivision
773	d2e3367867Meyers-1905	Sestérz	duo milia sestertium (sestertiorum
774	d2e3367867Meyers-1905	Sestérz	sexcenta sestertia
775	d2e3390305Meyers-1905	Silurische Formation	Astylospongia
776	d2e3391252Meyers-1905	Simarūba	Bitteresche, Jamaikabitterholz, Jamaikaquassienholz, Bitterholzbaum
777	d2e3391252Meyers-1905	Simarūba	Bitteresche, Jamaikabitterholz, Jamaikaquassienholz, Bitterholzbaum
778	d2e3397702Meyers-1905	Sire	le S. de Joinville, le S. de Coucy, le S. de Créqui
779	d2e3408389Meyers-1905	Slawen	einem
780	d2e3408389Meyers-1905	Slawen	einem
781	d2e3417195Meyers-1905	Solānum	S. aethiopicum
782	d2e3421693Meyers-1905	Somalland	Neumann
783	d2e3421693Meyers-1905	Somalland	Peel
784	d2e3421693Meyers-1905	Somalland	Neumann
785	d2e3421693Meyers-1905	Somalland	Peel
786	d2e3434043Meyers-1905	Sozialdemokratie	lien
787	d2e3445083Meyers-1905	Spatĭum	S. deliberandi
788	d2e3452190Meyers-1905	Spezĭes	sub specie
789	d2e3458352Meyers-1905	Spinnen [2]	Wattenmaschine
790	d2e3458352Meyers-1905	Spinnen [2]	Florettgarn
791	d2e3458352Meyers-1905	Spinnen [2]	Wattenmaschine
792	d2e3458352Meyers-1905	Spinnen [2]	Florettgarn
793	d2e3459158Meyers-1905	Spinnentiere	Eophrynus, Cyclophthalmus
794	d2e3504838Meyers-1905	Stephan [1]	Päpsten
795	d2e3504838Meyers-1905	Stephan [1]	Päpsten
796	d2e3551449Meyers-1905	Succus	S. entericus
797	d2e3551449Meyers-1905	Succus	S. Citri
798	d2e3557154Meyers-1905	Sukkulenten	Echeveria, Cotyledon, Bryophyllum, Umbilicus, Crassula
799	d2e3566191Meyers-1905	Sünwasserfauna	Mysis relicta
800	d2e3566269Meyers-1905	Süßwasserflora	Valisneria, Elodea, Hydrilla, Ranunculus
801	d2e3575447Meyers-1905	Syrische Sprache und Literatur	Lidzbarski
802	d2e3616593Meyers-1905	Temporāl	arteria temporalis
803	d2e3617527Meyers-1905	Tenerife	La Laguna
804	d2e3617527Meyers-1905	Tenerife	Guimar
805	d2e3617527Meyers-1905	Tenerife	La Laguna
806	d2e3617527Meyers-1905	Tenerife	Guimar
807	d2e3621967Meyers-1905	Terrain	T. houiller
808	d2e3623222Meyers-1905	Tertiärformation	Melanopsis Heldreichi
809	d2e3630120Meyers-1905	Thallus	Bryopsis, Caulerpa
810	d2e3646383Meyers-1905	Tibĭa	arteria t
811	d2e3646725Meyers-1905	Ticket	Railway-t
812	d2e3648611Meyers-1905	Tier [1]	Herzen
813	d2e3648611Meyers-1905	Tier [1]	Gefäßsystem
814	d2e3648611Meyers-1905	Tier [1]	Herzen
815	d2e3648611Meyers-1905	Tier [1]	Gefäßsystem
816	d2e3651808Meyers-1905	Tilde	señor
817	d2e3654527Meyers-1905	Tintenschnecken	Argonauta
818	d2e3654527Meyers-1905	Tintenschnecken	Clymenia
819	d2e3655845Meyers-1905	Tirol [2]	Vertrag zu Brünn
820	d2e3655845Meyers-1905	Tirol [2]	Vertrag zu Brünn
821	d2e3659108Meyers-1905	Tmēsis	septem subiecta trioni
822	d2e3672141Meyers-1905	Toscanelli dal Pozzo	Ruge
823	d2e3672141Meyers-1905	Toscanelli dal Pozzo	Vignaud
824	d2e3672141Meyers-1905	Toscanelli dal Pozzo	Ruge
825	d2e3672141Meyers-1905	Toscanelli dal Pozzo	Vignaud
826	d2e3678165Meyers-1905	Tractus	T. alimentarius
827	d2e3684379Meyers-1905	Traubenkrankheit	schwarze Brenner
828	d2e3684379Meyers-1905	Traubenkrankheit	falsche Meltau
829	d2e3684379Meyers-1905	Traubenkrankheit	Schwärze
830	d2e3684379Meyers-1905	Traubenkrankheit	schwarze Brenner
831	d2e3684379Meyers-1905	Traubenkrankheit	falsche Meltau
832	d2e3684379Meyers-1905	Traubenkrankheit	Schwärze
833	d2e3705129Meyers-1905	Troppo	Adagio no t
834	d2e3709777Meyers-1905	Tschechische Literatur	Lenz, Borový
835	d2e3709777Meyers-1905	Tschechische Literatur	Helfert
836	d2e3709777Meyers-1905	Tschechische Literatur	Pič, Svátek, Winter
837	d2e3709777Meyers-1905	Tschechische Literatur	Prasek
838	d2e3709777Meyers-1905	Tschechische Literatur	Lenz, Borový
839	d2e3709777Meyers-1905	Tschechische Literatur	Helfert
840	d2e3709777Meyers-1905	Tschechische Literatur	Pič, Svátek, Winter
841	d2e3709777Meyers-1905	Tschechische Literatur	Prasek
842	d2e3714971Meyers-1905	Tuber	T. (Radix) Aconiti
843	d2e3716527Meyers-1905	Tugra	es-Sultân Abdulhamîd Chân ibn es-Sultân Abdulmedschîd Chân musaffer dâima
844	d2e3721593Meyers-1905	Türkische Sprache und Literatur	Pertsch
845	d2e3721593Meyers-1905	Türkische Sprache und Literatur	Pertsch
846	d2e3721922Meyers-1905	Türkisches Reich	Syrien
847	d2e3721922Meyers-1905	Türkisches Reich	Mesopotamien
848	d2e3721922Meyers-1905	Türkisches Reich	Syrien
849	d2e3721922Meyers-1905	Türkisches Reich	Mesopotamien
850	d2e3723355Meyers-1905	Turkmēnen	Stieda
851	d2e3723355Meyers-1905	Turkmēnen	Abu-l-Ghazi Behadur Chan
852	d2e3723355Meyers-1905	Turkmēnen	Stieda
853	d2e3723355Meyers-1905	Turkmēnen	Abu-l-Ghazi Behadur Chan
854	d2e3729758Meyers-1905	U, u	plus
855	d2e3735412Meyers-1905	Uhr	Großmann
856	d2e3735412Meyers-1905	Uhr	Großmann
857	d2e3740217Meyers-1905	Umlaut	man, men; mouse, mice
858	d2e3742943Meyers-1905	Ungarische Sprache	asztal
859	d2e3771725Meyers-1905	Vasa [1]	V. sanguinis
860	d2e3772017Meyers-1905	Vasen	Gebrauchsgefäße
861	d2e3777260Meyers-1905	Vena	V. portae
862	d2e3777811Meyers-1905	Venēdig [2]	Lentz
863	d2e3777811Meyers-1905	Venēdig [2]	Lentz
864	d2e3780859Meyers-1905	Venusmuscheln	Tapes decussatus, Cytherea chione
865	d2e3792226Meyers-1905	Vermeil [1]	Mer Vermeille
866	d2e3801725Meyers-1905	Vesīca	V. urinaria
867	d2e3803581Meyers-1905	Via	via
868	d2e3825585Meyers-1905	Vokalsteigerung	ai
869	d2e3825748Meyers-1905	Volapük	men
870	d2e3836140Meyers-1905	Vortragszeichen	forte
871	d2e3836140Meyers-1905	Vortragszeichen	calando
872	d2e3837246Meyers-1905	Vox	V. media
873	d2e3848429Meyers-1905	Wald [1]	Meitzen
874	d2e3848429Meyers-1905	Wald [1]	Meitzen
875	d2e3850746Meyers-1905	Waldpflanzen	Taxodium distichum
876	d2e3864927Meyers-1905	Waschen [1]	chemisch-trockene Reinigung
877	d2e3864927Meyers-1905	Waschen [1]	chemisch-trockene Reinigung
878	d2e3869550Meyers-1905	Wasserpflanzen	Alisma Plantago
879	d2e3923525Meyers-1905	Wind [1]	steif,
880	d2e3923525Meyers-1905	Wind [1]	stürmisch,
881	d2e3923525Meyers-1905	Wind [1]	Sturm,
882	d2e3924716Meyers-1905	Windhexen	Gypsophila paniculata, Selaginella lepidophylla
883	d2e3953105Meyers-1905	Wüstenpflanzen	Fagonia
884	d2e3954585Meyers-1905	X	extranjero
885	d2e3956091Meyers-1905	Xingú	Meyer
886	d2e3956091Meyers-1905	Xingú	Meyer
887	d2e3964277Meyers-1905	Zahnlücker	Bradypus tridactylus
888	d2e3965810Meyers-1905	Zakynthos	Hyria
889	d2e3965810Meyers-1905	Zakynthos	Hyria
890	d2e4000762Meyers-1905	Zoologīe	Homo sapiens
