	EntryID	Headword	genera
29	d2e1296Meyers-1905	Aalmutter	Stachelflosser
217	d2e5612Meyers-1905	Abelmoschus	Malvazeen
518	d2e12335Meyers-1905	Abrōma	Sterkuliazeen
523	d2e12436Meyers-1905	Abrus	Leguminosen
729	d2e16833Meyers-1905	Abutĭlon	Malvazeen
770	d2e17882Meyers-1905	Acācia	Leguminosen
782	d2e18378Meyers-1905	Acanthus	Akanthazeen
879	d2e20642Meyers-1905	Achatschnecke	Lungenschnecken
901	d2e21107Meyers-1905	Achillēa [1]	Kompositen
913	d2e21426Meyers-1905	Achimĕnes	Gesneriazeen
919	d2e21577Meyers-1905	Aechmēa	Bromeliazeen
1050	d2e24489Meyers-1905	Acocanthĕra	Apocynazeen
1058	d2e24677Meyers-1905	Aconītum	Ranunkulazeen
1061	d2e24822Meyers-1905	Acŏrus	Arazeen
1079	d2e25246Meyers-1905	Acrocōmia	Palmen
1087	d2e25437Meyers-1905	Actaea	Ranunkulazeen
1097	d2e25677Meyers-1905	Actinocrīnus	Haarsterne
1161	d2e27320Meyers-1905	Adansonĭa	Malvazeen
1243	d2e29497Meyers-1905	Adenanthera	Leguminosen
1249	d2e29652Meyers-1905	Adenĭum	Apocynazeen
1253	d2e29761Meyers-1905	Adenóphora	Kampanulazeen
1415	d2e33445Meyers-1905	Adōnis [1]	Ranunkulazeen
1523	d2e35557Meyers-1905	Aërĭdes	Orchidazeen
1599	d2e37172Meyers-1905	Affodill	Asphodelus
1685	d2e41750Meyers-1905	Agamen	Erdagamen
1692	d2e41897Meyers-1905	Agapanthus	Liliazeen
1697	d2e42082Meyers-1905	Agaricus	Hypholoma
1697	d2e42082Meyers-1905	Agaricus	Psalliota
1697	d2e42082Meyers-1905	Agaricus	Pholiota
1697	d2e42082Meyers-1905	Agaricus	Clitopilus
1697	d2e42082Meyers-1905	Agaricus	Collybia
1697	d2e42082Meyers-1905	Agaricus	Tricholoma
1697	d2e42082Meyers-1905	Agaricus	Armillaria
1697	d2e42082Meyers-1905	Agaricus	Lepiota
1697	d2e42082Meyers-1905	Agaricus	Amanita
1710	d2e42687Meyers-1905	Agathis	Koniferen
1716	d2e42845Meyers-1905	Agathósma	Rutazeen
1721	d2e42951Meyers-1905	Agave	Amaryllidazeen
1742	d2e43610Meyers-1905	Agerātum	Kompositen
1811	d2e45130Meyers-1905	Aegle	Rutazeen
1814	d2e45196Meyers-1905	Aglei	Aquilegia
1816	d2e45239Meyers-1905	Aglossa	Kleinschmetterlinge
1847	d2e45870Meyers-1905	Aegopōdium	Umbelliferen
1898	d2e47088Meyers-1905	Agrimonĭa	Rosazeen
1909	d2e47366Meyers-1905	Agropȳrum	Gramineen
1910	d2e47414Meyers-1905	Agrostemma	Karyophyllazeen
1912	d2e47458Meyers-1905	Agrostis	Gramineen
1935	d2e48044Meyers-1905	Aguti	Nagetiere
2002	d2e50863Meyers-1905	Ahorn	Acerazeen
2063	d2e52315Meyers-1905	Ailanthus	Simarubazeen
2090	d2e52961Meyers-1905	Aira	Gramineen
2176	d2e55694Meyers-1905	Akaroīdharz	Xanthorrhoea
2188	d2e55922Meyers-1905	Akelei	Aquilegia
2452	d2e62359Meyers-1905	Aland [1]	Karpfen
2460	d2e62552Meyers-1905	Alánt	Inula
2543	d2e64775Meyers-1905	Albătros	Schwimmvögel
2623	d2e66711Meyers-1905	Albizzia	Leguminosen
2659	d2e67827Meyers-1905	Albūgo	Cystopus
2706	d2e68710Meyers-1905	Alchemilla	Rosazeen
2813	d2e71345Meyers-1905	Aleurītes	Euphorbiazeen
2957	d2e76424Meyers-1905	Alhagi	Leguminosen
3007	d2e77584Meyers-1905	Alisma	Alismazeen
3020	d2e78002Meyers-1905	Alk	Schwimmvögel
3034	d2e78318Meyers-1905	Alkaloīde	Cinchona
3041	d2e78473Meyers-1905	Alkanna	Borraginazeen
3102	d2e79997Meyers-1905	Allanblackĭa	Guttiferen
3208	d2e82379Meyers-1905	Allĭum	Liliazeen
3339	d2e85105Meyers-1905	Alocasĭa	Arazeen
3340	d2e85153Meyers-1905	Aloë [1]	Liliazeen
3361	d2e85667Meyers-1905	Alopecūrus	Gramineen
3434	d2e88683Meyers-1905	Alpinĭa	Zingiberazeen
3449	d2e89005Meyers-1905	Alse	Heringe
3468	d2e89374Meyers-1905	Alstonĭa	Apocynazeen
3470	d2e89487Meyers-1905	Alstroemerĭa	Amaryllidazeen
3637	d2e93015Meyers-1905	Altingĭa	Hamamelidazeen
3782	d2e96088Meyers-1905	Alyssum	Kruziferen
3839	d2e97424Meyers-1905	Amarantus	Amarantazeen
3853	d2e97814Meyers-1905	Amaryllis [1]	Amaryllidazeen
3979	d2e100697Meyers-1905	Ameisenfresser	Zahnlücker
3994	d2e101210Meyers-1905	Amelanchĭer	Rosazeen
4128	d2e105161Meyers-1905	Ammi	Umbelliferen
4130	d2e105211Meyers-1905	Ammobĭum	Kompositen
4205	d2e106939Meyers-1905	Amōmum	Zingiberazeen
4217	d2e107203Meyers-1905	Amorpha	Leguminosen
4219	d2e107253Meyers-1905	Amorphophallus	Arazeen
4237	d2e107649Meyers-1905	Ampelodesmos	Gramineen
4428	d2e112181Meyers-1905	Amўris	Rutazeen
4440	d2e112435Meyers-1905	Anabăsis [2]	Chenopodiazeen
4446	d2e112556Meyers-1905	Anacardĭum	Anakardiazeen
4454	d2e112751Meyers-1905	Anacyclus	Kompositen
4465	d2e112981Meyers-1905	Anagallis	Primulazeen
4473	d2e113161Meyers-1905	Anagyris	Leguminosen
4519	d2e114760Meyers-1905	Anamirta	Menispermazeen
4527	d2e114972Meyers-1905	Anănas	Bromeliazeen
4540	d2e115259Meyers-1905	Anaphalis	Kompositen
4614	d2e117427Meyers-1905	Anchusa	Borraginazeen
4683	d2e119199Meyers-1905	Andīra	Leguminosen
4744	d2e120695Meyers-1905	Andromĕda [1]	Erikazeen
4756	d2e120958Meyers-1905	Andropōgon	Gramineen
4759	d2e121109Meyers-1905	Androsāce	Primulazeen
4786	d2e121688Meyers-1905	Anemōne	Ranunkulazeen
4808	d2e122266Meyers-1905	Anēthum	Umbelliferen
4859	d2e123376Meyers-1905	Angelĭca	Umbelliferen
4916	d2e124802Meyers-1905	Angioptĕris	Farne
4966	d2e126056Meyers-1905	Angrēcum	Orchidazeen
5239	d2e132631Meyers-1905	Anolis	Eidechsen
5252	d2e132918Meyers-1905	Anōna	Anonazeen
5328	d2e134742Meyers-1905	Anschōvis	Heringsfische
5402	d2e136301Meyers-1905	Antarktische Region	Patula
5429	d2e136789Meyers-1905	Antennaria	Kompositen
5447	d2e137129Meyers-1905	Anthēmĭs	Kompositen
5450	d2e137227Meyers-1905	Antherĭcum	Liliazeen
5472	d2e137721Meyers-1905	Anthoxanthum	Gramineen
5493	d2e138263Meyers-1905	Anthriscus	Umbelliferen
5498	d2e138381Meyers-1905	Anthropologie	Naturwesen
5510	d2e138914Meyers-1905	Anthūrium	Arazeen
5512	d2e139000Meyers-1905	Anthyllis	Leguminosen
5516	d2e139082Meyers-1905	Antiāris	Morazeeu
5530	d2e139451Meyers-1905	Antidesma	Euphorbiazeen
5684	d2e143288Meyers-1905	Antirrhīnum	Skrofulariazeen
5911	d2e148750Meyers-1905	Aphelandra	Akanthazeen
5946	d2e149497Meyers-1905	Apiocrīnus	Haarsterne
5950	d2e149578Meyers-1905	Apĭos	Leguminosen
5954	d2e149676Meyers-1905	Apĭum	Umbelliferen
5976	d2e150086Meyers-1905	Apocўnum	Apocynazeen
6027	d2e151428Meyers-1905	Aponogĕton	Aponogetonazeen
6268	d2e157114Meyers-1905	Aquilarĭa	Thymeläazeen
6270	d2e157176Meyers-1905	Aquilegĭa	Ranunkulazeen
6319	d2e158791Meyers-1905	Arăbis	Kruziferen
6338	d2e159716Meyers-1905	Arăchis	Leguminosen
6372	d2e160483Meyers-1905	Aralĭa	Araliazeen
6411	d2e161482Meyers-1905	Araucarĭa	Koniferen
6517	d2e164984Meyers-1905	Arbūtus	Erikazeen
6528	d2e165214Meyers-1905	Arcella	Wurzelfüßer
6535	d2e165368Meyers-1905	Archangelĭca	Gattung
6599	d2e168746Meyers-1905	Architekturmalerei	Malerei
6624	d2e169457Meyers-1905	Arctĭum	Kompositen
6630	d2e169613Meyers-1905	Arctostaphўlos	Erikazeen
6631	d2e169649Meyers-1905	Arctōtis	Kompositen
6661	d2e170252Meyers-1905	Ardisĭa	Myrsinazeen
6678	d2e170571Meyers-1905	Arēca	Palmen
6702	d2e171171Meyers-1905	Arenga	Palmen
6745	d2e172200Meyers-1905	Argemōne	Papaverazeen
6852	d2e175389Meyers-1905	Arĭocarpus	Kaktazeen
6858	d2e175680Meyers-1905	Arisaema	Arazeen
6859	d2e175719Meyers-1905	Arisarum	Arazeen
6868	d2e175974Meyers-1905	Aristīda	Gramineen
6879	d2e176218Meyers-1905	Aristolochĭa	Aristolochiazeen
6892	d2e176894Meyers-1905	Aristotelĭa	Eläokarpazeen
7015	d2e180491Meyers-1905	Armerĭa	Plumbaginazeen
7079	d2e182169Meyers-1905	Arnĭca	Kompositen
7156	d2e184176Meyers-1905	Arracacĭa	Umbelliferen
7195	d2e185106Meyers-1905	Arrhenathĕrum	Gramineen
7317	d2e188257Meyers-1905	Artemisĭa [1]	Kompositen
7398	d2e190156Meyers-1905	Artischocke	Cynara
7403	d2e190256Meyers-1905	Artocarpus	Morazeen
7424	d2e190817Meyers-1905	Arum	Arazeen
7426	d2e190928Meyers-1905	Aruncus	Rosazeen
7430	d2e191026Meyers-1905	Arundo	Gramineen
7482	d2e192427Meyers-1905	Asaphus	Trilobiten
7487	d2e192510Meyers-1905	Asărum	Aristolochiazeen
7526	d2e193465Meyers-1905	Äsche	Lachse
7565	d2e194280Meyers-1905	Aeschynomene	Leguminosen
7571	d2e194432Meyers-1905	Asclepĭas	Asklepiadazeen
7637	d2e196057Meyers-1905	Asien	Aucella
7704	d2e199346Meyers-1905	Asparăgus	Liliazeen
7726	d2e199878Meyers-1905	Asperŭla	Rubiazeen
7735	d2e200112Meyers-1905	Asphodĕlus	Liliazeen
7737	d2e200232Meyers-1905	Aspidistra	Liliazeen
7740	d2e200330Meyers-1905	Aspidospérma	Apocynazeen
7876	d2e203665Meyers-1905	Aster [1]	Kompositen
7907	d2e204610Meyers-1905	Astilbe	Saxifragazeen
7928	d2e205059Meyers-1905	Astragălus [2]	Leguminosen
7938	d2e205264Meyers-1905	Astrantĭa	Umbelliferen
7943	d2e205447Meyers-1905	Astrocaryum	Palmen
8085	d2e209162Meyers-1905	Athamanta	Umbelliferen
8160	d2e211682Meyers-1905	Aethūsa	Umbelliferen
8308	d2e215809Meyers-1905	Atrĭplex	Chenopodiazeen
8310	d2e215913Meyers-1905	Atrŏpa	Solanazeen
8330	d2e216430Meyers-1905	Attalĕa	Palmen
8444	d2e219089Meyers-1905	Aubrietĭa	Kruziferen
8465	d2e219559Meyers-1905	Aucuba	Kornazeen
8772	d2e226805Meyers-1905	Augentrost	Euphrasia
9450	d2e244585Meyers-1905	Avēna	Gramineen
9470	d2e245085Meyers-1905	Averrhoa	Oxalidazeen
9497	d2e245660Meyers-1905	Avicennĭa	Verbenazeen
9618	d2e248341Meyers-1905	Azalĕa	Rhododendron
9794	d2e253289Meyers-1905	Bachstelze	Sperlingsvögel
9806	d2e253595Meyers-1905	Bacillus	Spaltpilze
9872	d2e255206Meyers-1905	Bactris	Palmen
10068	d2e261052Meyers-1905	Baïf	vers
10380	d2e268384Meyers-1905	Ballett	theatralischen Kunst
10414	d2e269233Meyers-1905	Ballóta	Labiaten
10516	d2e271755Meyers-1905	Bambūsa	Gramineen
10710	d2e277616Meyers-1905	Banksĭa	Proteazeen
10762	d2e278891Meyers-1905	Baphĭa	Leguminosen
10765	d2e278961Meyers-1905	Baptisĭa	Leguminosen
11042	d2e285921Meyers-1905	Bärlapp	Lycopodium
11130	d2e287854Meyers-1905	Barosma	Rutazeen
11704	d2e301512Meyers-1905	Batrachospérmum	Florideen
11886	d2e306449Meyers-1905	Bauhinĭa	Leguminosen
11926	d2e307657Meyers-1905	Baumelster	Rabenvögel
11964	d2e308496Meyers-1905	Baumläufer	Sperlingsvögel
11967	d2e308573Meyers-1905	Baumliest	Klettervögel
11997	d2e309133Meyers-1905	Baumsegler	Segler
12006	d2e309343Meyers-1905	Baumwachtel	Waldhühner
12011	d2e309467Meyers-1905	Baumwolle	Gossypium
12035	d2e310286Meyers-1905	Baur	Tropidurus
12471	d2e323133Meyers-1905	Beggiatōa	Bakterien
12490	d2e323628Meyers-1905	Begonĭa	Begoniazeen
12571	d2e325678Meyers-1905	Beifuß	Artemisia
12665	d2e327596Meyers-1905	Bejarĭa	Erikazeen
12856	d2e333615Meyers-1905	Bellis	Kompositen
13060	d2e338180Meyers-1905	Beninkasa	Kukurbitazeen
13207	d2e342202Meyers-1905	Berbĕris	Berberidazeen
13474	d2e349615Meyers-1905	Bergziege	Horntiere
13641	d2e355207Meyers-1905	Bernsteinschnecke	Lungenschnecken
13699	d2e356744Meyers-1905	Berthollētia	Lecythidiazeen
13975	d2e363612Meyers-1905	Beta	Chenopodiazeen
14180	d2e368349Meyers-1905	Beutelstar	Sperlingsvögel
14289	d2e372201Meyers-1905	Beziehen	Hunde
14485	d2e377553Meyers-1905	Bidens	Kompositen
14544	d2e379120Meyers-1905	Bienenameise	Hautflügler
14642	d2e382029Meyers-1905	Bignonĭa	Bignoniazeen
14757	d2e385842Meyers-1905	Billbergĭa	Bromeliazeen
14965	d2e390142Meyers-1905	Birke	Betulazeen
15236	d2e397021Meyers-1905	Bixa	Bixazeen
15504	d2e403176Meyers-1905	Blätterfische	Stachelflosser
15552	d2e404718Meyers-1905	Blattroller	Rüsselkäfer
15624	d2e406416Meyers-1905	Blauhäher	Raben
15879	d2e411912Meyers-1905	Blighĭa	Sapindazeen
16028	d2e415599Meyers-1905	Blumēa	Kompositen
16082	d2e416682Meyers-1905	Blumen- und Früchtemalerei	Malerei
16601	d2e431777Meyers-1905	Boehmerĭa	Urtikazeen
16660	d2e433489Meyers-1905	Bohrfliege	Fliegen
16870	d2e438646Meyers-1905	Bombardierkäfer	Laufkäfer
16875	d2e438752Meyers-1905	Bombax	Bombakazeen
16897	d2e439261Meyers-1905	Bombyx [1]	Spinner
17300	d2e449934Meyers-1905	Borrāgo	Borraginazeen
17461	d2e454545Meyers-1905	Boswellia	Burserazeen
17500	d2e455949Meyers-1905	Botrychĭum	Ophioglossazeen
17505	d2e456046Meyers-1905	Botrytis	Cordyceps
17568	d2e457581Meyers-1905	Bougainvillea	Nyktaginazeen
17674	d2e460372Meyers-1905	Boussingaultia	Basellazeen
17681	d2e460516Meyers-1905	Bouteloua	Gramineen
17689	d2e460681Meyers-1905	Bouvardĭa	Rubiazeen
17708	d2e461052Meyers-1905	Bovista	Gastromyceten
17712	d2e461170Meyers-1905	Bowdichĭa	Leguminosen
17810	d2e463367Meyers-1905	Brachionus	Rädertiere
17824	d2e463620Meyers-1905	Brachschwalbe	Regenpfeifer
17830	d2e463733Meyers-1905	Brachvogel	Schnepfen
17848	d2e464102Meyers-1905	Brachypodĭum	Gramineen
18081	d2e469713Meyers-1905	Brandt	Klippschliefer
18132	d2e471046Meyers-1905	Brasilien	Bulimus
18143	d2e472455Meyers-1905	Brasse [1]	Karpfen
18150	d2e472709Meyers-1905	Brassĭca	Kruziferen
18607	d2e484837Meyers-1905	Brevis	Mensuralmusik
18760	d2e488666Meyers-1905	Brillenschlange	Prunknattern
18863	d2e491379Meyers-1905	Briza	Gramineen
18964	d2e493674Meyers-1905	Brombeerstrauch	Rosazeen
18969	d2e493818Meyers-1905	Bromēlia	Bromeliazeen
18996	d2e494325Meyers-1905	Bromus	Gramineen
19080	d2e496528Meyers-1905	Brosimum	Morazeen
19125	d2e497688Meyers-1905	Broussonetĭa	Morazeen
19128	d2e497766Meyers-1905	Browallĭa	Skrofulariazeen
19251	d2e502622Meyers-1905	Bruguĭera	Rhizophorazeen
19262	d2e502883Meyers-1905	Brüllaffe	Breitnasen
19299	d2e503843Meyers-1905	Brunfelsĭa	Solanazeen
19359	d2e505456Meyers-1905	Brunswigĭa	Amaryllidazeen
19460	d2e507970Meyers-1905	Brya	Leguminosen
19473	d2e508299Meyers-1905	Bryonĭa	Kukurbitazeen
19474	d2e508354Meyers-1905	Bryophyllum	Krassulazeen
19475	d2e508377Meyers-1905	Bryopōgon	Bartflechten
19496	d2e508763Meyers-1905	Bubalis	Antilopen
19557	d2e511112Meyers-1905	Buche	Fagazeen
19578	d2e511693Meyers-1905	Bücherlaus	Holzläuse
19612	d2e513601Meyers-1905	Buchloe [1]	Gramineen
19662	d2e514628Meyers-1905	Buchweizen	Polygonazeen
19722	d2e516599Meyers-1905	Buddleia	Loganiazeen
20054	d2e524496Meyers-1905	Bunĭas	Kruziferen
20056	d2e524547Meyers-1905	Bunĭum	Umbelliferen
20324	d2e531577Meyers-1905	Bursēra	Burserazeen
20393	d2e533319Meyers-1905	Buschratte	Känguruhs
20469	d2e534939Meyers-1905	Butĕa	Leguminosen
20571	d2e537283Meyers-1905	Buxus	Buxazeen
20606	d2e538398Meyers-1905	Byrsonĭma	Malpighiazeen
20683	d2e540470Meyers-1905	Cacalĭa	Kompositen
20832	d2e543634Meyers-1905	Cajānus	Leguminosen
20842	d2e543855Meyers-1905	Cakīle	Kruziferen
20853	d2e544081Meyers-1905	Caladĭum	Arazeen
20858	d2e544222Meyers-1905	Calamagrostis	Gramineen
20872	d2e544505Meyers-1905	Calămus [2]	Palmen
20901	d2e545133Meyers-1905	Calceolarĭa	Skrofulariazeen
20957	d2e546557Meyers-1905	Calendŭla	Kompositen
20992	d2e547298Meyers-1905	Calla	Arazeen
21001	d2e547474Meyers-1905	Calligŏnum	Polygonazeen
21005	d2e547573Meyers-1905	Callistĕmon	Myrtazeen
21006	d2e547606Meyers-1905	Callistēphus	Kompositen
21009	d2e547670Meyers-1905	Callítris	Koniferen
21014	d2e547830Meyers-1905	Callūna	Erikazeen
21024	d2e548101Meyers-1905	Calophyllum	Guttiseren
21029	d2e548219Meyers-1905	Calothamnus	Myrtazeen
21030	d2e548236Meyers-1905	Calotropis	Asklepiadazeen
21045	d2e548558Meyers-1905	Caltha	Ranunkulazeen
21071	d2e549197Meyers-1905	Calycanthus	Kalykanthazeen
21131	d2e550804Meyers-1905	Camelīna	Kruziferen
21189	d2e552296Meyers-1905	Campanŭla	Kampanulazeen
21211	d2e553036Meyers-1905	Camphŏra	Cinnamomum
21247	d2e553917Meyers-1905	Campsis	Bignoniazeen
21273	d2e554462Meyers-1905	Cananga	Anonazeen
21282	d2e554644Meyers-1905	Canarĭum	Burserazeen
21284	d2e554728Meyers-1905	Canavalĭa	Leguminosen
21313	d2e555448Meyers-1905	Canella	Winterana
21348	d2e556166Meyers-1905	Canna [1]	Kannazeen
21413	d2e557667Meyers-1905	Canthocamptus	Ruderfüßer
21503	d2e559639Meyers-1905	Cappăris	Kapparidazeen
21528	d2e560270Meyers-1905	Capsella	Kruziferen
21529	d2e560299Meyers-1905	Capsĭcum	Solanazeen
21565	d2e561221Meyers-1905	Caragāna	Leguminosen
21571	d2e561371Meyers-1905	Carāpa	Meliazeen
21610	d2e562223Meyers-1905	Cardamīne	Kruziferen
21639	d2e562889Meyers-1905	Cardŭus	Kompositen
21650	d2e563140Meyers-1905	Carex	Cyperazeen
21662	d2e563509Meyers-1905	Carĭca [1]	Karikazeen
21673	d2e563710Meyers-1905	Carinarĭa	Kielfüßer
21694	d2e564207Meyers-1905	Carlīna	Kompositen
21714	d2e564718Meyers-1905	Carludovīca	Cyklamhazeen
21817	d2e567276Meyers-1905	Carpodīnus	Apocynazeen
21886	d2e568854Meyers-1905	Carthămus	Kompositen
21898	d2e569122Meyers-1905	Carum	Umbelliferen
21910	d2e569505Meyers-1905	Carўa	Juglandazeen
21911	d2e569569Meyers-1905	Caryōcar	Karyokarazeen
21914	d2e569664Meyers-1905	Caryophyllus aromaticus	Jambosa
21916	d2e569733Meyers-1905	Caryōta	Palmen
21929	d2e569991Meyers-1905	Caesalpinĭa	Leguminosen
22018	d2e572071Meyers-1905	Cassĭa	Leguminosen
22029	d2e572403Meyers-1905	Cassine	Celastrazeen
22051	d2e572992Meyers-1905	Castanĕa	Fagazeen
22052	d2e573039Meyers-1905	Castanopsis	Fagazeen
22054	d2e573092Meyers-1905	Castănospermum	Leguminosen
22112	d2e574503Meyers-1905	Castillōa	Morazeen
22161	d2e575431Meyers-1905	Casuarīna	Kasuarinazeen
22172	d2e575730Meyers-1905	Catalpa	Bignoniazeen
22205	d2e576413Meyers-1905	Catha	Celastrazeen
22237	d2e577231Meyers-1905	Cattleya	Orchideen
22388	d2e580540Meyers-1905	Ceanōthus	Rhamnazeen
22411	d2e581039Meyers-1905	Cecropĭa	Morazeen
22426	d2e581340Meyers-1905	Cedrēla	Meliazeen
22431	d2e581440Meyers-1905	Cedrus	Koniferen
22437	d2e581612Meyers-1905	Ceiba	Bombakazeen
22445	d2e581838Meyers-1905	Celastrus	Celastrazeen
22449	d2e581910Meyers-1905	Celébes	Phalangista
22473	d2e582666Meyers-1905	Celosĭa	Amarantazeen
22482	d2e582989Meyers-1905	Celtis	Ulmazeen
22516	d2e583774Meyers-1905	Centaurea	Kompositen
22553	d2e584588Meyers-1905	Centranthus	Valerianazeen
22576	d2e585012Meyers-1905	Cephalanthus	Rubiazeen
22580	d2e585089Meyers-1905	Cephalocerĕus	Kakteen
22587	d2e585215Meyers-1905	Cephalotaxus	Koniferen
22607	d2e585684Meyers-1905	Cerastĭum	Karyophyllazeen
22613	d2e585836Meyers-1905	Ceratĭum	Dinoflagellaten
22616	d2e585906Meyers-1905	Ceratonĭa	Leguminosen
22621	d2e586053Meyers-1905	Cerbĕra	Apocynazeen
22624	d2e586139Meyers-1905	Cercis	Leguminosen
22657	d2e586793Meyers-1905	Cerĕus	Kakteen
22664	d2e587004Meyers-1905	Cerinthe	Borraginazeen
22683	d2e587363Meyers-1905	Ceropegĭa	Asklepiadazeen
22689	d2e587504Meyers-1905	Ceroxўlon	Palmen
22757	d2e589052Meyers-1905	Cestrum	Solanazeen
22763	d2e589165Meyers-1905	Ceterach	Polypodiazeen
22940	d2e593146Meyers-1905	Chamaecypăris	Koniferen
22942	d2e593354Meyers-1905	Chamaedorěa	Palmen
22950	d2e593559Meyers-1905	Chamaenerĭum	Onagrazeen
22953	d2e593622Meyers-1905	Chamaerops	Palmen
23026	d2e595652Meyers-1905	Chanchito	Knochenfische
23093	d2e597140Meyers-1905	Chara	Armleuchteralgen
23212	d2e599575Meyers-1905	Chaerophyllum	Umbelliferen
23327	d2e602292Meyers-1905	Chaetoderma	Solenogastren
23407	d2e603791Meyers-1905	Cheiranthus	Kruziferen
23425	d2e604219Meyers-1905	Chelidōnium	Papaverazeen
23434	d2e604407Meyers-1905	Chelōne [1]	Skrofulariazeen
23517	d2e607318Meyers-1905	Chenopodĭum	Chenopodiazeen
23769	d2e615407Meyers-1905	Chinchilla [2]	Nagetiere
23828	d2e617335Meyers-1905	Chiococca	Rubiazeen
23831	d2e617432Meyers-1905	Chionanthus	Oleazeen
23933	d2e619880Meyers-1905	Chloranthus	Chloranthazeen
23996	d2e621079Meyers-1905	Chlorophŏra	Morazeen
24000	d2e621226Meyers-1905	Chlorophytum	Liliazeen
24117	d2e623574Meyers-1905	Chondodéndron	Menispermazeen
24202	d2e625592Meyers-1905	Chorizēma	Leguminosen
24494	d2e633054Meyers-1905	Chrysanthĕmum	Kompositen
24508	d2e633533Meyers-1905	Chrysobalănus	Rosazeen
24527	d2e633956Meyers-1905	Chrysophyllum	Sapotazeen
24536	d2e634168Meyers-1905	Chrysosplenĭum	Saxifragazeen
24622	d2e636183Meyers-1905	Cicer	Leguminosen
24627	d2e636470Meyers-1905	Cichorĭum	Kompositen
24636	d2e636754Meyers-1905	Cicūta	Umbelliferen
24679	d2e637827Meyers-1905	Cimbex	Blattwespen
24692	d2e638063Meyers-1905	Cinchōna	Rubiazeen
24707	d2e638580Meyers-1905	Cinerarĭa	Kompositen
24720	d2e638806Meyers-1905	Cinnamōmum	Laurazeen
24787	d2e640376Meyers-1905	Cirsĭum	Kompositen
24801	d2e640706Meyers-1905	Cissampĕlos	Menispermazeen
24804	d2e640798Meyers-1905	Cissus	Ampelidazeen
24818	d2e641139Meyers-1905	Cistus	Cistazeen
24828	d2e641355Meyers-1905	Citharexўlon	Verbenazeen
24845	d2e641677Meyers-1905	Citrullus	Kukurbitazeen
24847	d2e641739Meyers-1905	Citrus	Rutazeen
24902	d2e643248Meyers-1905	Cladĭum	Cyperazeen
24974	d2e645179Meyers-1905	Clarkĭa	Onagrazeen
24991	d2e645516Meyers-1905	Clathrulīna	Sonnentierchen
25026	d2e646393Meyers-1905	Clavarĭa	Hymenomyzeten
25032	d2e646559Meyers-1905	Clavĭceps	Askomyzeten
25058	d2e647157Meyers-1905	Clematis	Ranunkulazeen
25074	d2e647975Meyers-1905	Cleōme	Kapparidazeen
25076	d2e648037Meyers-1905	Clepsine	Blutegel
25090	d2e648421Meyers-1905	Clerodendron	Verbenazeen
25096	d2e648592Meyers-1905	Clethra	Klethrazeen
25125	d2e649163Meyers-1905	Clione	Ruderschnecken
25138	d2e649473Meyers-1905	Clivĭa [1]	Amaryllidazeen
25187	d2e650508Meyers-1905	Clusĭa	Klusiazeen
25193	d2e650658Meyers-1905	Cluythĭa	Euphorbiazeen
25200	d2e650804Meyers-1905	Clymenĭa	Cephalopoden
25208	d2e650956Meyers-1905	Cneōrum	Kneorazeen
25210	d2e651003Meyers-1905	Cnicus	Kompositen
25239	d2e651509Meyers-1905	Cobaea	Polemoniazeen
25267	d2e652163Meyers-1905	Coccidĭŭm	Sporozoen
25273	d2e652280Meyers-1905	Coccolŏba	Polygonazeen
25295	d2e652785Meyers-1905	Cochlearĭa	Kruziferen
25317	d2e653291Meyers-1905	Cocos	Palmen
25341	d2e653999Meyers-1905	Codĭaeum	Euphorbiazeen
25406	d2e655376Meyers-1905	Coix	Gramineen
25415	d2e655561Meyers-1905	Cola [2]	Sterkuliazeen
25429	d2e655994Meyers-1905	Colchicum	Liliazeen
25461	d2e656882Meyers-1905	Colĕus	Labiaten
25504	d2e658043Meyers-1905	Collēma	Gallertflechten
25523	d2e658644Meyers-1905	Collinsĭa	Skrofulariazeen
25540	d2e659121Meyers-1905	Collozōum	Strahltiere
25553	d2e659445Meyers-1905	Colocasĭa	Arazeen
25558	d2e659557Meyers-1905	Coelogyne	Orchideen
25610	d2e660805Meyers-1905	Colubrīna	Rhamnazeen
25641	d2e661412Meyers-1905	Colutĕa	Leguminosen
25665	d2e661961Meyers-1905	Combrētum	Kombretazeen
25707	d2e662935Meyers-1905	Commelīna	Kommelinazeen
25723	d2e663247Meyers-1905	Commiphŏra	Burserazeen
25909	d2e667240Meyers-1905	Conferva	Ulotrichazeen
25959	d2e668336Meyers-1905	Conĭum	Umbelliferen
26142	d2e672294Meyers-1905	Convallarĭa	Liliazeen
26151	d2e672499Meyers-1905	Convolvŭlus	Konvolvulazeen
26186	d2e673531Meyers-1905	Copaïfĕra	Leguminosen
26191	d2e673710Meyers-1905	Copernicĭa	Palmen
26212	d2e674231Meyers-1905	Coprīnus	Hutpilze
26238	d2e674738Meyers-1905	Corallīna	Rhodophyzeen
26258	d2e675122Meyers-1905	Corchŏrus	Tiliazeen
26275	d2e675499Meyers-1905	Cordĭa	Borraginazeen
26291	d2e675978Meyers-1905	Cordўceps	Askomyzeten
26292	d2e676007Meyers-1905	Cordylĭne	Liliazeen
26293	d2e676071Meyers-1905	Cordylophora	Hydroidpolypen
26301	d2e676260Meyers-1905	Coreópsis	Kompositen
26311	d2e676437Meyers-1905	Corĭandrum	Umbelliferen
26312	d2e676488Meyers-1905	Corĭarĭa	Koriariazeen
26376	d2e678067Meyers-1905	Cornus	Kornazeen
26402	d2e678782Meyers-1905	Coronilla	Leguminosen
26502	d2e681107Meyers-1905	Coryanthes	Orchideen
26503	d2e681133Meyers-1905	Corydălis	Papaverazeen
26505	d2e681212Meyers-1905	Corylopsis	Hamamelidazeen
26508	d2e681285Meyers-1905	Corўpha	Palmen
26510	d2e681351Meyers-1905	Coryphodon	Amblypoden
26538	d2e681874Meyers-1905	Cosmophyllum	Kompositen
26563	d2e682817Meyers-1905	Costus	Zingiberazeen
26591	d2e683335Meyers-1905	Cotonĕaster	Rosazeen
26614	d2e683940Meyers-1905	Cotylĕdon	Krassulazeen
26700	d2e685793Meyers-1905	Couroupita	Lecythidazeen
26808	d2e688423Meyers-1905	Crambe	Kruziferen
26841	d2e689265Meyers-1905	Crassŭla	Krassulazeen
26910	d2e690913Meyers-1905	Crepis	Kompositen
26918	d2e691073Meyers-1905	Crescentia	Bignoniazeen
26996	d2e692641Meyers-1905	Crinum	Amaryllidazeen
27019	d2e693162Meyers-1905	Crithmum	Umbelliferen
27036	d2e693495Meyers-1905	Crocus	Iridazeen
27089	d2e694714Meyers-1905	Crotalarĭa	Leguminosen
27093	d2e694811Meyers-1905	Croton [1]	Euphorbiazeen
27118	d2e695474Meyers-1905	Crozophŏra	Euphorbiazeen
27121	d2e695541Meyers-1905	Crucĭanella	Rubiazeen
27148	d2e696256Meyers-1905	Cryptocarya	Laurazeen
27151	d2e696335Meyers-1905	Cryptomerĭa	Koniferen
27232	d2e697821Meyers-1905	Cuba [2]	Capromys
27232	d2e697821Meyers-1905	Cuba [2]	Solenodon
27252	d2e698507Meyers-1905	Cucumis	Kukurbitazeen
27253	d2e698559Meyers-1905	Cucurbĭta	Kukurbitazeen
27336	d2e700207Meyers-1905	Cumīnum	Umbelliferen
27354	d2e700719Meyers-1905	Cunninghamĭa	Koniferen
27365	d2e700949Meyers-1905	Cuphēa	Lythrazeen
27374	d2e701116Meyers-1905	Cupressus	Koniferen
27390	d2e701590Meyers-1905	Curculigo	Amaryllidazeen
27392	d2e701649Meyers-1905	Curcŭma	Zingiberazeen
27438	d2e702764Meyers-1905	Cuscŭta	Konvolvulazeen
27446	d2e703021Meyers-1905	Cusparĭa	Rutazeen
27518	d2e704648Meyers-1905	Cyathĕa	Cyatheazeen
27528	d2e704866Meyers-1905	Cycas	Cykadazeen
27531	d2e704943Meyers-1905	Cyclāmen	Primulazeen
27532	d2e705032Meyers-1905	Cyclanthēra	Kukurbitazeen
27539	d2e705171Meyers-1905	Cycloptĕris	Farne
27560	d2e705651Meyers-1905	Cymbalarĭa	Skrofulariazeen
27562	d2e705705Meyers-1905	Cymbidĭum	Orchideen
27576	d2e706011Meyers-1905	Cynanchum	Asklepiadazeen
27577	d2e706054Meyers-1905	Cynăra	Kompositen
27585	d2e706237Meyers-1905	Cynōdon	Gramineen
27586	d2e706273Meyers-1905	Cynoglossum	Borraginazeen
27587	d2e706302Meyers-1905	Cynomorĭum	Balanophorazeen
27592	d2e706404Meyers-1905	Cynosūrus	Gramineen
27602	d2e706804Meyers-1905	Cypĕrus	Cyperazeen
27618	d2e707232Meyers-1905	Cypripedĭum	Orchideen
27632	d2e707611Meyers-1905	Cyrtanthus	Amaryllidazeen
27648	d2e707897Meyers-1905	Cystococcus	Protokokkazeen
27657	d2e708046Meyers-1905	Cystoptĕris	Polypodiazeen
27658	d2e708094Meyers-1905	Cystōpus	Peronosporeen
27666	d2e708244Meyers-1905	Cytĭnus	Rafflesiazeen
27667	d2e708280Meyers-1905	Cytĭsus	Leguminosen
27673	d2e708436Meyers-1905	Cyttarĭa	Askomyzeten
27811	d2e712209Meyers-1905	Dacrydĭum	Koniferen
27814	d2e712284Meyers-1905	Dactўlis	Gramineen
27861	d2e713381Meyers-1905	Dahlĭa [1]	Georgina
27933	d2e714930Meyers-1905	Dalbergĭa	Leguminosen
27936	d2e715016Meyers-1905	Dalechampĭa	Euphorbiazeen
28351	d2e729325Meyers-1905	Daphne [1]	Thymeläazeen
28435	d2e731269Meyers-1905	Darlingtonĭa	Sarraceniazeen
28559	d2e734944Meyers-1905	Datisca	Datiskazeen
28578	d2e735354Meyers-1905	Datūra	Solanazeen
29179	d2e749974Meyers-1905	Deklaration	Waren
29179	d2e749974Meyers-1905	Deklaration	Waren
29222	d2e750890Meyers-1905	Delabechĭa	Sterkuliazeen
29361	d2e754551Meyers-1905	Delphinĭum	Ranunkulazeen
29511	d2e758003Meyers-1905	Dendrobĭum	Orchideen
29522	d2e758229Meyers-1905	Dendrosicўos	Kukurbitazeen
29643	d2e760675Meyers-1905	Depazea	Pyrenomyzeten
29922	d2e767208Meyers-1905	Desmodĭum	Leguminosen
29927	d2e767316Meyers-1905	Desmoncus	Palmen
30141	d2e771843Meyers-1905	Deutsche Literatur	ritterlichen Epik
30141	d2e771843Meyers-1905	Deutsche Literatur	Romanliteratur
30242	d2e784959Meyers-1905	Deutzĭa	Saxifragazeen
30537	d2e791603Meyers-1905	Diaptŏmus	Ruderfüßer
30604	d2e793343Meyers-1905	Dicentra	Papaverazeen
30642	d2e794341Meyers-1905	Dickfuß [2]	Regenpfeifer
30669	d2e794888Meyers-1905	Dictamnus	Rutazeen
30681	d2e795117Meyers-1905	Dicynŏdon	anomodonten Theromorphen
30682	d2e795137Meyers-1905	Dicypellĭum	Laurazeen
30731	d2e796611Meyers-1905	Dieffenbachĭa	Arazeen
30827	d2e798477Meyers-1905	Diërvilla	Kaprifoliazeen
30953	d2e801949Meyers-1905	Digitālis	Skrofulariazeen
31038	d2e803731Meyers-1905	Dillenĭa	Dilleniazeen
31207	d2e807713Meyers-1905	Dionaea	Droserazeen
31237	d2e808845Meyers-1905	Dioscorĕa	Dioskoreazeen
31245	d2e809055Meyers-1905	Diósma	Rutazeen
31251	d2e809181Meyers-1905	Diospўros	Ebenazeen
31287	d2e810206Meyers-1905	Diplacodon	Huftiere
31330	d2e811142Meyers-1905	Dipsăcus	Dipsakazeen
31337	d2e811322Meyers-1905	Diptĕrocarpus	Dipterokarpazeen
31341	d2e811400Meyers-1905	Diptĕryx	Leguminosen
31347	d2e811548Meyers-1905	Dirca	Thymeläazeen
31399	d2e812557Meyers-1905	Dischidĭa	Asklepiadazeen
31792	d2e820845Meyers-1905	Döbel [1]	Karpfen
31880	d2e822782Meyers-1905	Dodecatheon	Primulazeen
31964	d2e825156Meyers-1905	Dolchzahn	Katzen
31996	d2e825856Meyers-1905	Dolĭchos [1]	Leguminosen
32225	d2e831343Meyers-1905	Donĭa	Leguminosen
32372	d2e834686Meyers-1905	Doppelschleiche	Ringelechsen
32444	d2e836204Meyers-1905	Dorĕma	Umbelliferen
32504	d2e837505Meyers-1905	Dorneidechse	Agamen
32519	d2e837812Meyers-1905	Dornschwanz	Agamen
32528	d2e837984Meyers-1905	Doronīcum	Kompositen
32551	d2e838516Meyers-1905	Dorstenĭa	Morazeen
32595	d2e839532Meyers-1905	Dotter [1]	Camelina
32702	d2e841991Meyers-1905	Dracaena	Liliazeen
32705	d2e842116Meyers-1905	Drache [2]	Agamen
32738	d2e843073Meyers-1905	Dracocephălum	Labiaten
32741	d2e843155Meyers-1905	Dracontĭum	Arazeen
32833	d2e845354Meyers-1905	Drama [1]	Poesie
32968	d2e848952Meyers-1905	Dreieckmuschel	Tellmuscheln
32970	d2e848992Meyers-1905	Dreieckskopf	Grubenottern
33142	d2e853107Meyers-1905	Drimys	Magnoliazeen
33194	d2e854155Meyers-1905	Dronte	Taubenvögel
33203	d2e854436Meyers-1905	Drosĕra	Droserazeen
33209	d2e854576Meyers-1905	Drosophyllum	Droserazeen
33212	d2e854644Meyers-1905	Drossel [2]	Sperlingsvögel
33350	d2e857979Meyers-1905	Drüsenstrauch	Jatropha
33367	d2e858321Meyers-1905	Dryas	Rosazeen
33371	d2e858530Meyers-1905	Dryobalănops	Dipterokarpazeen
33374	d2e858600Meyers-1905	Dryopithēcus	Anthropomorphen
33563	d2e862696Meyers-1905	Duboisĭa	Solanazeen
33673	d2e865849Meyers-1905	Dugong	Seekühe
33842	d2e870811Meyers-1905	Dungfliege	Fliegen
34104	d2e876574Meyers-1905	Durĭo	Bombakazeen
34445	d2e884653Meyers-1905	Eberwurz	Carlina
34490	d2e885536Meyers-1905	Ecballĭŭm	Kukurbitazeen
34506	d2e885807Meyers-1905	Eccremocarpus	Bignoniazeen
34536	d2e886460Meyers-1905	Echinocactus	Kakteen
34537	d2e886502Meyers-1905	Echinocerĕus	Kakteen
34543	d2e886638Meyers-1905	Echīnops	Kompositen
34544	d2e886671Meyers-1905	Echinopsis	Kakteen
34552	d2e886840Meyers-1905	Echītes	Apocynazeen
34553	d2e886879Meyers-1905	Echĭum	Borraginazeen
34602	d2e887998Meyers-1905	Eckflügler	Tagfalter
34766	d2e893306Meyers-1905	Efeu	Hedera
34978	d2e898880Meyers-1905	Ehrenpreis	Veronica
35036	d2e900253Meyers-1905	Eiche	Fagazeen
35072	d2e901542Meyers-1905	Eichhörnchen	Nagetiere
35106	d2e902739Meyers-1905	Eiderente	Zahnschnäbler
35154	d2e903817Meyers-1905	Eierwespe	Proktotrupiden
35231	d2e905879Meyers-1905	Eimerĭa	Sporozoen
35785	d2e922679Meyers-1905	Eisenhut [1]	Aconitum
35806	d2e923297Meyers-1905	Eisenkraut	Verbena
35986	d2e927205Meyers-1905	Eisvogel [1]	Klettervögel
36101	d2e929874Meyers-1905	Elaeagnus	Eläagnazeen
36110	d2e930098Meyers-1905	Elāēis	Palmen
36125	d2e930421Meyers-1905	Elaphomȳces	Askomyzeten
36211	d2e932645Meyers-1905	Elefant	Rüsseltiere
36485	d2e944743Meyers-1905	Elen	Hirsche
36502	d2e945135Meyers-1905	Elettarĭa	Zingiberazeen
36503	d2e945168Meyers-1905	Eleusine	Gramineen
36687	d2e949993Meyers-1905	Elodĕa	Hydrocharitazeen
36729	d2e951355Meyers-1905	Elster [1]	Raben
36783	d2e952384Meyers-1905	Elўmus	Gramineen
36828	d2e953591Meyers-1905	Embelĭa	Myrsinazeen
36952	d2e956740Meyers-1905	Empĕtrum	Empetrazeen
37004	d2e957870Meyers-1905	Empūsa [1]	Entomophthoreen
37024	d2e958329Meyers-1905	Emu	Kasuare
37054	d2e959082Meyers-1905	Encephalartos	Cykadazeen
37199	d2e963055Meyers-1905	Engelhardtĭa	Juglandazeen
37252	d2e965409Meyers-1905	Englische Literatur	realen Naturbeschreibung
37415	d2e971582Meyers-1905	Entada	Leguminosen
37433	d2e972103Meyers-1905	Entelodon	Huftiere
37641	d2e976881Meyers-1905	Enzian	Gentiana
37668	d2e977977Meyers-1905	Epacris	Epakridazeen
37705	d2e978723Meyers-1905	Ephĕdra	Gnetazeen
37718	d2e979058Meyers-1905	Ephen	Hedera
37765	d2e979956Meyers-1905	Epigaea	Erikazeen
37794	d2e980667Meyers-1905	Epilobĭum	Onagrazeen
37798	d2e980748Meyers-1905	Epimedĭum	Berberidazeen
37824	d2e981284Meyers-1905	Epiphyllum	Kakteen
37832	d2e981633Meyers-1905	Epische Dichtung	Poesie
37832	d2e981633Meyers-1905	Epische Dichtung	Poesie
37905	d2e983255Meyers-1905	Epos	Epischen
37960	d2e984596Meyers-1905	Eragróstis	Gramineen
37964	d2e984686Meyers-1905	Eranthis	Ranunkulazeen
38067	d2e987581Meyers-1905	Erbse	Leguminosen
38119	d2e988931Meyers-1905	Erdbeerbaum	Arbutus
38121	d2e988971Meyers-1905	Erdbeere	Rosazeen
38123	d2e989144Meyers-1905	Erdbeerspinat	Chenopodium
38238	d2e993674Meyers-1905	Erdrauch	Fumaria
38249	d2e993875Meyers-1905	Erdscheibe	Cyclamen
38256	d2e994001Meyers-1905	Erdschwein	Zahnlücker
38309	d2e994999Meyers-1905	Eremurus	Liliazeen
38385	d2e996723Meyers-1905	Erĭanthus	Gramineen
38386	d2e996761Meyers-1905	Erīca	Erikazeen
38405	d2e997388Meyers-1905	Erigēron	Kompositen
38420	d2e997823Meyers-1905	Eriobotrўa	Rosazeen
38424	d2e997916Meyers-1905	Eriodictyon	Hydrophyllazeen
38428	d2e997991Meyers-1905	Eriophŏrum	Cyperazeen
38439	d2e998177Meyers-1905	Erithalis	Rubiazeen
38477	d2e999053Meyers-1905	Erle [1]	Betulazeen
38547	d2e1001480Meyers-1905	Erodĭum	Geraniazeen
38658	d2e1003972Meyers-1905	Erūca	Kruziferen
38694	d2e1004677Meyers-1905	Eryngĭum	Umbelliferen
38703	d2e1004995Meyers-1905	Erythraea	Gentianazeen
38710	d2e1005246Meyers-1905	Erythrĭna	Leguminosen
38716	d2e1005425Meyers-1905	Erythrophloeum	Leguminosen
38722	d2e1005567Meyers-1905	Erythroxўlon	Erythroxylazeen
38727	d2e1005741Meyers-1905	Erzählung	Verserzählung
38813	d2e1008061Meyers-1905	Esche	Oleazeen
38835	d2e1008593Meyers-1905	Eschscholtzĭa	Papaverazeen
38946	d2e1011037Meyers-1905	Esparsette	Onobrychis
39274	d2e1019631Meyers-1905	Eucalyptus	Myrtazeen
39277	d2e1019894Meyers-1905	Euchăris	Amaryllidazeen
39284	d2e1020054Meyers-1905	Euchlaena	Gramineen
39291	d2e1020204Meyers-1905	Euclēa	Ebenazeen
39313	d2e1020807Meyers-1905	Eugenĭa	Myrtazeen
39317	d2e1021041Meyers-1905	Euglēna	Flagellaten
39318	d2e1021067Meyers-1905	Euglypha	Rhizopoden
39382	d2e1022859Meyers-1905	Eupatorĭum	Kompositen
39394	d2e1023132Meyers-1905	Euphorbĭa	Euphorbiazeen
39402	d2e1023508Meyers-1905	Euphrasĭa	Skrofulariazeen
39448	d2e1025812Meyers-1905	Eurotĭum	Aspergillus
39489	d2e1026680Meyers-1905	Eutérpe [1]	Palmen
39582	d2e1028573Meyers-1905	Evernĭa	Diskolichenen
39623	d2e1029426Meyers-1905	Evonўmus	Celastrazeen
39706	d2e1031202Meyers-1905	Excoecarĭa	Euphorbiazeen
39829	d2e1033830Meyers-1905	Exoascus	Taphrina
39838	d2e1033982Meyers-1905	Exogonĭum	Konvolvulazeen
39860	d2e1034396Meyers-1905	Exostema	Rubiazeen
40124	d2e1040306Meyers-1905	Fabel	Poesie
40131	d2e1040582Meyers-1905	Fabĭana	Solanazeen
40277	d2e1044465Meyers-1905	Fadenfisch	Labyrinthfische
40298	d2e1044986Meyers-1905	Fagara	Rutazeen
40307	d2e1045213Meyers-1905	Fagonĭa	Zygophyllazeen
40912	d2e1060760Meyers-1905	Farne [1]	Niphobolus
40947	d2e1062289Meyers-1905	Farsetĭa	Kruziferen
40980	d2e1063054Meyers-1905	Fasel [1]	Dolichos
41072	d2e1065374Meyers-1905	Fatsĭa	Araliazeen
41400	d2e1073838Meyers-1905	Feilenmuschel	Monomyarier
41918	d2e1087223Meyers-1905	Ferolĭa	Rosazeen
41919	d2e1087250Meyers-1905	Feronĭa [1]	Rutazeen
42024	d2e1089884Meyers-1905	Ferŭla	Umbelliferen
42087	d2e1092492Meyers-1905	Festūca [2]	Gramineen
42164	d2e1095443Meyers-1905	Fettkraut	Pinguicula
42421	d2e1103121Meyers-1905	Fichte [1]	Koniferen
42462	d2e1104626Meyers-1905	Ficus	Morazeen
42744	d2e1111689Meyers-1905	Fingerhut	Digital
42754	d2e1111881Meyers-1905	Fingertiere	Chiromys
42774	d2e1112278Meyers-1905	Fink [1]	Sperlingsvögel
43020	d2e1121622Meyers-1905	Fistulīna	Polyporeen
43045	d2e1122270Meyers-1905	Fitzroya	Koniferen
43117	d2e1124158Meyers-1905	Flachmalerei	dekorativen Malerei
43142	d2e1125083Meyers-1905	Flacourtĭa	Flakourtiazeen
43353	d2e1130181Meyers-1905	Flechten [1]	Chroolepus
43353	d2e1130181Meyers-1905	Flechten [1]	Cladonia
43530	d2e1135047Meyers-1905	Fliegender Fisch [2]	Pharyngognathi
43669	d2e1138562Meyers-1905	Florfliege	Netzflügler
43704	d2e1139357Meyers-1905	Flösselhecht	Polypterus
43721	d2e1139850Meyers-1905	Flötenvogel	Raben
43781	d2e1141162Meyers-1905	Flüevogel	Sperlingsvögel
43786	d2e1141365Meyers-1905	Flugbeutler	Beuteltiere
43803	d2e1141721Meyers-1905	Flügeleiche	Dryobalanops
43806	d2e1141778Meyers-1905	Flügelfrucht	Pterocarpus
43839	d2e1142433Meyers-1905	Flughuhn	Hühnervögel
43941	d2e1144973Meyers-1905	Flußkrebs	Scherenkrebse
43949	d2e1145219Meyers-1905	Flußpferd	Huftiere
44119	d2e1148826Meyers-1905	Fomes	Polyporus
44136	d2e1149151Meyers-1905	Foenicŭlum	Umbelliferen
44170	d2e1149954Meyers-1905	Fontinālis	Pleurokarpen
44585	d2e1160918Meyers-1905	Fouquierĭa	Tamarikazeen
44593	d2e1161134Meyers-1905	Fourcroya	Amaryllidazeen
44768	d2e1166129Meyers-1905	Frankenĭa	Frankeniazeen
45060	d2e1183362Meyers-1905	Freesĭa	Iridazeen
45067	d2e1183504Meyers-1905	Fregattenvogel	Schwimmvögel
45341	d2e1191003Meyers-1905	Freycinetĭa	Pandanazeen
45559	d2e1198610Meyers-1905	Fritillarĭa	Liliazeen
45646	d2e1200730Meyers-1905	Froschbiß	Hydrocharis
45838	d2e1205971Meyers-1905	Fuchsĭa	Onagrazeen
45851	d2e1206319Meyers-1905	Fuchsschwanz	Alopecurus
46019	d2e1210096Meyers-1905	Fumāgo	Askomyzeten
46021	d2e1210146Meyers-1905	Fumarĭa	Papaverazeen
46154	d2e1213005Meyers-1905	Furchtkäfer	Blattkäfer
46544	d2e1223169Meyers-1905	Gaillardĭa	Kompositen
46602	d2e1224384Meyers-1905	Galanthus	Amaryllidazeen
46613	d2e1224718Meyers-1905	Galatea	Dekapoden
46622	d2e1224937Meyers-1905	Galax	Diapensiazeen
46639	d2e1225472Meyers-1905	Galēga	Leguminosen
46655	d2e1225810Meyers-1905	Galĕopsis	Labiaten
46694	d2e1226824Meyers-1905	Galinsoga	Kompositen
46705	d2e1227084Meyers-1905	Galĭum	Rubiazeen
46860	d2e1232366Meyers-1905	Galtonia	Liliazeen
47043	d2e1237455Meyers-1905	Gänsefuß	Chenopodium
47131	d2e1239387Meyers-1905	Garcinĭa	Guttiferen
47154	d2e1239959Meyers-1905	Gardenĭa	Rubiazeen
47327	d2e1245063Meyers-1905	Gartensänger	Sperlingsvögel
47591	d2e1251891Meyers-1905	Gauklerblume	Mimulus
47596	d2e1251988Meyers-1905	Gaultherĭa	Erikazeen
48136	d2e1268703Meyers-1905	Geierfalke	Falken
48188	d2e1270089Meyers-1905	Geißblatt	Lonicera
48202	d2e1270368Meyers-1905	Geißfuß [1]	Aegopodium
48208	d2e1270489Meyers-1905	Geissospermum	Apocynazeen
48418	d2e1276243Meyers-1905	Gellert	Fabel
48431	d2e1276567Meyers-1905	Gelsemĭum	Loganiazeen
48760	d2e1284718Meyers-1905	Genista	Leguminosen
48805	d2e1286391Meyers-1905	Gentiāna	Gentianazeen
48898	d2e1289915Meyers-1905	Geonoma	Palmen
48939	d2e1291566Meyers-1905	Georgīna	Kompositen
48974	d2e1292348Meyers-1905	Gepard	Raubtiere
49004	d2e1293308Meyers-1905	Geranĭum [1]	Geraniazeen
49232	d2e1299910Meyers-1905	Gerste	Gramineen
49232	d2e1299910Meyers-1905	Gerste	Zeocriton
49344	d2e1302998Meyers-1905	Geschichte	Historiographie
49545	d2e1311462Meyers-1905	Gesnēria	Gesneriazeen
49700	d2e1316809Meyers-1905	Gēum	Rosazeen
49970	d2e1325074Meyers-1905	Gibbon [1]	Anthropomorphen
50106	d2e1329881Meyers-1905	Giftstachelfisch	Stachelflosser
50173	d2e1331620Meyers-1905	Gilĭa	Polemoniazeen
50230	d2e1332886Meyers-1905	Ginkgo	Koniferen
50308	d2e1335337Meyers-1905	Girardinĭa	Urtikazeen
50438	d2e1338411Meyers-1905	Gladíolus	Iridazeen
50471	d2e1339271Meyers-1905	Glanzgras	Phalaris
50666	d2e1344651Meyers-1905	Glaux	Primulazeen
50677	d2e1344884Meyers-1905	Glechōma	Labiaten
50680	d2e1344951Meyers-1905	Gleditschĭa	Leguminosen
50722	d2e1346788Meyers-1905	Gleiße	Aethusa
50859	d2e1350646Meyers-1905	Glockenblume	Campanula
51007	d2e1353999Meyers-1905	Glycerĭa	Gramineen
51014	d2e1354162Meyers-1905	Glycyrrhīza	Leguminosen
51097	d2e1356201Meyers-1905	Gnaphalĭum	Kompositen
51115	d2e1356752Meyers-1905	Gnetum	Gnetazeen
51129	d2e1357041Meyers-1905	Gnomonĭa	Askomyzeten
51191	d2e1358755Meyers-1905	Godetĭa	Onagrazeen
51434	d2e1364952Meyers-1905	Goldrute	Solidago
51486	d2e1366471Meyers-1905	Goldwurz	Chelidonium
51577	d2e1368625Meyers-1905	Gomphrēna	Amarantazeen
51620	d2e1369714Meyers-1905	Gonolŏbus	Asklepiadazeen
51970	d2e1379784Meyers-1905	Gourliēa	Leguminosen
52372	d2e1390096Meyers-1905	Graphis	Krustenflechten
52372	d2e1390096Meyers-1905	Graphis	Chroolepus
52469	d2e1393315Meyers-1905	Gratiŏla	Skrofulariazeen
52862	d2e1403039Meyers-1905	Grias	Lecythidazeen
52966	d2e1409080Meyers-1905	Grindelĭa	Kompositen
53455	d2e1424782Meyers-1905	Gründling	Karpfen
53685	d2e1429839Meyers-1905	Guajācum	Zygophyllazeen
53764	d2e1432305Meyers-1905	Guazūma	Sterkuliazeen
53924	d2e1436469Meyers-1905	Guinēa	Hyphaene
53958	d2e1437686Meyers-1905	Guizotĭa	Kompositen
54080	d2e1440606Meyers-1905	Gunnēra	Halorrhagidazeen
54162	d2e1442487Meyers-1905	Gürtelechse	Eidechsen
54173	d2e1442702Meyers-1905	Gürteltier	Zahnlücker
54173	d2e1442702Meyers-1905	Gürteltier	Euphractes
54406	d2e1448697Meyers-1905	Gymnadenĭa	Orchidazeen
54415	d2e1449379Meyers-1905	Gymnēma	Asklepiadazeen
54420	d2e1449487Meyers-1905	Gymnoclādus	Leguminosen
54445	d2e1449972Meyers-1905	Gynerĭum	Gramineen
54464	d2e1450394Meyers-1905	Gypsophĭla	Karyophyllazeen
54546	d2e1452913Meyers-1905	Haarmücke	Mücken
54622	d2e1454663Meyers-1905	Habicht [1]	Raubvögel
54776	d2e1458257Meyers-1905	Hafer	Gramineen
54826	d2e1459619Meyers-1905	Hagedorn [1]	Mespilus
54855	d2e1460416Meyers-1905	Hagenĭa	Rosazeen
54886	d2e1461089Meyers-1905	Häher	Sperlingsvögel
54897	d2e1461543Meyers-1905	Hahnenfuß	Ranunculus
54899	d2e1461580Meyers-1905	Hahnenkamm [1]	Celosia
54955	d2e1463038Meyers-1905	Hainbinse	Luzula
54956	d2e1463060Meyers-1905	Hainbuche	Betulazeen
55197	d2e1468116Meyers-1905	Halesĭa	Styrakazeen
55230	d2e1468922Meyers-1905	Halimodéndron	Leguminosen
55318	d2e1471480Meyers-1905	Halobĭenschichten	Halobia
55334	d2e1471773Meyers-1905	Haloxўlon	Chenopodiazeen
55400	d2e1473172Meyers-1905	Halymenĭa	Rotalgen
55400	d2e1473172Meyers-1905	Halymenĭa	Schizymenia
55419	d2e1473670Meyers-1905	Haemamoeba	Hämosporidien
55422	d2e1473743Meyers-1905	Haemanthus	Amaryllidazeen
55463	d2e1474587Meyers-1905	Haematoxўlon	Leguminosen
55545	d2e1477680Meyers-1905	Hammerfisch	Menschenhaie
55641	d2e1479956Meyers-1905	Hancornĭa	Apocynazeen
55874	d2e1487666Meyers-1905	Handwühle	Ringelechsen
55882	d2e1487910Meyers-1905	Hanf [1]	Morazeen
55891	d2e1488347Meyers-1905	Hänfling	Finken
56332	d2e1500347Meyers-1905	Hartheu	Hypericum
56466	d2e1503879Meyers-1905	Haselstrauch	Betulazeen
56469	d2e1504057Meyers-1905	Haselwurz	Asarum
56647	d2e1507900Meyers-1905	Hauhechel	Ononis
56814	d2e1511567Meyers-1905	Hauslaub	Sempervivum
56878	d2e1513412Meyers-1905	Hauswurz	Sempervivum
57135	d2e1520960Meyers-1905	Hecht [1]	Edelfische
57195	d2e1522137Meyers-1905	Hedeōma	Labiaten
57196	d2e1522163Meyers-1905	Hedĕra	Araliazeen
57315	d2e1525705Meyers-1905	Heide [2]	Erica
57331	d2e1526017Meyers-1905	Heidekraut	Calluna
57714	d2e1536692Meyers-1905	Heleocharis	Cyperazeen
57733	d2e1537198Meyers-1905	Helianthĕmum	Zistazeen
57735	d2e1537246Meyers-1905	Helĭanthus	Kompositen
57738	d2e1537378Meyers-1905	Helichrўsum	Kompositen
57741	d2e1537517Meyers-1905	Heliconĭa	Musazeen
57742	d2e1537543Meyers-1905	Helicoprion Bessonowi	Haifische
57742	d2e1537543Meyers-1905	Helicoprion Bessonowi	Edestus
57775	d2e1538422Meyers-1905	Heliotropĭum	Asperifoliazeen
57805	d2e1539113Meyers-1905	Hellebŏrus	Ranunkulazeen
57957	d2e1542674Meyers-1905	Hemidésmus	Asklepiadazeen
58131	d2e1546468Meyers-1905	Hepatĭca	Ranunkulazeen
58171	d2e1547281Meyers-1905	Heraclĕum	Umbelliferen
58314	d2e1551465Meyers-1905	Hering [1]	Edelfische
58334	d2e1552025Meyers-1905	Heritĭera	Sterkuliazeen
58470	d2e1555364Meyers-1905	Herŏisch	Landschaftsmalerei
58911	d2e1566888Meyers-1905	Hevēa	Euphorbiazeen
59031	d2e1569779Meyers-1905	Hibiscus	Malvazeen
59071	d2e1570694Meyers-1905	Hiëracĭum	Kompositen
59083	d2e1571037Meyers-1905	Hierochloë	Gramineen
59426	d2e1580091Meyers-1905	Hippeastrum	Amaryllidazeen
59463	d2e1580886Meyers-1905	Hippomane	Euphorbiazeen
59471	d2e1581040Meyers-1905	Hippophaë	Eläagnazeen
59484	d2e1581280Meyers-1905	Hippūris	Halorrhagidazeen
59531	d2e1582253Meyers-1905	Hirsch [1]	Paarzeher
59542	d2e1582945Meyers-1905	Hirscheber	Paarzeher
59555	d2e1583264Meyers-1905	Hirschkäfer	Blatthörner
59579	d2e1583787Meyers-1905	Hirse	Gramineen
59582	d2e1583947Meyers-1905	Hirsegras	Milium
59597	d2e1584207Meyers-1905	Hirtenstar	Sperlingsvögel
60206	d2e1600532Meyers-1905	Hohlrüßler	Rüsselkäfer
60251	d2e1601564Meyers-1905	Holarrhēna	Apocynazeen
60263	d2e1602017Meyers-1905	Holcus	Gramineen
60408	d2e1605481Meyers-1905	Holunder	Sambucus
60807	d2e1616100Meyers-1905	Hopea	Dipterokarpazeen
60813	d2e1616234Meyers-1905	Hopfen [1]	Morazeen
60986	d2e1620596Meyers-1905	Hornhecht	Knochenfische
61013	d2e1621131Meyers-1905	Hornrachen	Klettervögel
61172	d2e1624452Meyers-1905	Hosta	Liliazeen
61245	d2e1626176Meyers-1905	Hovenĭa	Rhamnazeen
61261	d2e1626768Meyers-1905	Hoya [1]	Asklepiadazeen
61433	d2e1630996Meyers-1905	Huflattich	Tussilago
61483	d2e1633244Meyers-1905	Huhn	Hühnervögel
61621	d2e1637263Meyers-1905	Hummel [1]	Hautflügler
61634	d2e1637670Meyers-1905	Humoreske	Phantasiestücke
61652	d2e1638207Meyers-1905	Hund [2]	Windhunde
61697	d2e1640091Meyers-1905	Hundsfisch	Edelfische
61816	d2e1642833Meyers-1905	Hura	Euphorbiazeen
61978	d2e1647038Meyers-1905	Hyacinthus	Liliazeen
61988	d2e1647253Meyers-1905	Hyalonēma	Kieselschwämme
62013	d2e1647819Meyers-1905	Hydatīna	Rädertiere
62036	d2e1648318Meyers-1905	Hydrangĕa L.	Saxifragazeen
62042	d2e1648530Meyers-1905	Hydrastis	Ranunkulazeen
62152	d2e1651146Meyers-1905	Hydrosme	Arazeen
62220	d2e1652733Meyers-1905	Hymenaea	Leguminosen
62238	d2e1653216Meyers-1905	Hyoscyămus	Solanazeen
62274	d2e1654131Meyers-1905	Hyperĭcum	Guttiseren
62314	d2e1654897Meyers-1905	Hyphaene	Palmen
62332	d2e1655445Meyers-1905	Hypnum	pleurokarpen Moose
62438	d2e1657535Meyers-1905	Hyssōpus	Labiaten
62502	d2e1659164Meyers-1905	Ibēris	Kruziferen
62588	d2e1661082Meyers-1905	Ichthyophthirĭus	holotrichen Infusorien
62598	d2e1661249Meyers-1905	Icĭca	Protium
62610	d2e1661485Meyers-1905	Ictitherĭum	Zibetkatzen
62709	d2e1663781Meyers-1905	Idus [2]	Karpfen
62710	d2e1663798Meyers-1905	Idyll	Poesie
62770	d2e1665050Meyers-1905	Iguanŏdon	Dinosaurier
62854	d2e1666648Meyers-1905	Ilex	Aquifoliazeen
62915	d2e1667902Meyers-1905	Illicĭum	Magnoliazeen
62927	d2e1668241Meyers-1905	Illipe	Sapotazeen
63124	d2e1672914Meyers-1905	Impatĭens	Balsaminazeen
63134	d2e1673147Meyers-1905	Imperāta	Gramineen
63419	d2e1679478Meyers-1905	Indigofera	Leguminosen
63709	d2e1686917Meyers-1905	Inga	Leguminosen
63714	d2e1687078Meyers-1905	Ingber	Zingiber
63748	d2e1687874Meyers-1905	Inger [1]	Rundmäuler
63787	d2e1688793Meyers-1905	Ingwer	Zingiber
64369	d2e1703076Meyers-1905	Intsĭa	Leguminosen
64379	d2e1703291Meyers-1905	Inŭla	Kompositen
64537	d2e1707010Meyers-1905	Ipomoea	Konvolvulazeen
64582	d2e1708051Meyers-1905	Iresīne	Amarantazeen
64588	d2e1708246Meyers-1905	Iriartēa	Palmen
64600	d2e1708640Meyers-1905	Iris [1]	Iridazeen
64700	d2e1712103Meyers-1905	Irvingĭa	Simarubazeen
64741	d2e1713154Meyers-1905	Isătis [1]	Kruziferen
64879	d2e1716942Meyers-1905	Isoëtes	Familie
65037	d2e1720531Meyers-1905	Italĭen	echten Eidechsen
65140	d2e1727878Meyers-1905	Ixĭa	Iridazeen
65145	d2e1727964Meyers-1905	Ixōra	Rubiazeen
65178	d2e1728728Meyers-1905	Jacaranda	Bignoniazeen
65465	d2e1736279Meyers-1905	Jambōsa	Myrtazeen
65579	d2e1741071Meyers-1905	Japarandiba	Lecythidiazeen
65631	d2e1742114Meyers-1905	Jasmīn	Jasminum
65636	d2e1742268Meyers-1905	Jasmīnum	Oleazeen
65676	d2e1743080Meyers-1905	Jātropha	Euphorbiazeen
65677	d2e1743152Meyers-1905	Jatrorrhiza	Menispermazeen
66011	d2e1752449Meyers-1905	Joannesĭa	Euphorbiazeen
66175	d2e1757252Meyers-1905	Johannisbeerstrauch	Gattung
66207	d2e1757941Meyers-1905	Johanniswürmchen	Weichkäfer
66294	d2e1760739Meyers-1905	Jonson	Masken
66427	d2e1764330Meyers-1905	Jubāēa	Palmen
66645	d2e1771070Meyers-1905	Juncus	Junkazeen
67156	d2e1783873Meyers-1905	Kaffeebaum	Rubiazeen
67312	d2e1787971Meyers-1905	Kaiserkrone [2]	Fritillaria
67371	d2e1789285Meyers-1905	Kakaobaum	Sterkuliazeen
67775	d2e1799537Meyers-1905	Kalmar [1]	Tintenschnecken
67781	d2e1799762Meyers-1905	Kalmĭa	Erikazeen
67924	d2e1803011Meyers-1905	Kambrische Formation	Paradoxides
68060	d2e1806463Meyers-1905	Kammfloh	Flöhe
68226	d2e1811538Meyers-1905	Kanariengras	Phalaris
68657	d2e1822743Meyers-1905	Kaprotīnenkalk	Caprotina
68805	d2e1825760Meyers-1905	Karatas	Bromeliazeen
68901	d2e1827996Meyers-1905	Kardināl [3]	Sperlingsvögel
69142	d2e1836996Meyers-1905	Karr	Proverbes
69455	d2e1845247Meyers-1905	Kassĭe	Cassia
69548	d2e1847354Meyers-1905	Kasuar	Kurzflügler
69906	d2e1856905Meyers-1905	Kautschuk	Tabernaemontana
70037	d2e1860230Meyers-1905	Kegelschnecke	Vorderkiemer
70116	d2e1862548Meyers-1905	Keilschrift	persischen Keilinschriften
70311	d2e1867596Meyers-1905	Kennedya	Leguminosen
70339	d2e1868178Meyers-1905	Kentĭa	Palmen
70509	d2e1872451Meyers-1905	Kerrĭa	Rosazeen
70739	d2e1877640Meyers-1905	Khaya	Meliazeen
70793	d2e1878857Meyers-1905	Kickxĭa	Apocynazeen
70806	d2e1879130Meyers-1905	Kiebitz [1]	Watvögel
70812	d2e1879296Meyers-1905	Kiefer [2]	Koniferen
70882	d2e1881236Meyers-1905	Kiemenfuß	Krebstiere
70974	d2e1883550Meyers-1905	Kigelĭa	Bignoniazeen
71018	d2e1884398Meyers-1905	Killifisch	Knochenfische
71446	d2e1895887Meyers-1905	Kirschbaum	Gattung
71461	d2e1896369Meyers-1905	Kirschmyrte	Eugenia
71674	d2e1900848Meyers-1905	Klammerstrauch	Echites
71708	d2e1901635Meyers-1905	Klapperschote	Crotalaria
71844	d2e1904950Meyers-1905	Klee [1]	Leguminosen
71872	d2e1905797Meyers-1905	Kleiber	Sperlingsvögel
72036	d2e1910067Meyers-1905	Klette	Arctium
72136	d2e1912659Meyers-1905	Klippenvogel	Sperlingsvögel
72906	d2e1930768Meyers-1905	Kohl [2]	Kruziferen
74602	d2e1974888Meyers-1905	Koompassĭa	Leguminosen
74620	d2e1975393Meyers-1905	Kopaīvabaum	Copaifera
74623	d2e1975446Meyers-1905	Kopale	Copaifera
74923	d2e1983346Meyers-1905	Kormoran	Schwimmvögel
75477	d2e1996342Meyers-1905	Kragenvogel	Sperlingsvögel
75544	d2e1997817Meyers-1905	Kramerĭa	Leguminosen
75670	d2e2001976Meyers-1905	Krapp	Rubia
75733	d2e2003330Meyers-1905	Kratzdistel	Cirsium
75754	d2e2003762Meyers-1905	Kraunhĭa	Leguminosen
75841	d2e2006176Meyers-1905	Krebswurzel	Polygonum
76035	d2e2011450Meyers-1905	Kresse	Lepidium
76141	d2e2014395Meyers-1905	Kreuzkraut	Senecio
76165	d2e2014947Meyers-1905	Kreuzschnabel	Sperlingsvögel
76586	d2e2027511Meyers-1905	Kronentaube	Taubenvögel
76924	d2e2034843Meyers-1905	Kuckuck [1]	Klettervögel
76994	d2e2036613Meyers-1905	Kugelfisch	Haftkiefer
77105	d2e2038901Meyers-1905	Kuhvogel	Sperlingsvögel
77640	d2e2052975Meyers-1905	Kürbis	Kukurbitazeen
77694	d2e2054265Meyers-1905	Kurkuma	Curcuma
77795	d2e2057002Meyers-1905	Kurzschwanzaffe	breitnasigen Affen
78110	d2e2064447Meyers-1905	Labat	Labatia
78146	d2e2065289Meyers-1905	Labkraut	Galium
78147	d2e2065309Meyers-1905	Lablab	Leguminosen
78187	d2e2066366Meyers-1905	Laburnum	Leguminosen
78227	d2e2067324Meyers-1905	Lachenalĭa	Liliazeen
78301	d2e2069458Meyers-1905	Lactūca	Kompositen
78327	d2e2070120Meyers-1905	Ladenbergĭa	Rubiazeen
78512	d2e2075141Meyers-1905	Lagūrus	Gräser
78655	d2e2078260Meyers-1905	Lama [3]	paarzehigen Huftiere
78753	d2e2081035Meyers-1905	Lamĭum	Labiaten
79013	d2e2087837Meyers-1905	Landolphĭa	Apocynazeen
79016	d2e2087949Meyers-1905	Landor	Totengespräche
79306	d2e2097051Meyers-1905	Langsdorffia	Balanophorazeen
79331	d2e2097578Meyers-1905	Languste	Panzerkrebse
79370	d2e2098450Meyers-1905	Lantāna	Verbenazeen
79476	d2e2101098Meyers-1905	Lärche	Koniferen
79528	d2e2102629Meyers-1905	Larrea	Zygophyllazeen
79544	d2e2103083Meyers-1905	Larventaucher	Schwimmvögel
79659	d2e2105585Meyers-1905	Latanĭa	Palmen
79700	d2e2107221Meyers-1905	Laternenträger	Halbflügler
79707	d2e2107414Meyers-1905	Lathraea	Orobanchazeen
79710	d2e2107518Meyers-1905	Lathўrus	Leguminosen
79761	d2e2108790Meyers-1905	Lattich	Kompositen
79809	d2e2109986Meyers-1905	Laubsänger	Sperlingsvögel
79814	d2e2110169Meyers-1905	Lauch [1]	Liliazeen
79965	d2e2113718Meyers-1905	Laurus	Laurazeen
80059	d2e2116666Meyers-1905	Lavandŭla	Labiaten
80065	d2e2116918Meyers-1905	Lavatēra	Malvazeen
80118	d2e2118495Meyers-1905	Lawsonĭa	Lythrazeen
80214	d2e2120631Meyers-1905	Lebendiggebärende Pflanzen	Cryptocoryne
80361	d2e2125239Meyers-1905	Lecythis	Lecythidazeen
80425	d2e2127085Meyers-1905	Ledum	Erikazeen
80773	d2e2136936Meyers-1905	Leierschwanz	Familie
80816	d2e2137996Meyers-1905	Leindotter	Camelina
80834	d2e2138454Meyers-1905	Leinkraut	Linaria
80989	d2e2142812Meyers-1905	Lemming	Nagetiere
80990	d2e2142853Meyers-1905	Lemna	Lemnazeen
81167	d2e2147275Meyers-1905	Leontŏdon	Taraxacum
81178	d2e2148118Meyers-1905	Leopoldinĭa	Palmen
81201	d2e2148553Meyers-1905	Lepargyrea	Eläagnazeen
81211	d2e2148780Meyers-1905	Lepidĭum	Kruziferen
81238	d2e2149387Meyers-1905	Leptadenĭa	Asklepiadazeen
81243	d2e2149489Meyers-1905	Leptochloa	Gräser
81245	d2e2149530Meyers-1905	Leptodon	fossilen Huftiere
81262	d2e2149863Meyers-1905	Leptōthrix	Schizomyzeten
81272	d2e2150110Meyers-1905	Lerche [1]	Sperlingsvögel
81437	d2e2154512Meyers-1905	Leucadendron	Proteazeen
81438	d2e2154538Meyers-1905	Leucaena	Leguminosen
81450	d2e2154884Meyers-1905	Leuchtenbergĭa	Kakteen
81506	d2e2157063Meyers-1905	Leucōjum	Amaryllidazeen
81634	d2e2159760Meyers-1905	Levistĭcum	Umbelliferen
81639	d2e2159916Meyers-1905	Levkoje	Matthiola
81743	d2e2162489Meyers-1905	Liatris	Kompositen
81955	d2e2167427Meyers-1905	Licuāla	Palmen
82002	d2e2168551Meyers-1905	Liebesapfel	Lycopersicum
82031	d2e2169291Meyers-1905	Liebstöckel	Levisticum
82152	d2e2171977Meyers-1905	Ligustĭcum	Umbelliferen
82153	d2e2172013Meyers-1905	Ligustrum	Oleazeen
82173	d2e2172595Meyers-1905	Lilĭe [1]	Lilium
82188	d2e2172926Meyers-1905	Lilĭum	Liliazeen
82298	d2e2175454Meyers-1905	Linarĭa [1]	Skrofulariazeen
82315	d2e2175929Meyers-1905	Linde [1]	Tiliazeen
82422	d2e2178449Meyers-1905	Linienschiffe	Kriegsschiffe
82446	d2e2179011Meyers-1905	Linnaea	Kaprifoliazeen
82464	d2e2179892Meyers-1905	Linse [3]	Leguminosen
82479	d2e2180316Meyers-1905	Linum [1]	Linazeen
82546	d2e2182044Meyers-1905	Lippĭa	Verbenazeen
82574	d2e2182752Meyers-1905	Liquidambar	Hamamelidazeen
82594	d2e2183361Meyers-1905	Lirĭodendron	Magnoliazeen
82595	d2e2183394Meyers-1905	Lirĭosma	Olakazeen
82613	d2e2183753Meyers-1905	Lisianthus	Gentianazeen
82724	d2e2186646Meyers-1905	Lithospermum	Borraginazeen
82821	d2e2188867Meyers-1905	Livistona	Palmen
82922	d2e2191132Meyers-1905	Loāsa	Loasazeen
82941	d2e2191568Meyers-1905	Lobelĭa	Kampanulazeen
82992	d2e2192723Meyers-1905	Lochnera	Apocynazeen
83057	d2e2194337Meyers-1905	Lodoïcēa	Palmen
83075	d2e2194735Meyers-1905	Löffelreiher	Watvögel
83254	d2e2198657Meyers-1905	Lokomobīle	Arbeitsmaschine
83273	d2e2199946Meyers-1905	Lolch	Lolium
83275	d2e2199982Meyers-1905	Lolĭum	Gramineen
83388	d2e2203795Meyers-1905	Lonicēra	Kaprifoliazeen
83440	d2e2205153Meyers-1905	Lophophўtum	Balanophorazeen
83454	d2e2205425Meyers-1905	Loranthus	Loranthazeen
83495	d2e2206344Meyers-1905	Lori	Halbaffen
83650	d2e2210568Meyers-1905	Lotus	Leguminosen
83729	d2e2212554Meyers-1905	Löwe [1]	Katzen
83748	d2e2213197Meyers-1905	Löwenmaul	Antirrhinum
83759	d2e2213480Meyers-1905	Löwenzahn	Taraxacum
83781	d2e2213913Meyers-1905	Loxosōma	Ectoprocta
83869	d2e2216130Meyers-1905	Luchs [1]	Raubtiergattung
83987	d2e2220390Meyers-1905	Luffa	Kukurbitazeen
84222	d2e2227185Meyers-1905	Lumme	Schwimmvögel
84230	d2e2227380Meyers-1905	Lumpfisch	Stachelflosser
84236	d2e2227516Meyers-1905	Lunarĭa	Kruziferen
84356	d2e2230713Meyers-1905	Lupīne	Leguminosen
84547	d2e2235729Meyers-1905	Luzŭla	Junkazeen
84564	d2e2236111Meyers-1905	Lychnis	Karyophyllazeen
84568	d2e2236268Meyers-1905	Lycĭum	Solanazeen
84571	d2e2236397Meyers-1905	Lycopersĭcum	Solanum
84573	d2e2236461Meyers-1905	Lycopodĭum	Lykopodiazeen
84666	d2e2238989Meyers-1905	Lyonĭa	Erikazeen
84672	d2e2239157Meyers-1905	Lyperĭa	Skrofulariazeen
84673	d2e2239199Meyers-1905	Lyra [1]	Violen
84673	d2e2239199Meyers-1905	Lyra [1]	Lyren
84676	d2e2239318Meyers-1905	Lyrik	Poesie
84688	d2e2239754Meyers-1905	Lysimachĭa	Primulazeen
84703	d2e2240065Meyers-1905	Lythrum E.	Lythrazeen
84754	d2e2241880Meyers-1905	Maba [2]	Ebenazeen
84826	d2e2243956Meyers-1905	Machaerĭum	Leguminosen
84877	d2e2245322Meyers-1905	Macleya	Papaverazeen
84879	d2e2245385Meyers-1905	Maclūra	Morazeen
84906	d2e2246080Meyers-1905	Macrocystis	Braunalgen
84974	d2e2248140Meyers-1905	Madenhacker	Sperlingsvögel
84976	d2e2248187Meyers-1905	Madenwurm	Spulwürmer
84985	d2e2248387Meyers-1905	Madĭa	Kompositen
85366	d2e2258606Meyers-1905	Magnolĭa	Magnoliazeen
85467	d2e2261195Meyers-1905	Mahonĭa	Berberidazeen
85532	d2e2262783Meyers-1905	Maikäfer	Blatthornkäfer
85619	d2e2265353Meyers-1905	Mais	Gramineen
85656	d2e2266370Meyers-1905	Maiwurm	Blasenkäfer
85682	d2e2266963Meyers-1905	Majorān	Origanum
85735	d2e2268239Meyers-1905	Maki	Halbaffen
85754	d2e2268766Meyers-1905	Makrēle	Stachelflosser
85807	d2e2269969Meyers-1905	Malacobdella	Schnurwürmer
85861	d2e2271446Meyers-1905	Malarĭa	Anopheles
86015	d2e2276591Meyers-1905	Mallōtus	Euphorbiazeen
86104	d2e2278796Meyers-1905	Malva	Malvazeen
86110	d2e2278997Meyers-1905	Malvastrum	Malvazeen
86160	d2e2280233Meyers-1905	Mamillarĭa	Kaktazeen
86166	d2e2280358Meyers-1905	Mammēa	Guttiferen
86260	d2e2282620Meyers-1905	Mandelbaum	Gattung
86267	d2e2282817Meyers-1905	Mandelkrähe	Klettervögel
86295	d2e2283552Meyers-1905	Mandragŏra	Solanazeen
86406	d2e2286187Meyers-1905	Mangifēra	Anakardiazeen
86447	d2e2287053Meyers-1905	Manihot	Euphorbiazeen
86563	d2e2290036Meyers-1905	Mannstreu	Eryngium
86733	d2e2294290Meyers-1905	Mara [1]	Nagetiere
86737	d2e2294376Meyers-1905	Marabu	Watvögel
86763	d2e2294890Meyers-1905	Maranta	Marantazeen
87374	d2e2311616Meyers-1905	Marokko [2]	Pterospartum
87417	d2e2313124Meyers-1905	Marrubĭum	Labiaten
87469	d2e2314599Meyers-1905	Marsdenĭa	Asklepiadazeen
87492	d2e2315319Meyers-1905	Marsilĭa	Gefäßkryptogamen
87605	d2e2318317Meyers-1905	Martynĭa	Martyniazeen
87654	d2e2319540Meyers-1905	Maesa	Myrsinazeen
87725	d2e2321429Meyers-1905	Masdevallĭa	Orchideen
88070	d2e2330644Meyers-1905	Matricarĭa	Kompositen
88124	d2e2331875Meyers-1905	Matthiŏla	Kruziferen
88224	d2e2334801Meyers-1905	Maulwurf	Insektenfresser
88250	d2e2335584Meyers-1905	Maurĭa	Anakardiazeen
88262	d2e2335895Meyers-1905	Mauritĭa	Palmen
88288	d2e2336738Meyers-1905	Mauseohr	Myosotis
88339	d2e2338099Meyers-1905	Maximiliāna	Palmen
88340	d2e2338131Meyers-1905	Maximilianēa	Bixazeen
88518	d2e2343401Meyers-1905	Medemĭa	Palmen
88545	d2e2343941Meyers-1905	Medicāgo	Leguminosen
88579	d2e2344935Meyers-1905	Medinilla	Melastomazeen
88655	d2e2347633Meyers-1905	Meeraal	Edelfische
88657	d2e2347695Meyers-1905	Meeraloë	Stratiotes
88660	d2e2347757Meyers-1905	Meeräsche	Stachelflosser
88672	d2e2348021Meyers-1905	Meerdrache	Stachelflosser
88709	d2e2349415Meyers-1905	Meerleuchten	Geißelträger
88721	d2e2349662Meyers-1905	Meerohr	Vorderkiemer
88735	d2e2349972Meyers-1905	Meerschweinchen	Nagetiere
88801	d2e2351291Meyers-1905	Megatherĭum	Zahnlücker
88920	d2e2353889Meyers-1905	Meise	Sperlingsvögel
88988	d2e2355988Meyers-1905	Melaleuca	Myrtazeen
89000	d2e2356400Meyers-1905	Melandryum	Karyophyllazeen
89007	d2e2356598Meyers-1905	Melanĭenkalk	Melania
89085	d2e2358255Meyers-1905	Melĭa	Meliazeen
89091	d2e2358400Meyers-1905	Melĭca	Gramineen
89093	d2e2358475Meyers-1905	Melicerta	Rädertiere
89106	d2e2358691Meyers-1905	Melilōtus	Leguminosen
89124	d2e2359079Meyers-1905	Melissa [2]	Labiaten
89165	d2e2360001Meyers-1905	Melocactus	Kakteen
89342	d2e2364248Meyers-1905	Menispermum	Menispermazeen
89416	d2e2366914Meyers-1905	Mentha	Labiaten
89425	d2e2367207Meyers-1905	Mentzelĭa	Loasazeen
89475	d2e2368472Meyers-1905	Mercuriālis	Euphorbiazeen
89632	d2e2372312Meyers-1905	Mertensĭa	Gleicheniazeen
89684	d2e2373335Meyers-1905	Mesembrianthĕmum	Aizoazeen
89737	d2e2374635Meyers-1905	Mespĭlus	Rosazeen
89774	d2e2376057Meyers-1905	Messerscheide	Klaffmuscheln
89833	d2e2377590Meyers-1905	Mesŭa	Guttiferen
90154	d2e2386435Meyers-1905	Metrosidēros	Myrtazeen
90157	d2e2386524Meyers-1905	Metroxўlon	Palmen
90207	d2e2387852Meyers-1905	Mēum	Umbelliferen
90242	d2e2388751Meyers-1905	Mexiko [1]	Nototrema
90393	d2e2393913Meyers-1905	Microsporon	Hyphomyzeten
90507	d2e2396326Meyers-1905	Mikanĭa	Kompositen
90877	d2e2406324Meyers-1905	Milĭum [1]	Gramineen
91008	d2e2410028Meyers-1905	Mimosa	Leguminosen
91012	d2e2410191Meyers-1905	Mimŭlus	Skrofulariazeen
91015	d2e2410317Meyers-1905	Mimusops	Sapotazeen
91018	d2e2410429Meyers-1905	Mina [2]	Konvolvulazeen
91250	d2e2416955Meyers-1905	Mirabĭlis	Nyktaginiazeen
91307	d2e2418067Meyers-1905	Miscanthus	Gramineen
91685	d2e2427046Meyers-1905	Mnium	Laubmoose
91889	d2e2431464Meyers-1905	Mohn [1]	Papaver
91920	d2e2432095Meyers-1905	Mohrrübe	Umbelliferen
92037	d2e2435253Meyers-1905	Molinĭa	Gramineen
92143	d2e2438070Meyers-1905	Momordĭca	Kukurbitazeen
92170	d2e2438774Meyers-1905	Monárda	Labiaten
92216	d2e2439824Meyers-1905	Mönchsschrift	Urkunden
92246	d2e2440787Meyers-1905	Mondfisch	Nacktzähner
92325	d2e2442662Meyers-1905	Monilĭa	Sclerotinia
92381	d2e2443962Meyers-1905	Monocystis	Gregarinen
92462	d2e2445631Meyers-1905	Monotropa	Pirolazeen
92498	d2e2446561Meyers-1905	Monstera	Arazeen
92555	d2e2448150Meyers-1905	Montbretĭa	Iridazeen
93051	d2e2461005Meyers-1905	Morinda	Rubiazeen
93055	d2e2461102Meyers-1905	Moringa	Moringazeen
93123	d2e2462958Meyers-1905	Morpho	Schmetterlinge
93192	d2e2464658Meyers-1905	Morus [1]	Morazeen
93244	d2e2466055Meyers-1905	Moschustier	Moschus
93538	d2e2473402Meyers-1905	Mucūna	Leguminosen
93916	d2e2483722Meyers-1905	Muntye	Landschaftsmalerei
93983	d2e2486009Meyers-1905	Muräne	Aale
94078	d2e2488510Meyers-1905	Musa	Musazeen
94084	d2e2488708Meyers-1905	Musanga	Morazeen
94093	d2e2488935Meyers-1905	Muscāri	Liliazeen
94510	d2e2499720Meyers-1905	Myosōtis	Borraginazeen
94519	d2e2499909Meyers-1905	Myrĭca	Myrikazeen
94530	d2e2500154Meyers-1905	Myristĭca	Myristikazeen
94538	d2e2500446Meyers-1905	Myrmecodĭa	Rubiazeen
94569	d2e2501133Meyers-1905	Myrtus	Myrtazeen
94789	d2e2506080Meyers-1905	Nachtaffe	Breitnasen
94816	d2e2506705Meyers-1905	Nachtkerze	Oenothera
94849	d2e2507329Meyers-1905	Nachtviole	Hesperis
94901	d2e2508455Meyers-1905	Nadelfisch	Büschelkiemer
95087	d2e2513643Meyers-1905	Naïs	Oligochäten
95094	d2e2513823Meyers-1905	Najadazeen	Familie
95294	d2e2519376Meyers-1905	Narcissus	Amaryllidazeen
95306	d2e2519715Meyers-1905	Nardostachys	Valerianazeen
95307	d2e2519755Meyers-1905	Nardus	Gramineen
95309	d2e2519812Meyers-1905	Naregamĭa	Meliazeen
95351	d2e2520726Meyers-1905	Narthecĭum	Liliazeen
95359	d2e2520892Meyers-1905	Narwal	Familie
95374	d2e2521382Meyers-1905	Nase [2]	Karpfen
95398	d2e2521987Meyers-1905	Nashornvogel	Hornvögel
95447	d2e2523164Meyers-1905	Nasturtĭum	Kruziferen
95606	d2e2526516Meyers-1905	Natterkopf	Echium
95953	d2e2534818Meyers-1905	Neckera	Laubmoose
95958	d2e2534929Meyers-1905	Nectandra	Laurazeen
96124	d2e2538714Meyers-1905	Nelumbĭum	Nymphäazeen
96162	d2e2539462Meyers-1905	Nemophĭla	Hydrophyllazeen
96233	d2e2541129Meyers-1905	Nepénthes [2]	Nepenthazeen
96235	d2e2541194Meyers-1905	Nepeta	Labiaten
96243	d2e2541410Meyers-1905	Nephelĭum [1]	Sapindazeen
96302	d2e2542609Meyers-1905	Nerīne	Amaryllidazeen
96308	d2e2542728Meyers-1905	Nerĭum	Apocynazeen
96322	d2e2543030Meyers-1905	Nertēra	Rubiazeen
96383	d2e2544951Meyers-1905	Nessel [1]	Urtica
97014	d2e2561446Meyers-1905	Nicandra	Solanazeen
97092	d2e2563510Meyers-1905	Nicotiana	Solanazeen
97109	d2e2563942Meyers-1905	Nidularĭum	Bromeliazeen
97358	d2e2573722Meyers-1905	Nigella	Ranunkulazeen
97378	d2e2574351Meyers-1905	Nigritella	Orchideen
97468	d2e2576703Meyers-1905	Nilhecht	Edelfische
97493	d2e2577301Meyers-1905	Nimmersatt [1]	Störche
97520	d2e2577929Meyers-1905	Nipa	Palmen
97594	d2e2579428Meyers-1905	Nitrarĭa	Zygophyllazeen
97919	d2e2586551Meyers-1905	Nopalĕa	Kakteen
97936	d2e2586900Meyers-1905	Nordamerika	Ziegenratten
98300	d2e2600808Meyers-1905	Notornis	Wasserhühner
98365	d2e2602196Meyers-1905	Novelle	Epischen
98573	d2e2606924Meyers-1905	Nuphar	Nymphäazeen
98720	d2e2609891Meyers-1905	Nymphaea	Nymphäazeen
98739	d2e2610508Meyers-1905	Nyssa	Kornazeen
99265	d2e2621514Meyers-1905	Ochrōma	Malvazeen
99298	d2e2622134Meyers-1905	Öcĭmum	Labiaten
99316	d2e2622615Meyers-1905	Ocotĕa	Laurazeen
99377	d2e2624111Meyers-1905	Odermennig	Agrimonia
99422	d2e2625261Meyers-1905	Odontoglossum	Orchideen
99432	d2e2625434Meyers-1905	Odontospermum	Kompositen
99840	d2e2634716Meyers-1905	Ölbaum [1]	Oleazeen
99875	d2e2636040Meyers-1905	Oldenlandĭa	Rubiazeen
99881	d2e2636153Meyers-1905	Oldfieldĭa	Euphorbiazeen
99898	d2e2636505Meyers-1905	Olĕander	Nerium
100204	d2e2643294Meyers-1905	Omphalodes	Asperifoliazeen
100224	d2e2643720Meyers-1905	Oenanthe	Umbelliferen
100230	d2e2643861Meyers-1905	Oncidĭum	Orchideen
100270	d2e2644621Meyers-1905	Onóbrychis	Leguminosen
100271	d2e2644657Meyers-1905	Oenocarpus	Palmen
100291	d2e2644998Meyers-1905	Onōnis	Leguminosen
100293	d2e2645077Meyers-1905	Onopórdon	Kompositen
100433	d2e2648425Meyers-1905	Ophiopogon	Liliazeen
100443	d2e2648636Meyers-1905	Ophrys	Orchideen
100476	d2e2649384Meyers-1905	Oplismēnus	Gramineen
100482	d2e2649508Meyers-1905	Opopánax	Umbelliferen
100556	d2e2651134Meyers-1905	Opuntĭa	Kaktazeen
100671	d2e2654248Meyers-1905	Orchis [1]	Orchidazeen
100768	d2e2656850Meyers-1905	Oreodóxa	Palmen
100803	d2e2657519Meyers-1905	Organist [2]	Sperlingsvögel
100865	d2e2659076Meyers-1905	Origănum	Labiaten
100964	d2e2662005Meyers-1905	Ornithogălum	Liliazeen
100971	d2e2662172Meyers-1905	Ornithŏpus	Leguminosen
100978	d2e2662318Meyers-1905	Orobanche	Orobanchazeen
101117	d2e2665679Meyers-1905	Orthosiphon	Labiaten
101418	d2e2672154Meyers-1905	Osterluzei	Aristolochia
101535	d2e2679012Meyers-1905	Ostrўa	Betulazeen
101595	d2e2680459Meyers-1905	Othonna	Kompositen
101725	d2e2683595Meyers-1905	Oudenŏdon	anomodonten Theromorphen
101751	d2e2684083Meyers-1905	Ourouparĭa	Rubiazeen
101845	d2e2686160Meyers-1905	Oxălis	Oxalidazeen
101884	d2e2687740Meyers-1905	Oxycēdrus	Gattung
102023	d2e2691595Meyers-1905	Pachyrrhīzus	Leguminosen
102117	d2e2694089Meyers-1905	Padus [1]	Gattung
102294	d2e2698307Meyers-1905	Palaquĭum	Sapotazeen
102621	d2e2706922Meyers-1905	Panax	Araliazeen
102629	d2e2707160Meyers-1905	Pancratĭum	Amaryllidazeen
102636	d2e2707306Meyers-1905	Pandănus	Pandanazeen
102651	d2e2707608Meyers-1905	Pandorina	Wimperalgen
102680	d2e2708236Meyers-1905	Pangĭum	Flacourtiazeen
102695	d2e2708514Meyers-1905	Panĭcum	Gräser
102889	d2e2712940Meyers-1905	Paeōnia	Ranunkulazeen
102904	d2e2713893Meyers-1905	Papageifisch	Schlundkiefer
102916	d2e2714128Meyers-1905	Papāver	Papaverazeen
102969	d2e2716221Meyers-1905	Papilĭo	Schmetterlinge
102991	d2e2716773Meyers-1905	Pappel	Salikazeen
103179	d2e2722230Meyers-1905	Paramaecĭum	Infusorien
103348	d2e2725707Meyers-1905	Parinarĭum	Rosazeen
103354	d2e2725908Meyers-1905	Pāris	Liliazeen
103451	d2e2729475Meyers-1905	Parmelĭa	Laubflechten
103458	d2e2729690Meyers-1905	Parnassĭa	Saxifragazeen
103690	d2e2734773Meyers-1905	Paspălum	Gräser
103765	d2e2736566Meyers-1905	Passiflōra	Passiflorazeen
103809	d2e2737643Meyers-1905	Pastellmalerei	Malerei
103819	d2e2737959Meyers-1905	Pastināca	Umbelliferen
104078	d2e2744218Meyers-1905	Paullinĭa	Sapindazeen
104080	d2e2744287Meyers-1905	Paulownĭa	Skrofulariazeen
104134	d2e2745611Meyers-1905	Pavĭan [2]	schmalnasigen Affen
104175	d2e2746465Meyers-1905	Payēna	Sapotazeen
104302	d2e2749085Meyers-1905	Pediculāris	Skrofulariazeen
104338	d2e2749989Meyers-1905	Pegănum	Zygophyllazeen
104396	d2e2751252Meyers-1905	Peireskĭa	Kaktazeen
104415	d2e2751641Meyers-1905	Peitschenschlange	Nattern
104471	d2e2752909Meyers-1905	Pelargonĭum	Geraniazeen
104479	d2e2753182Meyers-1905	Pelecyphŏra	Kaktazeen
104498	d2e2753520Meyers-1905	Pelikan [1]	Schwimmvögel
104582	d2e2755492Meyers-1905	Pelzflatterer	Galeopithecus
104709	d2e2758562Meyers-1905	Pennisētum	Gramineen
104749	d2e2759698Meyers-1905	Pentadesma	Guttiseren
104778	d2e2760253Meyers-1905	Pentastěmon	Skrofulariazeen
104827	d2e2761253Meyers-1905	Peperomĭa	Piperazeen
105013	d2e2765118Meyers-1905	Peridinĭum	Dinoflagellaten
105049	d2e2765866Meyers-1905	Perilla	Labiaten
105179	d2e2768454Meyers-1905	Perlhuhn	Hühnervögel
105307	d2e2771353Meyers-1905	Persěa	Laurazeen
105419	d2e2775351Meyers-1905	Perú	Nototrema
105526	d2e2778655Meyers-1905	Petasĭtes	Kompositen
105579	d2e2780272Meyers-1905	Petersilĭe	Umbelliferen
105759	d2e2784662Meyers-1905	Petunĭa	Solanazeen
105771	d2e2784917Meyers-1905	Peucedănum	Umbelliferen
105777	d2e2785151Meyers-1905	Peumus	Monimiazeen
105893	d2e2788339Meyers-1905	Pfau [2]	Scharrvögel
105902	d2e2788573Meyers-1905	Pfauentrogon	Klettervögel
105957	d2e2789841Meyers-1905	Pfeifhase	Nagetiere
106056	d2e2793404Meyers-1905	Pfirsichbaum	Gattung
106139	d2e2797007Meyers-1905	Pflanzenwachstum	Caulerpa
106159	d2e2798219Meyers-1905	Pflaumenbaum	Gattung
106208	d2e2799764Meyers-1905	Pfrille	Edelfische
106241	d2e2800505Meyers-1905	Phacelĭa	Hydrophyllazeen
106264	d2e2800986Meyers-1905	Phalangista	Beuteltiere
106270	d2e2801120Meyers-1905	Phalăris [1]	Gramineen
106358	d2e2803461Meyers-1905	Phaseŏlus	Leguminosen
106463	d2e2806102Meyers-1905	Philadelphus	Saxifragazeen
106530	d2e2808337Meyers-1905	Philodéndron	Arazeen
106579	d2e2810280Meyers-1905	Phlēum	Gramineen
106590	d2e2810584Meyers-1905	Phlox	Polemoniazeen
106632	d2e2811535Meyers-1905	Phoenix	Palmen
106661	d2e2812203Meyers-1905	Phormĭum	Liliazeen
106824	d2e2817445Meyers-1905	Phragmĭtes	Gramineen
106859	d2e2818167Meyers-1905	Phthirusa	Loranthazeen
106881	d2e2818578Meyers-1905	Phyllanthus	Euphorbiazeen
106891	d2e2818805Meyers-1905	Phyllocactus	Kakteen
106904	d2e2819059Meyers-1905	Phyllostachys	Gramineen
106913	d2e2819255Meyers-1905	Physălĭs	Solanazeen
106915	d2e2819329Meyers-1905	Physcĭa	Diskolichenen
106952	d2e2820895Meyers-1905	Physocalymna	Lythrazeen
106957	d2e2821000Meyers-1905	Physostígma	Leguminosen
106960	d2e2821073Meyers-1905	Phytelĕphas	Palmen
106961	d2e2821118Meyers-1905	Phyteuma	Kampanulazeen
106972	d2e2821312Meyers-1905	Phytolacca	Phytolakkazeen
107156	d2e2825380Meyers-1905	Pieper	Sperlingsvögel
107323	d2e2829122Meyers-1905	Pilocárpus	Rutazeen
107330	d2e2829284Meyers-1905	Pilot [3]	Stachelflosser
107341	d2e2829561Meyers-1905	Pilulāria	Marsiliazeen
107362	d2e2830949Meyers-1905	Piménta	Myrtazeen
107367	d2e2831113Meyers-1905	Pimpinella	Umbelliferen
107382	d2e2831423Meyers-1905	Pinaster	Pinus
107420	d2e2832280Meyers-1905	Pinguicŭla	Lentibulariazeen
107421	d2e2832314Meyers-1905	Pinguīn	Schwimmvögel
107485	d2e2833634Meyers-1905	Pinus	Koniferen
107510	d2e2834277Meyers-1905	Piper [1]	Piperazeen
107564	d2e2835773Meyers-1905	Pirol	Sperlingsvögel
107565	d2e2835819Meyers-1905	Pirola	Pirolazeen
107576	d2e2836198Meyers-1905	Pirus	Rosazeen
107588	d2e2836586Meyers-1905	Pisangfresser	Klettervögel
107601	d2e2836937Meyers-1905	Piscidĭa	Leguminosen
107632	d2e2837567Meyers-1905	Pistacĭa	Anakardiazeen
107636	d2e2837691Meyers-1905	Pistĭa	Arazeen
107666	d2e2838342Meyers-1905	Pitcairnĭa	Bromeliazeen
107676	d2e2838535Meyers-1905	Pithecolobĭum	Leguminosen
107889	d2e2843833Meyers-1905	Plantāgo	Plantaginazeen
107915	d2e2844454Meyers-1905	Plasmodiophŏra	Myxomyzeten
107943	d2e2845163Meyers-1905	Platāne	Platanazeen
108120	d2e2849387Meyers-1905	Plectranthus	Labiaten
108174	d2e2850365Meyers-1905	Pleospŏra	Pyrenomyzeten
108227	d2e2851374Meyers-1905	Pleurosigma	Diatomeen
108314	d2e2853175Meyers-1905	Plumbāgo [2]	Plumbaginazeen
108432	d2e2855546Meyers-1905	Poa	Gramineen
108494	d2e2856977Meyers-1905	Podocarpus	Koniferen
108502	d2e2857156Meyers-1905	Podophrya	Infusorien
108503	d2e2857174Meyers-1905	Podophyllum	Berberidazeen
108542	d2e2858105Meyers-1905	Pogostēmon	Labiaten
108697	d2e2862016Meyers-1905	Polemonĭum	Polemoniazeen
108719	d2e2863085Meyers-1905	Polĭanthes	Liliazeen
108931	d2e2869221Meyers-1905	Polygăla	Polygalazeen
108944	d2e2869633Meyers-1905	Polygonatum	Liliazeen
108950	d2e2869807Meyers-1905	Polygŏnŭm	Polygonazeen
109001	d2e2870983Meyers-1905	Polyphemus	Flohkrebse
109006	d2e2871084Meyers-1905	Polypodĭum L.	Polypodiazeen
109007	d2e2871163Meyers-1905	Polypŏrus	Hymenomyzeten
109032	d2e2871843Meyers-1905	Polythrincĭum	Pyrenomyzeten
109213	d2e2876160Meyers-1905	Pontederĭa	Pontederiazeen
109359	d2e2879209Meyers-1905	Porling	Polyporus
109612	d2e2886689Meyers-1905	Portŭlaca	Portulakazeen
109878	d2e2892832Meyers-1905	Potamogeton	Potamogetonazeen
109905	d2e2893492Meyers-1905	Potentilla	Rosazeen
109924	d2e2894270Meyers-1905	Pothos [1]	Arazeen
110693	d2e2914865Meyers-1905	Primŭla	Primulazeen
110723	d2e2915585Meyers-1905	Pringlea	Kruziferen
110763	d2e2916406Meyers-1905	Prionĭum	Junkazeen
110799	d2e2917335Meyers-1905	Pritchardĭa	Palmen
111273	d2e2927626Meyers-1905	Prosŏpis	Leguminosen
111355	d2e2929498Meyers-1905	Protĭum	Burserazeen
111422	d2e2931431Meyers-1905	Provenzalische Sprache	provenzalischen Lyrik
111522	d2e2934033Meyers-1905	Prunella	Labiaten
111529	d2e2934202Meyers-1905	Prunus	Rosazeen
111636	d2e2936643Meyers-1905	Psidĭum	Myrtazeen
111687	d2e2938211Meyers-1905	Psychotrĭa	Rubiazeen
111698	d2e2938466Meyers-1905	Ptarmĭca	Kompositen
111699	d2e2938492Meyers-1905	Ptaeroxylon	Meliazeen
111700	d2e2938528Meyers-1905	Ptelea	Rutazeen
111707	d2e2938660Meyers-1905	Pteris	Polypodiazeen
111708	d2e2938737Meyers-1905	Pterŏcarpus	Leguminosen
111748	d2e2939657Meyers-1905	Ptychosperma	Palmen
111884	d2e2942495Meyers-1905	Pulicarĭa	Kompositen
111899	d2e2942790Meyers-1905	Pulmonarĭa	Borraginazeen
111907	d2e2942958Meyers-1905	Pulpe	Tintenschnecken
111919	d2e2943296Meyers-1905	Pulsatilla	Ranunkulazeen
111960	d2e2944292Meyers-1905	Puma	Katzen
111993	d2e2945341Meyers-1905	Punĭca	Punikazeen
112033	d2e2946242Meyers-1905	Pupa	Lungenschnecken
112045	d2e2946517Meyers-1905	Puppenschnecke	Lungenschnecken
112115	d2e2948133Meyers-1905	Purpurhuhn	Watvögel
112124	d2e2948365Meyers-1905	Purpurschnecke	Vorderkiemer
112222	d2e2950492Meyers-1905	Puya	Bromeliazeen
112536	d2e2957696Meyers-1905	Quappe	Weichflosser
112629	d2e2959683Meyers-1905	Quassĭa	Simarubazeen
112663	d2e2960663Meyers-1905	Quecke	Agropyrum
112738	d2e2962611Meyers-1905	Queise	Stachelflosser
112894	d2e2966297Meyers-1905	Quillāja	Rosazeen
112909	d2e2966633Meyers-1905	Quinarĭa	Vitazeen
113008	d2e2968658Meyers-1905	Quittenbaum	Rosazeen
113089	d2e2970835Meyers-1905	Rabe [2]	Sperlingsvögel
113294	d2e2976152Meyers-1905	Radlkofer	Serjania
113364	d2e2977927Meyers-1905	Rafflesĭa	Rafflesiazeen
113505	d2e2981282Meyers-1905	Ralle	Watvögel
113585	d2e2983251Meyers-1905	Ramondĭa	Gesneriazeen
113638	d2e2984450Meyers-1905	Randĭa	Rubiazeen
113702	d2e2985989Meyers-1905	Ranuncŭlus	Ranunkulazeen
113736	d2e2986807Meyers-1905	Raphĭa	Palmen
113992	d2e2992807Meyers-1905	Raubmöwe	Möwen
114193	d2e2997270Meyers-1905	Ravenăla	Musazeen
114198	d2e2997438Meyers-1905	Ravensāra	Laurazeen
114356	d2e3000873Meyers-1905	Rebhuhn	Hühnervögel
114802	d2e3012077Meyers-1905	Regenpfeifer	Watvögel
114825	d2e3012686Meyers-1905	Regenwurm	Ringelwürmer
115221	d2e3022309Meyers-1905	Reiher	Watvögel
115307	d2e3024649Meyers-1905	Reis [1]	Gramineen
115526	d2e3029700Meyers-1905	Relief	Bildnerei
115867	d2e3038196Meyers-1905	Resēda	Resedazeen
116091	d2e3042675Meyers-1905	Rettich	Kruziferen
116348	d2e3049168Meyers-1905	Rhamnus	Rhamnazeen
116357	d2e3049497Meyers-1905	Rhapis	Palmen
116467	d2e3052166Meyers-1905	Rhēum	Polygonazeen
116483	d2e3052674Meyers-1905	Rhinanthus	Skrofulariazeen
116518	d2e3053339Meyers-1905	Rhipsălis	Kaktazeen
116536	d2e3053894Meyers-1905	Rhizophŏra	Rhizophorazeen
116569	d2e3055060Meyers-1905	Rhododéndron	Erikazeen
116604	d2e3056050Meyers-1905	Rhus	Anakardiazeen
116615	d2e3056354Meyers-1905	Rhynchopetălum	Kampanulazeen
116668	d2e3057460Meyers-1905	Ribes	Saxifragazeen
116770	d2e3060531Meyers-1905	Ricĭnus	Euphorbiazeen
116857	d2e3062285Meyers-1905	Riemenfisch	Stachelflosser
117366	d2e3074304Meyers-1905	Rittersporn	Delphinium
117461	d2e3076575Meyers-1905	Robbĭa	Plastik
117494	d2e3077629Meyers-1905	Robinĭa	Leguminosen
117702	d2e3082314Meyers-1905	Roggen	Gramineen
117727	d2e3082989Meyers-1905	Rohdĕa	Liliazeen
117757	d2e3083600Meyers-1905	Rohrdommel	Watvögel
117796	d2e3084645Meyers-1905	Rohrkarpfen	Edelfische
117806	d2e3084941Meyers-1905	Rohrrüßler	Insektenfresser
117954	d2e3090106Meyers-1905	Roman [1]	Poesie
117954	d2e3090106Meyers-1905	Roman [1]	Schlüsselromane
118197	d2e3099301Meyers-1905	Rose [1]	Rosazeen
118348	d2e3103512Meyers-1905	Rosmarīnus	Labiaten
118405	d2e3105353Meyers-1905	Roßkastanĭenbaum	Hippokastanazeen
118492	d2e3108030Meyers-1905	Rotalia	Foraminiferen
118494	d2e3108065Meyers-1905	Rotang	Calamus
118621	d2e3110786Meyers-1905	Rotholz	Caesalpinia
118640	d2e3111277Meyers-1905	Rotkarpfen	Edelfische
118680	d2e3112136Meyers-1905	Rotschwanz [1]	Sperlingsvögel
118929	d2e3117954Meyers-1905	Rubĭa	Rubiazeen
118960	d2e3118689Meyers-1905	Rubus	Rosazeen
119070	d2e3121452Meyers-1905	Rudbeckĭa	Kompositen
119087	d2e3121866Meyers-1905	Ruderente	Entenvögel
119269	d2e3127463Meyers-1905	Rumex	Polygonazeen
119418	d2e3130847Meyers-1905	Ruscus	Liliazeen
119456	d2e3132059Meyers-1905	Rüsselmaus	Insektenfresser
119511	d2e3137407Meyers-1905	Rüster	Ulmazeen
119533	d2e3138229Meyers-1905	Ruta	Rutazeen
119582	d2e3139416Meyers-1905	Rüttelfischer	Klettervögel
119726	d2e3143571Meyers-1905	Sabal	Palmen
119761	d2e3144443Meyers-1905	Säbelschnäbler	Stelzvögel
119928	d2e3150652Meyers-1905	Sackträger [2]	Spinner
120060	d2e3154111Meyers-1905	Sägebarsch	Barsche
120067	d2e3154255Meyers-1905	Sägefisch	Quermäuler
120074	d2e3154398Meyers-1905	Säger	Schwimmvögel
120076	d2e3154480Meyers-1905	Sägesalmler	Edelfische
120089	d2e3154734Meyers-1905	Sagittarĭa	Alismazeen
120372	d2e3161180Meyers-1905	Saintpaulĭa	Gesneriazeen
120546	d2e3165145Meyers-1905	Salangāne	Segler
120567	d2e3165578Meyers-1905	Salbei	Salvia
120623	d2e3166973Meyers-1905	Salicornĭa	Chenopodiazeen
120802	d2e3171621Meyers-1905	Salpiglossis	Solanazeen
120809	d2e3171781Meyers-1905	Salsŏla	Chenopodiazeen
120889	d2e3173354Meyers-1905	Salvĭa	Labiaten
120894	d2e3173535Meyers-1905	Salvinĭa	Salviniazeen
121059	d2e3177852Meyers-1905	Sambūcus	Kaprifoliazeen
121299	d2e3183717Meyers-1905	Sandaal	Weichflosser
121339	d2e3184657Meyers-1905	Sander [1]	Barsche
121514	d2e3188128Meyers-1905	Sanguinarĭa	Papaverazeen
121519	d2e3188228Meyers-1905	Sanguisorba	Rosazeen
121770	d2e3193811Meyers-1905	Sanseviërĭa	Liliazeen
121821	d2e3195661Meyers-1905	Santălum	Santalazeen
121880	d2e3196807Meyers-1905	Santolīna	Kompositen
121960	d2e3198409Meyers-1905	Sapindus	Sapindazeen
121963	d2e3198470Meyers-1905	Sapĭum	Euphorbiazeen
121969	d2e3198606Meyers-1905	Saponarĭa	Karyophyllazeen
121999	d2e3199428Meyers-1905	Saprolegnĭa	Saprolegniazeen
122051	d2e3200553Meyers-1905	Sarcīna	Spaltpilze
122058	d2e3200727Meyers-1905	Sarcostemma	Asklepiadazeen
122080	d2e3201782Meyers-1905	Sargassofisch	Stachelflosser
122142	d2e3203059Meyers-1905	Sarracenĭa	Sarrazeniazeen
122195	d2e3204106Meyers-1905	Sassăfras	Laurazeen
122278	d2e3205899Meyers-1905	Sattelstorch	Watvögel
122295	d2e3206242Meyers-1905	Saturēia	Labiaten
122352	d2e3207627Meyers-1905	Sauerdorn	Berberis
122357	d2e3207716Meyers-1905	Sauerklee	Oxalis
122502	d2e3211558Meyers-1905	Sauromatum	Arazeen
122593	d2e3213661Meyers-1905	Saxifrăga	Saxifragazeen
122770	d2e3217879Meyers-1905	Schachtelhalm	Equisetum
122839	d2e3219655Meyers-1905	Schaf	paarzehigen Huftiere
122875	d2e3221412Meyers-1905	Schafgarbe	Achillea
122928	d2e3222433Meyers-1905	Schakuhühner	Hühnervögel
123474	d2e3234460Meyers-1905	Schellfisch	Weichflosser
123559	d2e3236572Meyers-1905	Scherenschnabel	Möwen
123633	d2e3238108Meyers-1905	Schiavōne	Malerei
123701	d2e3239879Meyers-1905	Schiefblatt	Begonia
123830	d2e3243825Meyers-1905	Schiffsboot	Tintenschnecken
123847	d2e3244172Meyers-1905	Schiffshalter [1]	Stachelflosser
123953	d2e3246637Meyers-1905	Schildkäfer	Blattkäfer
123981	d2e3247644Meyers-1905	Schilfkäfer	Blattkäfer
123987	d2e3247765Meyers-1905	Schilfsänger	Sperlingsvögel
123999	d2e3248409Meyers-1905	Schillerfalter	Tagschmetterlinge
124060	d2e3249927Meyers-1905	Schinkenmuschel	Vogelmuscheln
124062	d2e3249989Meyers-1905	Schinopsis	Anakardiazeen
124065	d2e3250073Meyers-1905	Schinus	Anakardiazeen
124165	d2e3252076Meyers-1905	Schlachtenmalerei	Geschichts
124299	d2e3254812Meyers-1905	Schlammgrundel	Stachelflosser
124305	d2e3254928Meyers-1905	Schlammschnecke	Lungenschnecken
124318	d2e3255383Meyers-1905	Schlangenadler	Raubvögel
124330	d2e3255715Meyers-1905	Schlangenhalsvogel	Schwimmvögel
124356	d2e3256209Meyers-1905	Schlankaffe	Schmalnasen
124398	d2e3257234Meyers-1905	Schlei [1]	Edelfische
124404	d2e3257395Meyers-1905	Schleichera	Sapindazeen
124605	d2e3262578Meyers-1905	Schließmundschnecke	Lungenschnecken
124619	d2e3262903Meyers-1905	Schlinger	Python
124856	d2e3268502Meyers-1905	Schmerle	Edelfische
124962	d2e3271918Meyers-1905	Schmuckvogel	Sperlingsvögel
124982	d2e3272327Meyers-1905	Schnabelfisch [2]	Edelfische
124991	d2e3272526Meyers-1905	Schnabeltier	Kloakentiere
125072	d2e3274817Meyers-1905	Schneehuhn	Hühnervögel
125172	d2e3277166Meyers-1905	Schnepfe	Stelzvögel
125415	d2e3282940Meyers-1905	Schoenocaulon	Liliazeen
125971	d2e3297492Meyers-1905	Schuppenmolch	Lurchfische
125979	d2e3297641Meyers-1905	Schuppentier	Zahnlücker
126208	d2e3302802Meyers-1905	Schwalbe	Sperlingsvögel
126228	d2e3303244Meyers-1905	Schwalm [2]	Klettervögel
126250	d2e3303981Meyers-1905	Schwan [2]	Schwimmvögel
126632	d2e3316142Meyers-1905	Schweifaffe	Breitnasen
126653	d2e3316610Meyers-1905	Schwein [1]	paarzehigen Huftiere
126802	d2e3321998Meyers-1905	Schwertfisch [3]	Stachelflosser
126851	d2e3322942Meyers-1905	Schwimmbeutler	Beuteltiere
126892	d2e3324092Meyers-1905	Schwingelgras	Festuca
126962	d2e3325944Meyers-1905	Scilla [1]	Liliazeen
126977	d2e3326333Meyers-1905	Scirpus	Cyperazeen
126977	d2e3326333Meyers-1905	Scirpus	Isolepis
127009	d2e3327116Meyers-1905	Scopolĭa	Solanazeen
127021	d2e3327360Meyers-1905	Scorzonēra	Kompositen
127047	d2e3328129Meyers-1905	Scrophularĭa	Skrofulariazeen
127071	d2e3328632Meyers-1905	Scybalĭum	Balanophorazeen
127115	d2e3329516Meyers-1905	Sebastĭania	Euphorbiazeen
127156	d2e3330424Meyers-1905	Sechĭum	Kukurbitazeen
127245	d2e3332329Meyers-1905	Sedum	Krassulazeen
127265	d2e3333120Meyers-1905	Seebär [1]	Robben
127268	d2e3333217Meyers-1905	Seebarbe	Stachelflosser
127269	d2e3333273Meyers-1905	Seebarsch	Stachelflosser
127341	d2e3334756Meyers-1905	Seehund	Robben
127353	d2e3335254Meyers-1905	Seekatze	Knorpelfische
127441	d2e3337450Meyers-1905	Seeotter [2]	Raubtiere
127446	d2e3337564Meyers-1905	Seepferdchen	Büschelkiemer
127484	d2e3338845Meyers-1905	Seeschwalbe	Schwimmvögel
127504	d2e3339550Meyers-1905	Seetaucher	Schwimmvögel
127508	d2e3339677Meyers-1905	Seeteufel	Stachelflosser
127511	d2e3339760Meyers-1905	Seetraube	Coccoloba
127535	d2e3340350Meyers-1905	Seewolf	Stachelflosser
127673	d2e3343768Meyers-1905	Seidenaffe	Krallenaffen
127692	d2e3344146Meyers-1905	Seidenschwanz	Sperlingsvögel
127723	d2e3345258Meyers-1905	Seifenspiere	Quillaja
127912	d2e3349262Meyers-1905	Selaginella	Lykopodinen
128052	d2e3352299Meyers-1905	Sellerie	Apium
128085	d2e3352938Meyers-1905	Semecarpus	Anakardiazeen
128158	d2e3354828Meyers-1905	Sempervīvum	Krassulazeen
128207	d2e3356148Meyers-1905	Senecĭo	Kompositen
128224	d2e3356869Meyers-1905	Senf	Kruziferen
128372	d2e3359852Meyers-1905	Sepĭe	Tintenschnecken
128442	d2e3361272Meyers-1905	Sequōja	Koniferen
128501	d2e3363855Meyers-1905	Serenaea	Palmen
128607	d2e3365876Meyers-1905	Serratŭla	Kompositen
128662	d2e3367295Meyers-1905	Sesam [1]	Sesamum
128667	d2e3367389Meyers-1905	Sesămum	Pedaliazeen
128704	d2e3368205Meyers-1905	Setarĭa	Gramineen
128965	d2e3374802Meyers-1905	Shorēa	Dipterokarpazeen
129119	d2e3378816Meyers-1905	Sida	Malvazeen
129145	d2e3379317Meyers-1905	Sideroxўlon	Sapotazeen
129190	d2e3380811Meyers-1905	Siebenschläfer [2]	Nagetiere
129470	d2e3387451Meyers-1905	Silbergewicht	Gewichte
129543	d2e3388841Meyers-1905	Silēne	Karyophyllazeen
129607	d2e3390175Meyers-1905	Silphĭum	Kompositen
129612	d2e3390305Meyers-1905	Silurische Formation	Flossenfüßer
129636	d2e3391068Meyers-1905	Silўbum	Kompositen
129638	d2e3391128Meyers-1905	Simaba	Simarubazeen
129644	d2e3391252Meyers-1905	Simarūba	Simarubazeen
129982	d2e3398909Meyers-1905	Sisyrinchĭum	Iridazeen
130037	d2e3400040Meyers-1905	Sium	Umbelliferen
130246	d2e3405492Meyers-1905	Sklerotĭen	Typhula
130261	d2e3405849Meyers-1905	Skolopénder	Lippenfüßer
130473	d2e3410861Meyers-1905	Smilax	Liliazeen
130697	d2e3416372Meyers-1905	Soja	Leguminosen
130725	d2e3417128Meyers-1905	Solanīn	Solanum
130728	d2e3417195Meyers-1905	Solānum	Solanazeen
130749	d2e3417769Meyers-1905	Soldanella	Primulazeen
130787	d2e3418563Meyers-1905	Solenostemma	Asklepiadazeen
130801	d2e3418857Meyers-1905	Solidāgo	Kompositen
131024	d2e3423901Meyers-1905	Sonchus	Kompositen
131095	d2e3425715Meyers-1905	Sonnenfisch	Makrelen
131122	d2e3426340Meyers-1905	Sonnenralle	Watvögel
131147	d2e3426854Meyers-1905	Sonnentau	Drosera
131232	d2e3428891Meyers-1905	Sophŏra	Leguminosen
131241	d2e3429065Meyers-1905	Soprān	Singstimmen
131264	d2e3429607Meyers-1905	Sorbus	Rosazeengattung
131264	d2e3429607Meyers-1905	Sorbus	Pirus
131286	d2e3430135Meyers-1905	Sorghum	Gramineen
131613	d2e3441858Meyers-1905	Spanisches Rohr [2]	Calamus
131673	d2e3443122Meyers-1905	Sparassis	Hymenomyzeten
131674	d2e3443151Meyers-1905	Sparaxis	Iridazeen
131683	d2e3443342Meyers-1905	Spargel	Liliazeen
131703	d2e3443954Meyers-1905	Sparmannĭa	Tiliazeen
131727	d2e3444480Meyers-1905	Spartium	Leguminosen
131932	d2e3449588Meyers-1905	Sperber	Raubvögel
131940	d2e3449764Meyers-1905	Spergŭla	Karyophyllazeen
131942	d2e3449832Meyers-1905	Sperling	Sperlingsvögel
131945	d2e3449946Meyers-1905	Sperlingspapagei	Edelpapageien
132065	d2e3452986Meyers-1905	Sphagnum	Familie
132083	d2e3453349Meyers-1905	Sphaerococcus	Florideen
132094	d2e3453655Meyers-1905	Sphaerophŏrus	heteromeren Pyrenolichenen
132234	d2e3456986Meyers-1905	Spilanthes	Kompositen
132253	d2e3457381Meyers-1905	Spinacĭa	Chenopodiazeen
132266	d2e3457691Meyers-1905	Spināt	Spinacia
132276	d2e3457912Meyers-1905	Spindelschnecke	Kammkiemer
132289	d2e3458232Meyers-1905	Spinĭfex	Gramineen
132299	d2e3459046Meyers-1905	Spinnenfisch	Stachelflösser
132335	d2e3460314Meyers-1905	Spiraea	Rosazeen
132355	d2e3460716Meyers-1905	Spirifērensandstein	Spirifer
132357	d2e3460751Meyers-1905	Spirillum	Bakterien
132376	d2e3461712Meyers-1905	Spirochaeta	Bakterien
132427	d2e3463063Meyers-1905	Spitzfrett	Marder
132435	d2e3463213Meyers-1905	Spitzhörnchen	Insektenfresser
132447	d2e3463438Meyers-1905	Spitzmäuschen	Rüsselkäfer
132509	d2e3464650Meyers-1905	Spondĭas	Anakardiazeen
132542	d2e3465446Meyers-1905	Sporenflügler	Watvögel
132553	d2e3465669Meyers-1905	Sporidesmĭum	Pyrenomyzeten
132578	d2e3466380Meyers-1905	Spottdrossel	Sperlingsvögel
132626	d2e3467796Meyers-1905	Sprekelĭa	Amaryllidazeen
133012	d2e3476803Meyers-1905	Stachelbeerstrauch	Gattung
133029	d2e3477337Meyers-1905	Stachelschnecke	Kammkiemer
133038	d2e3477592Meyers-1905	Stachys	Labiaten
133111	d2e3479591Meyers-1905	Staffelschwanz	Sperlingsvögel
133170	d2e3480750Meyers-1905	Stahlstich	Kupferstich
133363	d2e3484454Meyers-1905	Stangeria	Cykadazeen
133367	d2e3484625Meyers-1905	Stanhopĕa	Orchideen
133404	d2e3485607Meyers-1905	Stapelĭa	Asklepiadazeen
133410	d2e3485806Meyers-1905	Staphylēa	Celastrazeen
133426	d2e3486246Meyers-1905	Star [3]	Sperlingsvögel
133483	d2e3487705Meyers-1905	Starstein	Psaronius
133504	d2e3488119Meyers-1905	Statĭce	Plumbaginazeen
133676	d2e3491973Meyers-1905	Stechapfel	Datura
133718	d2e3492765Meyers-1905	Steckmuschel	Vogelmuscheln
133853	d2e3495917Meyers-1905	Steinbrech	Saxifraga
133872	d2e3496322Meyers-1905	Steindrossel	Sperlingsvögel
133925	d2e3497533Meyers-1905	Steinhuhn	Hühnervögel
134023	d2e3500007Meyers-1905	Steinschmätzer	Sperlingsvögel
134040	d2e3500379Meyers-1905	Steinverband	Bausteine
134060	d2e3501466Meyers-1905	Steißfuß	Schwimmvögel
134062	d2e3501579Meyers-1905	Steißhuhn	Hühnervogel
134076	d2e3501852Meyers-1905	Stellarĭa	Karyophyllazeen
134216	d2e3505240Meyers-1905	Stephanōtĭs	Asklepiadazeen
134235	d2e3505882Meyers-1905	Steppenflora	Astragalus
134238	d2e3506056Meyers-1905	Steppenhuhn	Hühnervögel
134271	d2e3506866Meyers-1905	Sterculĭa	Sterkuliazeen
134312	d2e3508084Meyers-1905	Sternanīs	Illicium
134367	d2e3509337Meyers-1905	Sternschnecke	Nacktkiemer
134479	d2e3512147Meyers-1905	Stevĭa	Kompositen
134517	d2e3512953Meyers-1905	Stichling	Stachelflosser
134657	d2e3516767Meyers-1905	Stillingĭa	Euphorbiazeen
134727	d2e3518401Meyers-1905	Stint	Edelfische
134730	d2e3518493Meyers-1905	Stipa	Gramineen
134802	d2e3519957Meyers-1905	Stöcker [1]	Stachelflosser
134966	d2e3523763Meyers-1905	Stör [2]	Schmelzfische
134972	d2e3523959Meyers-1905	Storch [1]	Watvögel
134975	d2e3524054Meyers-1905	Storchschnabel [1]	Geranium
135223	d2e3530231Meyers-1905	Strandläufer	Watvögel
135326	d2e3532967Meyers-1905	Stratiōtes	Hydrocharitazeen
135346	d2e3533379Meyers-1905	Strauß [1]	Straußvögel
135355	d2e3533667Meyers-1905	Straußhuhn	Hühnervögel
135479	d2e3536163Meyers-1905	Streptocarpus	Gesneriazeen
135480	d2e3536196Meyers-1905	Streptococcus	Kugelbakterien
135482	d2e3536265Meyers-1905	Streptothrix	Fadenbakterien
135700	d2e3540481Meyers-1905	Strophanthus	Apocynazeen
135746	d2e3541511Meyers-1905	Struthanthus	Loranthazeen
135752	d2e3541770Meyers-1905	Strychnos	Loganiazeen
135756	d2e3541940Meyers-1905	Stryphnodendron	Leguminosen
135967	d2e3546629Meyers-1905	Sturmvogel	Schwimmvögel
136020	d2e3547830Meyers-1905	Stylaria	Borstenwürmer
136043	d2e3548253Meyers-1905	Styrax [1]	Styrakazeen
136195	d2e3551392Meyers-1905	Succīsa	Dipsakazeen
136587	d2e3561257Meyers-1905	Sumpfhuhn	Watvögel
136606	d2e3561645Meyers-1905	Sumpfschnecke	Schnecken
136845	d2e3566269Meyers-1905	Süßwasserflora	Euglena
136979	d2e3569144Meyers-1905	Swietenĭa	Meliazeen
137003	d2e3569802Meyers-1905	Sycandra	Kalkschwämme
137084	d2e3572057Meyers-1905	Symphoricarpus	Kaprifoliazeen
137091	d2e3572203Meyers-1905	Symphўtum	Borraginazeen
137211	d2e3575226Meyers-1905	Syringa	Oleazeen
137242	d2e3576371Meyers-1905	Syzygĭum	Myrtazeen
137411	d2e3580190Meyers-1905	Tabernaemontāna	Apocynazeen
137451	d2e3580998Meyers-1905	Tacca	Tackazeen
137579	d2e3583631Meyers-1905	Tagētes	Kompositen
137810	d2e3589043Meyers-1905	Tamarindus	Leguminosen
137811	d2e3589081Meyers-1905	Tamarix	Tamarikazeen
137931	d2e3591489Meyers-1905	Tanghinĭa	Apokynazeen
137957	d2e3592031Meyers-1905	Tanne	Abietineen
137963	d2e3592282Meyers-1905	Tannenhäher	Sperlingsvögel
138047	d2e3594297Meyers-1905	Tapezierbiene	Hautflügler
138053	d2e3594444Meyers-1905	Taphrīna	Askomyzeten
138098	d2e3595313Meyers-1905	Tarantel	Webspinnen
138115	d2e3595700Meyers-1905	Taraxăcum	Kompositen
138126	d2e3595916Meyers-1905	Tarchonanthus	Kompositen
138388	d2e3602195Meyers-1905	Tauchente	Zahnschnäbler
138538	d2e3605751Meyers-1905	Taxodĭum	Taxodineen
138539	d2e3605796Meyers-1905	Taxus	Taxazeen
138595	d2e3607268Meyers-1905	Tecōma	Bignoniazeen
138596	d2e3607308Meyers-1905	Tectōna	Verbenazeen
138605	d2e3607512Meyers-1905	Tee [1]	Theazeen
138670	d2e3609133Meyers-1905	Teichmuschel	Flußmuscheln
138795	d2e3612186Meyers-1905	Telegraphenrecht	Beförderungsanstalten
138862	d2e3613628Meyers-1905	Telfairĭa	Kukurbitazeen
138881	d2e3614069Meyers-1905	Tellerschnecke	Lungenschnecken
139150	d2e3619922Meyers-1905	Terebrātel	Armfüßer
139184	d2e3620615Meyers-1905	Terminalĭa	Kombretazeen
139375	d2e3625252Meyers-1905	Testudinarĭa	Dioskoreazeen
139392	d2e3625565Meyers-1905	Tethys [3]	Hinterkiemer
139417	d2e3626028Meyers-1905	Tetragastris	Burserazeen
139421	d2e3626122Meyers-1905	Tetragonĭa	Aizoazeen
139422	d2e3626148Meyers-1905	Tetragonolŏbus	Leguminosen
139442	d2e3626614Meyers-1905	Tetrapanax	Araliazeen
139470	d2e3627191Meyers-1905	Teucrĭum	Labiaten
139632	d2e3630643Meyers-1905	Thapsĭa	Umbelliferen
139711	d2e3632699Meyers-1905	Themĕda	Gramineen
139886	d2e3636998Meyers-1905	Thespesĭa	Malvazeen
139910	d2e3637531Meyers-1905	Thevetĭa	Apocynazeen
140105	d2e3642657Meyers-1905	Thrēnos	lyrischen Poesie
140130	d2e3643189Meyers-1905	Thuja	Kupressineen
140146	d2e3643626Meyers-1905	Thunbergĭa	Akanthazeen
140150	d2e3643715Meyers-1905	Thunfisch	Stachelflosser
140205	d2e3645266Meyers-1905	Thymus	Labiaten
140374	d2e3649826Meyers-1905	Tiermalerei	Malerei
140381	d2e3650135Meyers-1905	Tierpflanzen	Cordyceps
140418	d2e3651001Meyers-1905	Tiger	Katzen
140465	d2e3652056Meyers-1905	Tillandsĭa	Bromeliazeen
140688	d2e3657819Meyers-1905	Titanotherĭum	fossilen Huftiere
140804	d2e3660343Meyers-1905	Toddalĭa	Rutazeen
140919	d2e3662949Meyers-1905	Tölpel [3]	Schwimmvögel
141081	d2e3667152Meyers-1905	Toona	Meliazeen
141556	d2e3677766Meyers-1905	Trachycarpus	Palmen
141559	d2e3677827Meyers-1905	Trachylobĭum	Leguminosen
141574	d2e3678237Meyers-1905	Tradescantĭa	Kommelinazeen
141613	d2e3679279Meyers-1905	Tragopān	Hühnervögel
141614	d2e3679330Meyers-1905	Tragopōgon	Kompositen
141803	d2e3683289Meyers-1905	Trapa	Hydrokaryazeen
141815	d2e3683569Meyers-1905	Trappe	Watvögel
141957	d2e3686774Meyers-1905	Treculĭa	Morazeen
142174	d2e3691611Meyers-1905	Tribŭlus	Zygophyllazeen
142190	d2e3691984Meyers-1905	Trichilĭa	Meliazeen
142191	d2e3692014Meyers-1905	Trichīne	Trichotracheliden
142200	d2e3692273Meyers-1905	Trichloris	Gräser
142299	d2e3694612Meyers-1905	Triglóchin	Junkaginazeen
142306	d2e3694766Meyers-1905	Trigonella	Leguminosen
142410	d2e3697293Meyers-1905	Triodĭa	Gräser
142480	d2e3699106Meyers-1905	Trisētum	Gramineen
142498	d2e3699582Meyers-1905	Tritĭcum	Gramineen
142501	d2e3699681Meyers-1905	Tritōma	Liliazeen
142638	d2e3702516Meyers-1905	Trollĭus	Ranunkulazeen
142694	d2e3703843Meyers-1905	Tropaeŏlum	Tropäolazeen
142715	d2e3704593Meyers-1905	Trophis	Morazeen
142720	d2e3704685Meyers-1905	Trōpikvogel	Schwimmvögel
142830	d2e3707451Meyers-1905	Trupĭal	Sperlingsvögel
142848	d2e3707955Meyers-1905	Truthuhn	Hühnervögel
143112	d2e3714183Meyers-1905	Tsuga	Koniferen
143153	d2e3715270Meyers-1905	Tuberōse	Polianthes
143165	d2e3715511Meyers-1905	Tubularĭa	Hydromedusen
143220	d2e3716663Meyers-1905	Tukan [1]	Klettervögel
143241	d2e3717102Meyers-1905	Tulĭpa	Liliazeen
143352	d2e3719852Meyers-1905	Turāko	Klettervögel
143488	d2e3724471Meyers-1905	Turnĕra	Turnerazeen
143507	d2e3725174Meyers-1905	Turnosen	mittelalterigen Silbermünzen
143571	d2e3726372Meyers-1905	Tussilāgo	Kompositen
143667	d2e3728316Meyers-1905	Typha	Typhazeen
143956	d2e3734335Meyers-1905	Uferfliege	Afterfrühlingsfliegen
143961	d2e3734443Meyers-1905	Uferschnepfe	Schnepfen
144083	d2e3737188Meyers-1905	Ulex	Leguminosen
144108	d2e3737730Meyers-1905	Ullūcus	Basellazeen
144112	d2e3737869Meyers-1905	Ulmarĭa	Rosazeen
144292	d2e3741504Meyers-1905	Uncinŭla	Meltaupilze
144725	d2e3753170Meyers-1905	Uralaltaische Sprachen	Keilschrift
144784	d2e3754645Meyers-1905	Urceŏla	Apocynazeen
144827	d2e3755531Meyers-1905	Urginĕa	Liliazeen
144950	d2e3758574Meyers-1905	Urtīca [1]	Urtikazeen
145024	d2e3760407Meyers-1905	Usnĕa	Strauchflechten
145124	d2e3762355Meyers-1905	Utricularĭa	Lentibulariazeen
145180	d2e3763638Meyers-1905	Vaccinĭum	Erikazeen
145309	d2e3766421Meyers-1905	Valeriāna	Valerianazeen
145312	d2e3766601Meyers-1905	Valerĭanella	Valerianazeen
145352	d2e3767596Meyers-1905	Vallisnerĭa	Hydrocharitazeen
145357	d2e3767707Meyers-1905	Vallōta	Amaryllidazeen
145428	d2e3769306Meyers-1905	Vanilla	Orchideen
145574	d2e3772643Meyers-1905	Vaterĭa L	Dipterokarpazeen
145644	d2e3774394Meyers-1905	Vedūte	Landschaftsmalerei
145685	d2e3775314Meyers-1905	Veilchen	Viola
145926	d2e3781468Meyers-1905	Verātrum	Liliazeen
145960	d2e3782234Meyers-1905	Verbascum	Skrofulariazeen
145966	d2e3782384Meyers-1905	Verbēna	Verbenazeen
145991	d2e3782883Meyers-1905	Verborgenrüßler	Rüsselkäfer
146166	d2e3788836Meyers-1905	Vergißmeinnicht	Myosotis
146396	d2e3794194Meyers-1905	Veronĭca	Skrofulariazeen
146817	d2e3804283Meyers-1905	Viburnum	Kaprifoliazeen
146832	d2e3804672Meyers-1905	Vicĭa	Leguminosen
146849	d2e3805171Meyers-1905	Victorĭa [4]	Nymphäazeen
146937	d2e3807728Meyers-1905	Vielfuß	Schnurasseln
147053	d2e3810176Meyers-1905	Vigna [2]	Leguminosen
147218	d2e3813956Meyers-1905	Vinca	Apozynazeen
147275	d2e3815454Meyers-1905	Viŏla	Violazeen
147373	d2e3817758Meyers-1905	Viscacha	Nagetiere
147374	d2e3817791Meyers-1905	Viscarĭa	Karyophyllazeen
147389	d2e3818371Meyers-1905	Viscum	Loranthazeen
147473	d2e3820155Meyers-1905	Vitex	Verbenazeen
147587	d2e3822490Meyers-1905	Voandzeia	Leguminosen
147638	d2e3824279Meyers-1905	Vogelspinne	Lungenspinnen
147892	d2e3831581Meyers-1905	Voltzĭa	Koniferen
148179	d2e3837727Meyers-1905	Vriesĕa	Bromeliazeen
148262	d2e3839955Meyers-1905	Wacholder	Koniferen
148299	d2e3840882Meyers-1905	Wachsmyrte	Myrica
148318	d2e3841303Meyers-1905	Wachtel [1]	Waldhühner
148691	d2e3850566Meyers-1905	Waldmeister	Asperula
148834	d2e3854632Meyers-1905	Wallnister	Hühnervögel
148858	d2e3855235Meyers-1905	Walnußbaum	Juglandazeen
148868	d2e3855595Meyers-1905	Walroß	Robben
148931	d2e3856836Meyers-1905	Walzenspinne	Gliederspinnen
148943	d2e3857144Meyers-1905	Wampum	Pirula
149259	d2e3864563Meyers-1905	Warzenschwein	Huftiere
149269	d2e3864833Meyers-1905	Waschbär	Raubtiere
149342	d2e3866714Meyers-1905	Wasserdosten	Eupatorium
149358	d2e3867020Meyers-1905	Wasserfloh	Blattfüßer
149387	d2e3867681Meyers-1905	Wasserhuhn	Watvögel
149418	d2e3868571Meyers-1905	Wasserläufer	Watvögel
149520	d2e3871022Meyers-1905	Wasserschwalbe	Schwimmvögel
149544	d2e3871553Meyers-1905	Wasserstar	Sperlingsvögel
149637	d2e3873591Meyers-1905	Watteau	Malerei
149855	d2e3879697Meyers-1905	Wegebreit	Plantago
149869	d2e3880085Meyers-1905	Wegerich	Plantago
149888	d2e3880426Meyers-1905	Wegschnecke	Lungenschnecken
149893	d2e3880543Meyers-1905	Wegtritt	Plantago
149896	d2e3880594Meyers-1905	Wegwart	Cichorium
149976	d2e3882918Meyers-1905	Weide [2]	Salikazeen
149990	d2e3883640Meyers-1905	Weidenbohrer	Holzbohrer
149999	d2e3883815Meyers-1905	Weidenröschen	Chamaenerium
150032	d2e3884508Meyers-1905	Weigelĭa	Kaprifoliazeen
150107	d2e3886439Meyers-1905	Weingaertnerĭa	Gramineen
150112	d2e3886560Meyers-1905	Weingrüße	deutschen Literatur
150146	d2e3887565Meyers-1905	Weinstock	Ampelidazeen
150195	d2e3888857Meyers-1905	Weißdorn	Mespilus
150256	d2e3890094Meyers-1905	Weißfisch [2]	Edelfische
150332	d2e3891727Meyers-1905	Weizen	Triticum
150431	d2e3894630Meyers-1905	Wels [1]	Edelfische
151133	d2e3911026Meyers-1905	Widerton	Polytrichum
151155	d2e3911522Meyers-1905	Wiedehopf	Klettervögel
151287	d2e3915753Meyers-1905	Wiesenschmätzer	Sperlingsvögel
151381	d2e3917815Meyers-1905	Wilder Wein	Quinaria
151600	d2e3923974Meyers-1905	Winde [1]	Convolvulus
151780	d2e3927801Meyers-1905	Winterāna	Winteranazeen
151985	d2e3932722Meyers-1905	Wistarĭa	Kraunhia
152064	d2e3934424Meyers-1905	Witwenvögel	Sperlingsvögel
152161	d2e3936677Meyers-1905	Wohlverleih	Arnica
152256	d2e3939374Meyers-1905	Wolfsmilch	Euphorbia
152294	d2e3940571Meyers-1905	Wollaffe	Breitnasen
152373	d2e3942475Meyers-1905	Wombat	Familie
152659	d2e3949086Meyers-1905	Würger [2]	Sperlingsvögel
152685	d2e3949847Meyers-1905	Wurmschnecke	Vorderkiemer
152851	d2e3954912Meyers-1905	Xanthĭum	Kompositen
152863	d2e3955165Meyers-1905	Xanthorrhoea	Liliazeen
152870	d2e3955323Meyers-1905	Xanthoxўlon	Rutazeen
152893	d2e3955890Meyers-1905	Xeranthĕmum	Kompositen
152917	d2e3956369Meyers-1905	Xylarĭa	Pyrenomyzeten
152932	d2e3956711Meyers-1905	Xylopĭa	Anonazeen
152944	d2e3957025Meyers-1905	Yak	Wiederkäuergattung
152960	d2e3957323Meyers-1905	Yamswurzel	Dioscorea
153096	d2e3960224Meyers-1905	Ysop	Hyssopus
153109	d2e3960564Meyers-1905	Yucca	Liliazeen
153264	d2e3965107Meyers-1905	Zahntaube	Taubenvögel
153335	d2e3966584Meyers-1905	Zanclŏdon	Theropoden
153358	d2e3967143Meyers-1905	Zantedeschia	Arazeen
153443	d2e3969074Meyers-1905	Zaunkönig	Sperlingsvögel
153448	d2e3969212Meyers-1905	Zaunrübe	Bryonia
153473	d2e3969662Meyers-1905	Zebra	Gattung
154013	d2e3983408Meyers-1905	Ziege [2]	paarzehigen Huftiere
154040	d2e3984112Meyers-1905	Ziegenmelker	Segler
154120	d2e3986368Meyers-1905	Zilla	Kruziferen
154163	d2e3987548Meyers-1905	Zimt	Cinnamomum
154167	d2e3987718Meyers-1905	Zimtblüten	Cinnamomum
154189	d2e3988298Meyers-1905	Zingĭber	Zingiberazeen
154276	d2e3990471Meyers-1905	Zinnĭa	Kompositen
154470	d2e3995359Meyers-1905	Zitteraal	Edelfische
154530	d2e3996835Meyers-1905	Zizanĭa	Gramineen
154536	d2e3996962Meyers-1905	Zizўphus	Rhamnazeen
154737	d2e4002437Meyers-1905	Zostēra	Potamogetonazeen
154829	d2e4004603Meyers-1905	Zuckerrohr	Gramineen
