	EntryID	Headword	terms	origin
86	d2e6322Meyers-1905	Abenteuer	['aventure', 'adventura']	['aus dem franz', 'aus dem mittellat']
232	d2e15598Meyers-1905	Abt [1]	[]	['v. syr']
391	d2e27491Meyers-1905	Adar	['Adda-ru']	['v. assyr']
422	d2e29123Meyers-1905	Adelphismus	['adelphos']	['v. griech']
454	d2e30581Meyers-1905	Adiabatisch	['diabasis']	['v. griech']
464	d2e30878Meyers-1905	Ädīlen	['aedes']	['v. lat']
506	d2e32650Meyers-1905	Admirāl [2]	['amîr', 'alis', 'amiral', 'admirandus']	['v. arab']
619	d2e37025Meyers-1905	Affidāvit	['affido']	['v. lat']
662	d2e41926Meyers-1905	Agāpen	['agápē']	['v. griech']
675	d2e43268Meyers-1905	Agénde	['agenda']	['v. lat']
707	d2e44837Meyers-1905	Ägir	['ahwa']	['v. altnord']
733	d2e45696Meyers-1905	Agōgik	['agōgē']	['v. griech']
749	d2e46280Meyers-1905	Agrarbanken	['ager']	['v. lat']
764	d2e47587Meyers-1905	Agrūmen	['agro']	['v. ital']
1073	d2e66473Meyers-1905	Albīnos	['albino']	['v. span']
1126	d2e70357Meyers-1905	Aleatōrisch	['alea']	['v. lat']
1142	d2e71078Meyers-1905	Alért	"[""all' erta""]"	['v. ital']
1193	d2e76457Meyers-1905	Alhāma	[]	['v. arab']
1220	d2e78115Meyers-1905	Alkalde	['alqadi']	['v. arab']
1233	d2e79625Meyers-1905	Alkoven	['al-qobbah']	['v. arab']
1283	d2e82100Meyers-1905	Alligatoren	['el lagarto']	['v. span']
1302	d2e82954Meyers-1905	Allopathie	['allos, »', 'pathein']	['v. griech']
1304	d2e83113Meyers-1905	Allotmentsystem	['allot']	['v. engl']
1337	d2e84471Meyers-1905	Almería [1]	['almárja']	['v. arab']
1342	d2e84747Meyers-1905	Almosen	['eleëmosyne']	['v. griech']
1364	d2e86012Meyers-1905	Alpen [1]	['alp', 'alb']	['v. kelt']
1384	d2e88906Meyers-1905	Alraun [1]	['rûna']	['v. got']
1438	d2e93900Meyers-1905	Altruismus	['altrui']	['vom ital']
1444	d2e94497Meyers-1905	Altvordern	['vordoro']	['v. althochdtsch']
1453	d2e94766Meyers-1905	Aluminĭum	['alumen']	['v. lat']
1496	d2e97676Meyers-1905	Amarillfieber	['amarillo']	['v. span']
1632	d2e107314Meyers-1905	Amortisation	['amortir']	['v. franz']
1638	d2e107542Meyers-1905	Ampel	[]	['v. lat']
1689	d2e111009Meyers-1905	Amucklaufen	['meng-âmok']	['vom malaiischen']
1693	d2e111163Meyers-1905	Amulett	['hamalet']	['v. arab']
1747	d2e114324Meyers-1905	Analzim	['analkis']	['v. griech']
1803	d2e118315Meyers-1905	Andelang	[]	['v. franz']
1888	d2e124640Meyers-1905	Angĭo...	['angeion', 'angos']	['v. griech']
1918	d2e126272Meyers-1905	Ängster	['Augustrum']	['vom mittellat']
1929	d2e127093Meyers-1905	Anhydrīde	['anydros']	['v. griech']
1930	d2e127211Meyers-1905	Anhydrít	['anydros']	['v. griech']
1936	d2e127507Meyers-1905	Anīl	['nîla']	['v. ind']
1965	d2e128984Meyers-1905	Anker [2]	['ankyra, ankora']	['v. griechisch']
1980	d2e130686Meyers-1905	Anna [2]	['channâh']	['v. hebr']
2112	d2e138100Meyers-1905	Anthrazēn	['anthrax']	['v. griech']
2127	d2e139179Meyers-1905	Antibaptist	['baptistes']	['v. griech']
2147	d2e139880Meyers-1905	Antīk	['antiquus']	['v. lat']
2193	d2e143158Meyers-1905	Antiquieren	['antiquus']	['v. lat']
2266	d2e147354Meyers-1905	Apatít	['apatan']	['v. griech']
2270	d2e147600Meyers-1905	Apennīn	[]	['vom kelt']
2459	d2e156667Meyers-1905	Äquātor	['aequare']	['v. lat']
2470	d2e157253Meyers-1905	Äquilibrismus	['aequilibrium']	['v. lat']
2471	d2e157274Meyers-1905	Äquilibristen	['aequilibrium']	['v. lat']
2485	d2e157986Meyers-1905	Ära	['aes']	['v. lat']
2520	d2e161251Meyers-1905	Ärār	['aes']	['v. lat']
2538	d2e163314Meyers-1905	Arbeitseinstellung	['Strike']	['vom engl']
2545	d2e164471Meyers-1905	Arbitrage	[]	['v. lat']
2596	d2e166716Meyers-1905	Archipelăgus	['Aegaeon pelagos', 'Arcipelage']	['aus dem griechischen']
2638	d2e170797Meyers-1905	Aremorĭca	['are-mor']	['v. kelt']
2705	d2e175158Meyers-1905	Arĭer	['ârya']	['v. sanskrit']
2725	d2e177230Meyers-1905	Arkade	[]	['v. lat']
2759	d2e178885Meyers-1905	Armbrust	[]	['v. lat']
2760	d2e178952Meyers-1905	Armee	['armata']	['v. mittellat']
2822	d2e184652Meyers-1905	Arrest [1]	['arrestum', 'ad', 'restare']	['v. mittellat', 'aus dem lat']
2937	d2e191707Meyers-1905	Arzt	['archiāter']	['v. griech']
2947	d2e192652Meyers-1905	Asbest	['asbéstos']	['v. griech']
3103	d2e203901Meyers-1905	Asterismus	['aster']	['v. lat']
3172	d2e208329Meyers-1905	Atavismus	['atāvus']	['v. lat']
3187	d2e208893Meyers-1905	Äternāt	['aeternum']	['v. lat']
3199	d2e209578Meyers-1905	Atheïsmus	['athĕos']	['v. griech']
3215	d2e211371Meyers-1905	Athlētik	['athlos']	['v. griech']
3260	d2e214766Meyers-1905	Ätna	['aithō', 'monte', 'dschebel']	['v. griech', 'vom ital']
3265	d2e215031Meyers-1905	Atomismus	[]	['vom griech']
3402	d2e222622Meyers-1905	Aufkantern	['canter']	['v. engl']
3410	d2e223608Meyers-1905	Aufpullen	['to pull']	['v. engl']
3500	d2e230736Meyers-1905	Aureōle	['aurum']	['v. lat']
3622	d2e241883Meyers-1905	Autodafé	['actus fidei']	['v. lat']
3681	d2e243732Meyers-1905	Aval	['ad vallem']	['v. lat']
3923	d2e257836Meyers-1905	Bafel	['bavella']	['v. ital']
4100	d2e267726Meyers-1905	Ball [2]	['ballo']	[]
4106	d2e268096Meyers-1905	Ballei	[]	['v. neulat']
4114	d2e268776Meyers-1905	Balliste	['ballein']	['v. griech']
4115	d2e268796Meyers-1905	Ballístik	['hallein']	['v. griech']
4152	d2e270860Meyers-1905	Baluster	['balaustion']	['v. griech']
4164	d2e272000Meyers-1905	Bau [1]	[]	['aus dem illyr', 'v. Pan']
4190	d2e273428Meyers-1905	Banderĭen	['banderium']	['v. neulat']
4291	d2e281416Meyers-1905	Barbecue	['barbe à queue, »']	['aus dem franz', 'vom Maul']
4310	d2e282549Meyers-1905	Barches	[]	['v. hebr']
4386	d2e287068Meyers-1905	Baro...	['báros']	['v. griech']
4396	d2e287576Meyers-1905	Baron [1]	['bar', 'ber', 'beorn', 'bero']	['v. keltischen', 'vom angelsächsischen']
4407	d2e288028Meyers-1905	Barouche	['birotus', 'Birouche']	['v. lat']
4517	d2e295007Meyers-1905	Basen	[]	['v. griech']
4641	d2e301997Meyers-1905	Battersea	['Patricsey']	['v. normänn']
5211	d2e344107Meyers-1905	Bergamotte	[]	['aus dem Türk']
5231	d2e349114Meyers-1905	Bergsturz	['rovina']	['v. ital']
5281	d2e354641Meyers-1905	Bernstein [1]	['Glesum']	['v. niederdeutschen']
5293	d2e355887Meyers-1905	Bersaglieri	['bersaglio', 'bersagliare']	['v. ital']
5294	d2e355956Meyers-1905	Bérserker	['berr', 'serkr']	['v. altnord']
5352	d2e361027Meyers-1905	Besemschon	[]	['vom holländ']
5486	d2e372611Meyers-1905	Bezoar	['bâd-sahr']	['v. pers']
5642	d2e382699Meyers-1905	Bikuspidālklappe	['bi', 'cuspis']	['v. lat']
5719	d2e388803Meyers-1905	Bio...	['bios']	['v. griech']
5773	d2e392233Meyers-1905	Birschen	['berser']	['vom altfranz']
5787	d2e393159Meyers-1905	Bischof [1]	['episkopos']	['v. griech']
5809	d2e394225Meyers-1905	Biskuit	['biscoctus']	['vom mittellat']
5840	d2e396995Meyers-1905	Biwak	[]	['vom deutschen']
5993	d2e408644Meyers-1905	Bleichsucht	['chlōros']	['v. griech']
6028	d2e411551Meyers-1905	Bleuel	['bliuwen']	['v. altd']
6090	d2e416747Meyers-1905	Blümerant	['bleu-mourant']	['aus dem franz']
6178	d2e428056Meyers-1905	Bodmerei	['bodem']	['aus dem niederdeutschen']
6307	d2e438713Meyers-1905	Bombast	['bombace', 'bombax']	['v. altfr']
6313	d2e439330Meyers-1905	Bomhart	['bombarde']	['aus dem franz']
6511	d2e453628Meyers-1905	Boß [2]	['baas']	['v. holländ']
6515	d2e453880Meyers-1905	Bossieren	['pôzan, bozen']	['v. altdeutschen']
6525	d2e454755Meyers-1905	Botanik	['botánē']	['vom griech']
6543	d2e456875Meyers-1905	Botulismus	['botulus']	['v. lat']
6574	d2e457717Meyers-1905	Bougre	['Bulgārus']	['aus dem lat']
6775	d2e465799Meyers-1905	Brahmanismus	[]	['vom sanskrit']
6822	d2e470164Meyers-1905	Branka	['brac', 'bratj']	['v. poln']
6972	d2e484496Meyers-1905	Breve	['brevis']	['v. lat']
7015	d2e485875Meyers-1905	Brief [1]	['breve']	['v. lat']
7032	d2e487291Meyers-1905	Brigade	['brigare']	['v. mittelalt']
7139	d2e493380Meyers-1905	Brom	['bromos']	['v. griech']
7230	d2e500507Meyers-1905	Brücke [2]	['brucca']	['v. althochd']
7246	d2e502688Meyers-1905	Brühl [1]	['brogilus', 'broilus']	['vom mittellat']
7265	d2e503911Meyers-1905	Brunst [1]	['brëman']	['v. althochd']
7278	d2e505827Meyers-1905	Brüsselbrunnen	['brûseln']	['v. mittelhochd']
7390	d2e516812Meyers-1905	Budget	['bougette']	['v. altfranz']
7441	d2e519926Meyers-1905	Bukanĭer	['buccan', 'boucan']	['v. karibischen']
7537	d2e526750Meyers-1905	Burg [1]	['pýrgos']	['v. griech']
7545	d2e528021Meyers-1905	Bürgermeister	['burc']	['v. mittelhochd']
7567	d2e530234Meyers-1905	Burlésk	['burla']	['v. ital']
7592	d2e531320Meyers-1905	Bursa	['býrsa']	['v. griech']
7626	d2e534307Meyers-1905	Bussŏle	['bussola']	['v. ital']
7636	d2e535129Meyers-1905	Buticularĭus	['buticula']	['v. mittellat']
7673	d2e537787Meyers-1905	Bylaws	['bye']	['vom angelsächs']
7748	d2e541931Meyers-1905	Cadre	['quadrum']	['v. lat']
8150	d2e561642Meyers-1905	Carbăsus	['kárpâsa']	['v. ind']
8254	d2e567790Meyers-1905	Carrefour	['quadrifurcum']	['v. lat']
8592	d2e583593Meyers-1905	Cent [1]	['centum']	['v. lat']
8773	d2e591023Meyers-1905	Chagrin [2]	['sagrî']	['v. türk']
8890	d2e595169Meyers-1905	Champion	['campio']	['vom mittellat']
9114	d2e601944Meyers-1905	Châtelet [1]	['castellum']	['aus dem lat']
9199	d2e604045Meyers-1905	Chelicēren	['chēlē']	['v. griech']
9873	d2e639722Meyers-1905	Circuit	['circuitus']	['v. lat']
10205	d2e654114Meyers-1905	Codo	['cubitus']	['v. lat']
10590	d2e668686Meyers-1905	Connecticut River	[]	['v. indian']
10591	d2e668752Meyers-1905	Connétable	['comes stabuli']	['v. lat']
10683	d2e672080Meyers-1905	Contrōra	['contra']	['v. lat']
10727	d2e674179Meyers-1905	Coppo	['cupa']	['v. lat']
11299	d2e697804Meyers-1905	Cuba [1]	['cubare']	['v. lat']
11627	d2e717215Meyers-1905	Dame	['domina']	['v. lat']
11684	d2e724448Meyers-1905	Dandy	[]	['vom franz']
12033	d2e746241Meyers-1905	Defter	['diphthéra']	['v. griech']
12090	d2e749159Meyers-1905	Dekabristen	['dekabrj']	['v. russ']
12105	d2e749733Meyers-1905	Dekhan	[]	['v. sanskr']
12271	d2e756768Meyers-1905	Demographie	['dēmos', 'ethnos']	['v. griech']
12362	d2e760393Meyers-1905	Deodánd	['Deo dandum, »']	['v. lat']
12425	d2e761982Meyers-1905	Depretĭo	['depretiare']	['v. lat']
12749	d2e785730Meyers-1905	Devīsen	['divisa']	['v. mittellat']
12777	d2e787071Meyers-1905	Dezember	['decem']	['vom lat']
12791	d2e787427Meyers-1905	Dezimalsystem	['decem']	['v. lat']
12901	d2e792119Meyers-1905	Diäten	['dies']	['v. lat']
13084	d2e803459Meyers-1905	Dilettant	['dilettare']	['v. ital']
13140	d2e807076Meyers-1905	Dinzeltag	[]	['vom alten']
13170	d2e809958Meyers-1905	Diphtherīe	['diphthĕra', 'diphthĕris']	['v. griech']
13181	d2e810482Meyers-1905	Diplomatīe	['diplōma']	['v. griech']
13245	d2e813083Meyers-1905	Disgustieren	['disgusto']	['v. ital']
13269	d2e813942Meyers-1905	Diskriminieren	['discrimen']	['v. lat']
13381	d2e817784Meyers-1905	Dito [1]	['detto']	['v. ital']
13382	d2e817807Meyers-1905	Dito [2]	['digitus']	['v. lat']
13523	d2e824396Meyers-1905	Dokēten	['dokein']	['v. griech']
13532	d2e824793Meyers-1905	Doktrinǟr	['doctrina']	['v. lat']
13561	d2e826086Meyers-1905	Dollar [1]	[]	['vom deutschen']
13565	d2e826607Meyers-1905	Dolmetsch	['dilmetschi']	['v. türk']
13576	d2e827167Meyers-1905	Dom [1]	['dominus']	['v. lat']
13579	d2e827279Meyers-1905	Domäne	['dominium']	['v. lat']
13625	d2e829551Meyers-1905	Don [1]	['dominus']	['v. lat']
13945	d2e853533Meyers-1905	Drogen	['dro[o]g', 'trochisci']	['v. holländ']
13966	d2e854364Meyers-1905	Dropazismus	['dropax']	['v. griech']
13996	d2e856954Meyers-1905	Drūf	['druve']	['v. altniederd']
14010	d2e858036Meyers-1905	Drushine	['drug', 'drushina']	['v. russ']
14046	d2e859748Meyers-1905	Dschehennem	['gê Hinnom']	['v. hebr']
14083	d2e861499Meyers-1905	Dualismus	['duo']	['v. lat']
14289	d2e872112Meyers-1905	Duodēz	['duodecim']	['v. lat']
14328	d2e873759Meyers-1905	Dūr	['durus']	['v. lat']
14535	d2e883558Meyers-1905	Ebenholz	['eben']	['v. hebr']
14683	d2e893259Meyers-1905	Efendi	['authentis']	['v. neugriech']
14745	d2e896343Meyers-1905	Ehe	['êwa', 'êo']	['v. althochd']
14790	d2e904206Meyers-1905	Eigelstein	['aquila', 'aigle']	['v. lat']
15019	d2e930716Meyers-1905	Elastizität	['elaúnein']	['v. griech']
15097	d2e944743Meyers-1905	Elen	['élnis', 'ëlaho', 'Alces']	['vom lit']
15136	d2e947967Meyers-1905	Elixier	['el iksîr']	['v. arab']
15209	d2e953246Meyers-1905	Emanuël	[]	['vom hebr']
15225	d2e953778Meyers-1905	Embolīe	['embolos']	[]
15301	d2e957311Meyers-1905	Emphyteusis	['emphyteuein']	['v. griech']
15421	d2e962641Meyers-1905	Engel [1]	['angelos']	['v. griech']
15558	d2e973429Meyers-1905	Enthusiasmus	['enthus', 'entheos']	['v. griech']
15560	d2e973494Meyers-1905	Entität	['ens']	['v. lat']
15612	d2e975142Meyers-1905	Entropīe	['en-trépein']	['v. griech']
15779	d2e982658Meyers-1905	Epithēlium	['thele']	['v. griech']
15911	d2e994899Meyers-1905	Eremīten	['érēmos']	['v. griech']
16041	d2e1005512Meyers-1905	Erythroskōp	['erythros', 'skopein']	[]
16099	d2e1009938Meyers-1905	Eskalade	['scala']	['v. lat']
16140	d2e1011964Meyers-1905	Esquire	['escuyer', 'scutarius']	['v. altfranz']
16215	d2e1016314Meyers-1905	Etablieren	['stabilire']	['v. lat']
16227	d2e1016647Meyers-1905	Etappe	[]	['v. deutschen']
16246	d2e1017241Meyers-1905	Ethik	['ēthos']	['v. griech']
16485	d2e1031038Meyers-1905	Exchequer	['échiquier']	['v. franz']
16722	d2e1037422Meyers-1905	Extrabukkale Ernährung	['bucca']	['v. lat']
16817	d2e1041489Meyers-1905	Fabriken	['fabrica']	['v. lat']
17026	d2e1055536Meyers-1905	Fanatismus	['fanum']	['v. lat']
17073	d2e1059848Meyers-1905	Farce	['farcire']	['v. lat']
17089	d2e1060568Meyers-1905	Farinōsae	['farina']	['v. lat']
17101	d2e1061955Meyers-1905	Farraginös	['farrago']	['v. lat']
17142	d2e1064890Meyers-1905	Fasziation	['fascia']	['v. lat']
17150	d2e1065059Meyers-1905	Fatalismus	['fatum']	['v. lat']
17161	d2e1065544Meyers-1905	Fatzenetli	['fazzoletto']	['v. ital']
17196	d2e1067657Meyers-1905	Fauteuil	['faldistolium;']	[' a. d. mittellat']
17331	d2e1079770Meyers-1905	Fellah	['felaha']	['v. arab']
17332	d2e1079852Meyers-1905	Felleisen	['valisia', 'valigia', 'valise']	['v. mittellat']
17340	d2e1080231Meyers-1905	Felonīe	['felo']	['v. mittellat']
17360	d2e1081497Meyers-1905	Feminismus	['femina']	['v. lat']
17418	d2e1084892Meyers-1905	Fermentarĭer	['fermentum']	['v. lat']
17462	d2e1089399Meyers-1905	Ferruginös	['ferrugo']	['v. lat']
17479	d2e1090614Meyers-1905	Feste [2]	[]	['v. lat']
17623	d2e1106184Meyers-1905	Fiedel	['fides']	['v. lat']
17687	d2e1108553Meyers-1905	Filigrān	['filum-granum']	['v. lat']
17702	d2e1109414Meyers-1905	Filtrieren	['filtrum']	['v. mittellat']
17769	d2e1115425Meyers-1905	Firma	['firmare', 'Ragione, Ditta', 'Raison', 'Firm', 'Firma comercial']	['v. ital']
17833	d2e1122570Meyers-1905	Fivelgoo	[]	['vom Fluß']
17978	d2e1134287Meyers-1905	Flibustĭer	['freebooters', 'flibustiers', 'flyboat', 'vlieboot', 'flibot']	['v. engl']
18010	d2e1137098Meyers-1905	Flor [1]	['flos']	['v. lat']
18165	d2e1148304Meyers-1905	Folĭe	['folium']	['v. lat']
18258	d2e1152331Meyers-1905	Forke	['furca']	['v. lat']
18423	d2e1163341Meyers-1905	Frais	['freisa']	['v. althochd']
18428	d2e1163541Meyers-1905	Frambösīe	['framboise']	['v. franz']
18561	d2e1184526Meyers-1905	Freie	['charal']	['vom althochd']
18655	d2e1197704Meyers-1905	Frimaire	['frimer']	['vom veralteten']
18689	d2e1200279Meyers-1905	Front	['frons']	['v. lat']
18757	d2e1206829Meyers-1905	Fuēros	['forum']	['v. lat']
18856	d2e1212633Meyers-1905	Furage	[]	['vom deutschen']
18858	d2e1212704Meyers-1905	Furbesco	['furbo']	['v. ital']
18902	d2e1215562Meyers-1905	Füsiliere	['fusil']	['v. franz']
18918	d2e1217349Meyers-1905	Fustage	['iust']	['v. altfranz']
18971	d2e1221674Meyers-1905	Gachupīnes	[]	['vom aztek']
19096	d2e1231422Meyers-1905	Galloway	['Gallweia']	['v. sächs']
19105	d2e1232070Meyers-1905	Galopp [1]	['galhàupan']	['v. got']
19107	d2e1232130Meyers-1905	Galosche	['gallica']	['v. lat']
19142	d2e1235418Meyers-1905	Gandin	['Boulevard de Gand', 'des Italien']	[]
19162	d2e1236737Meyers-1905	Gangsystem	['gang']	['v. engl']
19193	d2e1238556Meyers-1905	Garantīe	['werên']	['v. althochd']
19307	d2e1248936Meyers-1905	Gasterēa	['gastēr']	['v. griech']
19530	d2e1271484Meyers-1905	Geïstik	[]	['v. griech']
19531	d2e1272110Meyers-1905	Geiz [1]	['kîdi']	['v. althochd']
19549	d2e1273388Meyers-1905	Gelbfieber	['amarillo', 'Vomito negro']	['v. span']
19637	d2e1281741Meyers-1905	Generalisation	['genus']	['v. lat']
19765	d2e1290167Meyers-1905	Georg [1]	[]	['v. griech']
19817	d2e1294553Meyers-1905	Gerbulieren	['garbellare']	['v. ital']
19824	d2e1294850Meyers-1905	Gerénz	['gerere']	['v. lat']
19951	d2e1310788Meyers-1905	Gesinde	[]	['v. althochd']
19958	d2e1312031Meyers-1905	Gespons	[]	['v. lat']
20032	d2e1320598Meyers-1905	Gewere	['werjan', 'vasjan']	['v. althochd']
20099	d2e1325903Meyers-1905	Gichtiger Mund	['gichen, jehen']	['v. altd']
20126	d2e1330227Meyers-1905	Gigerl	[]	['vom mittelhochd']
20226	d2e1334797Meyers-1905	Girande	['girare']	['v. ital']
20241	d2e1335724Meyers-1905	Girlande	['ghirlanda']	['v. ital']
20243	d2e1335825Meyers-1905	Giro	['gyrus']	['v. griech']
20283	d2e1337701Meyers-1905	Gjaur	['kâfir', 'kiâfir']	['v. arab']
20295	d2e1338223Meyers-1905	Gladĭatoren	['gladius']	['v. lat']
20369	d2e1346610Meyers-1905	Gleis	['leis', 'leise']	['v. mittelhochd']
20406	d2e1349528Meyers-1905	Glimpf	['gilimpf']	['v. althochd']
20409	d2e1349710Meyers-1905	Gliōm	['glía']	['v. griech']
20414	d2e1349861Meyers-1905	Glissando	['glisser']	['v. franz']
20491	d2e1354988Meyers-1905	Glyzerin	['glykerós']	['v. griech']
20576	d2e1362423Meyers-1905	Goldener Sporn	[]	['vom Goldenen']
20604	d2e1366661Meyers-1905	Golf [1]	['kolpos']	['vom griech']
20672	d2e1371088Meyers-1905	Goralen	['góra']	['v. poln']
20744	d2e1379053Meyers-1905	Gouachemalerei	['guazzo']	['vom ital']
20851	d2e1385564Meyers-1905	Gral	['graal, grëal', 'grazal', 'gresal', 'gratalis, gradalis', 'sanguis realis']	[' a. d. altfranz']
20878	d2e1386854Meyers-1905	Granarĭen	['granum']	['v. lat']
20941	d2e1389697Meyers-1905	Granulieren	['granum']	['v. lat']
20956	d2e1390743Meyers-1905	Graphīt	['graphein']	['v. griech']
21024	d2e1395657Meyers-1905	Gravitation	['gravis']	['v. lat']
21326	d2e1429301Meyers-1905	Guadalaviar	['Turis']	['v. arab']
21333	d2e1429413Meyers-1905	Guadalquivir	['Baetis']	['v. arab']
21372	d2e1431054Meyers-1905	Guardiān	['guardiáno']	['v. ital']
21564	d2e1441534Meyers-1905	Gurde	['cucurbita']	['v. lat']
21570	d2e1441886Meyers-1905	Gurke	['ogurek', 'okurka']	['vom poln', 'vom spätgriech']
21799	d2e1460600Meyers-1905	Hagestolz	['hag', 'staldan']	[' a. d. altsächs']
22047	d2e1479642Meyers-1905	Hanap	['huapf']	['vom althochd']
22121	d2e1491843Meyers-1905	Hantieren	['hanter']	['v. franz']
22238	d2e1501321Meyers-1905	Hartschiere	['Arciere', 'Archer']	['aus dem ital']
22255	d2e1502990Meyers-1905	Hasard	['āssar']	['v. arab']
22298	d2e1506620Meyers-1905	Hatto	['Hathus', 'Hadu']	['v. altdeutschen']
22403	d2e1516515Meyers-1905	Haverei	['Havarie', 'Avarij;', 'awâr']	['vom arab']
22789	d2e1551248Meyers-1905	Hēres	['erus']	['vom altlat']
23060	d2e1573517Meyers-1905	Hilderich	['hilt', 'rich']	['v. altd']
23130	d2e1580251Meyers-1905	Hippiāter	['hippos', 'iatros']	[]
23343	d2e1602590Meyers-1905	Holkodont	['holkos', 'odus']	['v. griech']
23346	d2e1603385Meyers-1905	Hölle [1]	[]	['v. altdeutschen']
23406	d2e1610290Meyers-1905	Homagiāl	['homagium', 'homo']	['vom mittellat']
23409	d2e1610432Meyers-1905	Homaxŏne Tiere	['homaxonius']	['v. griech']
23421	d2e1611314Meyers-1905	Homilētik	['homilĭa']	['v. griech']
23501	d2e1614730Meyers-1905	Honŏrig	['honor']	['v. lat']
23546	d2e1617780Meyers-1905	Horde [1]	['ordà', 'ordu']	['v. russ']
23553	d2e1618213Meyers-1905	Horizont	['horizein']	['v. griech']
23640	d2e1623967Meyers-1905	Hospitāl	['hospes']	['v. lat']
23652	d2e1624551Meyers-1905	Hostĭen	['hostĭa']	['v. lat']
23777	d2e1633863Meyers-1905	Hühnerauge	['hörnin ouge, »']	['aus dem altdeutschen']
23789	d2e1634749Meyers-1905	Huissier	['huis']	['v. altfranz']
23837	d2e1638118Meyers-1905	Hunan	[]	['vom See']
23867	d2e1641598Meyers-1905	Hunkjâr	['chûn']	['vom pers']
23889	d2e1642696Meyers-1905	Hupé	[]	['vom See']
23901	d2e1643221Meyers-1905	Hurra!	['hurren', 'urah!']	['v. mittelhochd']
23905	d2e1643568Meyers-1905	Husaren	['husz', 'ar']	['v. ungar']
23970	d2e1648378Meyers-1905	Hydranten	[]	['v. grch']
24041	d2e1652314Meyers-1905	Hyläa	['hyle']	['v. griech']
24060	d2e1653335Meyers-1905	Hypante	['hypantān']	['v. griech']
24069	d2e1653626Meyers-1905	Hypérbel	['hyperbole']	['v. griech']
24116	d2e1655586Meyers-1905	Hypochondrīe	['Hypochondrium']	[]
24167	d2e1657632Meyers-1905	Hysterīe	['hystera']	[]
24588	d2e1676603Meyers-1905	Incĭdit in Scyllam, qui vult vitare Charybdim	[]	['aus dem Regen']
24700	d2e1682404Meyers-1905	Indossieren	['in dosso']	['v. ital']
24725	d2e1683640Meyers-1905	Industrie	['industrĭa']	['v. lat']
24753	d2e1684600Meyers-1905	Infánt	[]	['v. lat']
24755	d2e1684709Meyers-1905	Infanterie	['infante, »']	['v. spanischen']
24787	d2e1685855Meyers-1905	Inflationisten	['inflatio']	['v. lat']
24826	d2e1687414Meyers-1905	Ingenieur	['ingenium']	['v. lat']
24889	d2e1690196Meyers-1905	Inkardination	['cardo']	[]
24903	d2e1690568Meyers-1905	Inkolāt	['incola']	['v. lat']
24934	d2e1691149Meyers-1905	Inkunabeln	['incunabula']	['v. lat']
25059	d2e1696753Meyers-1905	Installation	['stal']	['v. altdeutschen']
25080	d2e1697489Meyers-1905	Instradieren	['strada']	['v. ital']
25166	d2e1700381Meyers-1905	Interlaken	['inter lacus']	['v. lat']
25245	d2e1702778Meyers-1905	Intransigénten	['transigere, »']	['v. lat']
25302	d2e1704970Meyers-1905	Investition	['investire']	['v. lat']
25328	d2e1705640Meyers-1905	Inzineration	['cinis']	['v. lat']
25522	d2e1717514Meyers-1905	Isolieren	['isola']	['v. ital']
25526	d2e1718144Meyers-1905	Isomorphīe	['isos, »', 'morphe']	['aus dem griech']
25601	d2e1727529Meyers-1905	Ivoiritdruck	['ivoire']	['v. franz']
25609	d2e1728155Meyers-1905	Izedismus	['îzed']	['v. pers']
26126	d2e1764421Meyers-1905	Jubeljahr	['jobel']	['v. hebr']
26180	d2e1769561Meyers-1905	Julapĭum	['dschulâb']	['aus dem arab']
26181	d2e1769602Meyers-1905	Jūlfest	['jól;', 'geohhol;', 'jiuleis', 'ýlir']	['v. altnord']
26219	d2e1773547Meyers-1905	Junker [1]	['junc-hêrre']	['vom mittelhochd']
26396	d2e1781545Meyers-1905	Kabotage	['cabo']	['v. span']
26439	d2e1784818Meyers-1905	Kaffern	['kafir']	['v. arab']
26447	d2e1785358Meyers-1905	Kagal	[]	['v. hebr']
26552	d2e1793272Meyers-1905	Kalesche	['Kolitsa', 'Kola']	['vom serb']
26556	d2e1793545Meyers-1905	Kalgan	[]	['v. mongol']
26564	d2e1794562Meyers-1905	Kalifornien	['Caliente Fornalla']	['vom span']
26582	d2e1796785Meyers-1905	Kalixtiner	['calix']	['v. lat']
26592	d2e1798555Meyers-1905	Kalkul	['calculus']	['v. lat']
26613	d2e1799537Meyers-1905	Kalmar [1]	['calamaio']	['v. ital']
26627	d2e1800255Meyers-1905	Kalorīe	['calor']	['v. lat']
26651	d2e1802040Meyers-1905	Kalvarĭenberg [1]	['calvaria']	['v. lat']
26656	d2e1802318Meyers-1905	Kalzination	['calx']	['v. lat']
26671	d2e1803411Meyers-1905	Kamee	['camaeus', 'camayx', 'cammeo']	['v. mittellat']
26672	d2e1803542Meyers-1905	Kamēl [1]	['gamal; Camelus', 'L']	['v. semit']
26694	d2e1804815Meyers-1905	Kamīn	['camĭnus']	['v. lat']
26700	d2e1805025Meyers-1905	Kamisōl	['camisia']	['v. lat']
26703	d2e1805379Meyers-1905	Kammer [1]	['camera']	['v. lat']
26781	d2e1813023Meyers-1905	Kanevas	['cannabis']	['v. lat']
26797	d2e1814093Meyers-1905	Kankroīd	['cancer']	['v. lat']
26803	d2e1814448Meyers-1905	Kannibālen	['Canibal']	['v. span']
26810	d2e1814935Meyers-1905	Kanōne	['canna', 'cannone']	['v. lat']
26854	d2e1817736Meyers-1905	Kanzel	['cancelli']	['v. lat']
26864	d2e1818459Meyers-1905	Kap	['caput']	['v. lat']
26868	d2e1818717Meyers-1905	Kapelle [1]	['capa, »']	['v. lat']
26869	d2e1818763Meyers-1905	Kapelle [2]	['cupella, »']	['v. lat']
26901	d2e1821600Meyers-1905	Kapōres	['kappâroth']	['vom neuhebr']
26965	d2e1825361Meyers-1905	Karamellen	['canna mellis']	['v. mittellat']
26980	d2e1826114Meyers-1905	Karawane	['karwân, kerwân', 'kâr-bân']	['v. pers']
26989	d2e1826983Meyers-1905	Karbonisieren	['carbo']	['v. lat']
26992	d2e1827335Meyers-1905	Karburieren	['carbo']	['v. lat']
26998	d2e1827647Meyers-1905	Kardätsche	['carduus']	['v. lat']
27026	d2e1829259Meyers-1905	Karikatūr	['caricare']	['v. ital']
27045	d2e1833681Meyers-1905	Karmesīn	['Kermes', 'carmesinus']	['v. arab']
27051	d2e1834054Meyers-1905	Karnatik	[]	['aus dem Sanskrit', 'aus dem Drawidischen']
27074	d2e1835634Meyers-1905	Karosse	['carruca', 'carrozza']	['v. altlat']
27107	d2e1838367Meyers-1905	Kartell	['carta']	['v. lat']
27133	d2e1840726Meyers-1905	Karviōl	[]	['v. ital']
27163	d2e1842826Meyers-1905	Kasematte	['casa', 'matar']	['v. span']
27174	d2e1843623Meyers-1905	Kaskarillrinde	['cascara']	['v. span']
27198	d2e1845209Meyers-1905	Kassīber	[]	['vom jüdisch']
27214	d2e1845895Meyers-1905	Kaste	['casta, »', 'dschâti']	['v. portug']
27215	d2e1846006Meyers-1905	Kasteiung	['castigatio']	['v. lat']
27242	d2e1847752Meyers-1905	Katafálk	['catar', 'palco']	['aus dem roman']
27267	d2e1848853Meyers-1905	Katarrh	['katarrhein']	['v. griech']
27269	d2e1848951Meyers-1905	Kataster	['capitastrum']	['vom mittellat']
27323	d2e1852322Meyers-1905	Katten [2]	['hattr', 'haet = pileus']	['v. altnord']
27326	d2e1852468Meyers-1905	Kattūn	['katon']	['v. arab']
27379	d2e1857598Meyers-1905	Kavalīer	['caballus']	['vom lat']
27389	d2e1858172Meyers-1905	Kaviār	[]	['aus dem Türkischen']
27395	d2e1858418Meyers-1905	Kawaß	['kawwâss']	['v. arab']
27433	d2e1859841Meyers-1905	Kefīr	[]	['vom türk']
27447	d2e1861403Meyers-1905	Kehlkopfpfeifen	['to roar']	['vom engl']
27496	d2e1866856Meyers-1905	Kemnate	['caminata, sc. camera']	['vom mittellat']
27508	d2e1867630Meyers-1905	Kennel	['chenil']	['v. altfranz']
27537	d2e1869820Meyers-1905	Keratīn	['kéras']	['v. griech']
27728	d2e1884096Meyers-1905	Kilim	['gilim']	['v. pers']
27751	d2e1884935Meyers-1905	Kiltgang	['chwilt', 'gveld']	['v. althochd']
27784	d2e1887962Meyers-1905	Kinemátik	['kinēma']	['v. griech']
27822	d2e1890074Meyers-1905	Kiosk	['köschk']	['v. pers']
27825	d2e1890331Meyers-1905	Kipper und Wipper	[]	['v. niederd']
27944	d2e1899884Meyers-1905	Kladde	['klad']	['v. holländ']
27957	d2e1901341Meyers-1905	Klappe	['clavis']	['vom lat']
27976	d2e1902821Meyers-1905	Klastische Gesteine	['klastós']	['v. griech']
27983	d2e1903273Meyers-1905	Klause	['clusa']	['v. mittellat']
28061	d2e1912407Meyers-1905	Klinokephalīe	['klīnos', 'kephalos']	['v. griech']
28064	d2e1912586Meyers-1905	Klippen [2]	['klippa']	['aus dem schwed']
28094	d2e1914554Meyers-1905	Kloster [1]	['claustrum']	['v. lat']
28141	d2e1919226Meyers-1905	Knight [1]	['cniht']	['vom angelsächs']
28244	d2e1927937Meyers-1905	Kochemer Loschen	['chacham', 'laschon']	['v. hebr']
28351	d2e1936256Meyers-1905	Koks	['coquere']	['vom lat']
28367	d2e1937905Meyers-1905	Koleda	['calendae']	['v. lat']
28443	d2e1941177Meyers-1905	Kolmation	['colmata']	['v. ital']
28466	d2e1944286Meyers-1905	Kolonist	['colonus']	['v. lat']
28468	d2e1944347Meyers-1905	Kolonne	['columna']	['v. lat']
28472	d2e1944726Meyers-1905	Koloratūr	['color']	['v. lat']
28524	d2e1947409Meyers-1905	Komisch	[]	['v. griech']
28525	d2e1947554Meyers-1905	Komitāt	['comes']	['v. lat']
28542	d2e1948524Meyers-1905	Komménde	['commendare', 'commanderie']	['v. lat']
28546	d2e1948708Meyers-1905	Kommérs	['commercium']	['v. lat']
28556	d2e1949076Meyers-1905	Kommiß	['committere']	['v. lat']
28632	d2e1952525Meyers-1905	Komplementär	['complémentaire']	['v. franz']
28689	d2e1955500Meyers-1905	Kondītor	['condire']	['v. lat']
28757	d2e1959005Meyers-1905	König [2]	['chuni', 'Basileus', 'Rex', 'Roi', 'Re', 'Rey', 'Král', 'Król', 'Korólj', 'Király', 'Carolus']	['v. got', 'v. lat']
28809	d2e1963105Meyers-1905	Konkurrenz	['concurrere']	['v. lat']
28920	d2e1968925Meyers-1905	Konsumtibilĭen	['consumere']	[]
28946	d2e1969910Meyers-1905	Konterfei	['contrefait']	['v. franz']
28967	d2e1970566Meyers-1905	Kontingént	['contingens']	['v. lat']
28996	d2e1971882Meyers-1905	Kontrapost	['contrapposto']	['v. ital']
29108	d2e1977384Meyers-1905	Kopīe	['copia']	['v. lat']
29161	d2e1981138Meyers-1905	Kordelatsch	['coltellaccio']	['v. ital']
29183	d2e1982570Meyers-1905	Korjāken	['kora']	['v. russ']
29242	d2e1986541Meyers-1905	Korreāl	['corrëus']	['v. lat']
29283	d2e1988487Meyers-1905	Korvette	['corbita']	['vom lat']
29546	d2e2010959Meyers-1905	Kreosōt	['kreas', 'sozein']	['v. griech']
29574	d2e2014166Meyers-1905	Kreuzherren	[]	['vom heil']
29624	d2e2021868Meyers-1905	Kringel	[]	['vom alten']
29633	d2e2022269Meyers-1905	Kristall	['krýstallos']	['v. griech']
29671	d2e2026372Meyers-1905	Kromlech	['crom', 'lech']	['v. kelt']
29695	d2e2029198Meyers-1905	Kropzeug	['krop']	['v. alten']
29742	d2e2032265Meyers-1905	Kruzifix	['crucifixus', 'Kruisbeeld']	['vom lat']
29820	d2e2038426Meyers-1905	Kühlte	['koelte']	['v. holländ']
29832	d2e2039418Meyers-1905	Kukurbitation	['cucurbita', 'cucurbitare']	['v. lat']
29875	d2e2042329Meyers-1905	Kümmelblättchen	['gimel']	['v. hebr']
29959	d2e2051392Meyers-1905	Kuppeln	['copula']	['v. lat']
29961	d2e2052091Meyers-1905	Kupulārbildungen	['cupula']	['v. lat']
29964	d2e2052188Meyers-1905	Kur [2]	['cura']	['v. lat']
29985	d2e2053500Meyers-1905	Kurfürsten	['kur']	['v. althochd']
30005	d2e2054933Meyers-1905	Kurrecht	['kür']	['v. altd']
30006	d2e2054959Meyers-1905	Kurrénde	['currere']	['v. lat']
30010	d2e2055559Meyers-1905	Kürschner	['kürsen', 'chursinna', 'krusina']	['v. mittelhochd']
30049	d2e2058473Meyers-1905	Küstenfrachtfahrt	['cabo', 'Coasting trade']	['vom span']
30057	d2e2059218Meyers-1905	Küster	['custos']	['v. lat']
30071	d2e2059761Meyers-1905	Kutsche	['kocsi']	['v. ungar']
30119	d2e2062487Meyers-1905	Kynodesme	['kyon']	['v. griech']
30143	d2e2064246Meyers-1905	Labancz	['láb']	['v. ungar']
30153	d2e2064806Meyers-1905	Labēt	[]	['v. franz']
30256	d2e2071160Meyers-1905	Lady [1]	['hlafdige']	['v. angelsächs']
30272	d2e2071850Meyers-1905	Laffēte	"[""l'affût;""]"	['v. franz']
30319	d2e2075045Meyers-1905	Lagūnen	['lacuna']	['v. lat']
30328	d2e2075911Meyers-1905	Lai	['laid']	['vom irischen']
30331	d2e2076124Meyers-1905	Laien	['laos']	['v. griech']
30365	d2e2077710Meyers-1905	Lakústrisch	['lacus']	['v. lat']
30438	d2e2083097Meyers-1905	Lançade	['lancer']	['v. franz']
30608	d2e2100218Meyers-1905	Lappalĭe	[]	['v. deutschen']
30694	d2e2105110Meyers-1905	Lastadīe	['lastadium', 'lastagium']	['v. mittellat', 'v. deutsch']
30713	d2e2107028Meyers-1905	Laterīt	['later']	['v. lat']
30749	d2e2108920Meyers-1905	Lattun	['latón']	['v. span']
30768	d2e2110702Meyers-1905	Laudemĭum	['laus']	['v. lat']
31037	d2e2128755Meyers-1905	Legénde	['legenda']	['v. lat']
31052	d2e2129302Meyers-1905	Legierungen	['ligare', 'legare']	['v. lat']
31269	d2e2149214Meyers-1905	Leporīden	['lepus']	['v. lat']
31332	d2e2153309Meyers-1905	Lethargīe	['letbe']	['vom griech']
31383	d2e2157954Meyers-1905	Leumund	['liumunt', 'hliuma']	['v. althochd']
31385	d2e2158206Meyers-1905	Leutnant	['luogotenente']	['v. ital']
31419	d2e2159680Meyers-1905	Levirātsehe	['levir']	['v. lat']
31455	d2e2161921Meyers-1905	L'hombre	['hombre']	['v. span']
31579	d2e2171028Meyers-1905	Ligade	['ligare']	['v. lat']
31591	d2e2171445Meyers-1905	Lignōse	['lignum']	['v. lat']
31600	d2e2172206Meyers-1905	Likör	['liquor']	['v. lat']
31616	d2e2173545Meyers-1905	Liman [1]	['limne']	['v. griech']
31638	d2e2174625Meyers-1905	Limnische Bildungen	['limnē']	['v. griech']
31644	d2e2174854Meyers-1905	Limonage	['limon']	['v. franz']
31648	d2e2174997Meyers-1905	Limonīt	['leimōn']	['v. griech']
31673	d2e2177088Meyers-1905	Lindwurm	['lint']	['v. altdeutsch']
31692	d2e2177950Meyers-1905	Linguist	['lingua']	['v. lat']
31699	d2e2178623Meyers-1905	Liniménte	['linire']	['v. lat']
31713	d2e2180584Meyers-1905	Lion, Golfe du	['Kolpos tôn Ligyon']	['aus dem griech']
31752	d2e2183230Meyers-1905	Lira [1]	['libra']	['v. lat']
31852	d2e2188341Meyers-1905	Liverpool [2]	['Llyr-pwl']	['v. kymrischen']
31924	d2e2191407Meyers-1905	Lobbyist	['lobby']	['v. engl']
31994	d2e2195890Meyers-1905	Lōgik	['logos']	['v. griech']
32049	d2e2200067Meyers-1905	Lollarden	[]	['vom niederdeutschen']
32123	d2e2205739Meyers-1905	Lord	['hlâford']	['vom angelsächs']
32305	d2e2217308Meyers-1905	Ludel	['lut']	['vom holl']
32306	d2e2217413Meyers-1905	Luder	['luoder']	['v. mittelhochd']
32469	d2e2232639Meyers-1905	Lutation	['lutum']	['v. lat']
32584	d2e2241798Meyers-1905	Maatjeshering	['maatje']	['v. holländ']
32703	d2e2249376Meyers-1905	Madrillbrett	['madrier', 'materia']	['v. franz']
32732	d2e2250859Meyers-1905	Magazīne	['machsan']	['v. arab']
32856	d2e2260158Meyers-1905	Mahlschatz	['máhaljan']	['v. altdeutschen']
32857	d2e2260179Meyers-1905	Mahlstatt	['mahal']	['v. altdeutschen']
32858	d2e2260205Meyers-1905	Mahlsteine	['qvœrn']	['v. dän']
32888	d2e2262404Meyers-1905	Maier	['major']	['v. lat']
32931	d2e2265155Meyers-1905	Maire	['major']	['v. lat']
32967	d2e2267056Meyers-1905	Majorāt	['mayorazgo']	['vom span']
33053	d2e2271446Meyers-1905	Malarĭa	['mala aria', 'Aria cattiva']	['v. ital']
33057	d2e2271861Meyers-1905	Malberg [1]	['mahaljan']	['v. althochd']
33115	d2e2276102Meyers-1905	Malleïn	['malleus']	['v. lat']
33328	d2e2291557Meyers-1905	Mansus	['manere']	['v. lat']
33331	d2e2291766Meyers-1905	Mantel	['mantelum']	['v. lat']
33351	d2e2293033Meyers-1905	Manufákt	['manu factum']	['v. lat']
33372	d2e2294091Meyers-1905	Mappieren	['map']	['v. engl']
33461	d2e2297975Meyers-1905	Maremmen	['maritima']	['v. lat']
33469	d2e2298550Meyers-1905	Margarēta	['margaritis']	['vom griech']
33472	d2e2299145Meyers-1905	Marge	['margo']	['v. lat']
33499	d2e2303560Meyers-1905	Marine [1]	['[res] marina']	['v. lat']
33530	d2e2307196Meyers-1905	Markebriefe	['marcare']	['v. lat']
33575	d2e2310212Meyers-1905	Marmelade	['marmelo']	['v. portug']
33593	d2e2312372Meyers-1905	Maroniten	[]	['vom Papst']
33609	d2e2312903Meyers-1905	Marquis	['marchisus', 'marchio']	['v. mittellat']
33625	d2e2313838Meyers-1905	Marschall	['marah', 'scalc']	['vom althochd']
33627	d2e2314236Meyers-1905	Marschland	[]	['vom niederd']
33641	d2e2315637Meyers-1905	Marstall	['marah']	['v. althochd']
33715	d2e2321496Meyers-1905	Masematten	['massa u-mattan, »']	['v. hebr']
33832	d2e2329365Meyers-1905	Mathematik	['mathema']	['v. griech']
33844	d2e2330323Meyers-1905	Matjeshering	['maatje']	['vom holländ']
33921	d2e2336588Meyers-1905	Mauschel	['Mausche', 'Mauschel']	['vom hebr']
33936	d2e2337660Meyers-1905	Maxime	[]	['v. lat']
34053	d2e2345304Meyers-1905	Medizīn	['mederi']	[]
34147	d2e2353487Meyers-1905	Meineid	[]	['vom mittelhochd']
34194	d2e2357383Meyers-1905	Melchiten	['melik']	['vom syrischen']
34308	d2e2363868Meyers-1905	Menhirs	['maen, men', 'hir']	['v. kelt']
34358	d2e2367280Meyers-1905	Menü	['minuta']	['v. ital']
34475	d2e2373926Meyers-1905	Mesner	['mansionarius']	['vom lat']
34503	d2e2375493Meyers-1905	Messe [2]	['mess']	['v. engl']
34512	d2e2376223Meyers-1905	Messīas	[]	['v. hebr']
34591	d2e2381589Meyers-1905	Metazentrum	['meta', 'centrum']	['v. lat']
34603	d2e2383114Meyers-1905	Meter [1]	['metron']	['v. griech']
34640	d2e2385668Meyers-1905	Metōpen	['metōpon']	['v. griech']
34645	d2e2385835Meyers-1905	Metrik	['métron']	['v. griech']
34675	d2e2387748Meyers-1905	Meuchelmord	['miuchel']	['v. mittelhochd']
34777	d2e2394604Meyers-1905	Midrasch	['darasch']	['v. hebr']
34805	d2e2395863Meyers-1905	Migräne	[]	['aus dem griech']
34854	d2e2397713Meyers-1905	Mikroskōp	['mikros, »', 'skopein']	['v. griech']
34892	d2e2401704Meyers-1905	Militär	['militia']	['v. lat']
34999	d2e2411973Meyers-1905	Mineralĭen	['minera']	['v. mittellat']
35015	d2e2413918Meyers-1905	Miniatūr	['minium']	['v. lat']
35039	d2e2415522Meyers-1905	Minorennität	[]	['v. lat']
35227	d2e2427374Meyers-1905	Mob	['mobile vulgus']	['v. lat']
35229	d2e2427429Meyers-1905	Möbel	['mobilis']	['v. lat']
35253	d2e2428701Meyers-1905	Mode	['modus']	['v. lat']
35306	d2e2431117Meyers-1905	Mohātra	['muhātara']	['v. arab']
35374	d2e2435624Meyers-1905	Moll [1]	['mollis']	['v. lat']
35567	d2e2446601Meyers-1905	Monstránz	['monstrare']	['v. lat']
35571	d2e2446683Meyers-1905	Monsune	['mausim']	['v. arab']
35758	d2e2456843Meyers-1905	Morāl	['moralis', 'mores']	['v. lat']
35770	d2e2457659Meyers-1905	Moratorĭum	['mora']	['v. lat']
35778	d2e2458030Meyers-1905	Morbidität	['morbus']	['v. lat']
35835	d2e2461319Meyers-1905	Möris [1]	['mer- uer', 'me-uer']	['v. ägypt']
35892	d2e2464817Meyers-1905	Mosaīk	['musauik', 'Opus musivum', 'Musaico', 'Mosaïque']	['v. arab']
35895	d2e2465447Meyers-1905	Moschee	['mesdschid']	['v. arab']
36085	d2e2476424Meyers-1905	Mulatten	[]	['v. arab']
36129	d2e2479447Meyers-1905	Mumĭen	['mumie', 'momie', 'mummia', 'mumijâ', 'mûm', 'môm']	['v. alt']
36133	d2e2479827Meyers-1905	Mumpitz	[]	['vom hess']
36151	d2e2481853Meyers-1905	Mundtot	['munt']	['v. althochd']
36168	d2e2483052Meyers-1905	Münster [2]	['monasterium']	['v. lat']
36189	d2e2486587Meyers-1905	Murbruch	['rovina, rufina']	['v. welschen']
36201	d2e2487210Meyers-1905	Muriātisch	['muria']	['v. lat']
36245	d2e2490655Meyers-1905	Musēum	['musa']	['v. griech']
36252	d2e2491128Meyers-1905	Musik	['musiké [téchnē]']	['v. griech']
36298	d2e2495743Meyers-1905	Mutasiliten	[]	['vom arab']
36309	d2e2496170Meyers-1905	Mutoskōp	['mutus', 'skopein']	['v. lat']
36310	d2e2496225Meyers-1905	Mutschierung	['muotscharunge']	['v. mittelhochd']
36326	d2e2497573Meyers-1905	Mutung	[]	['v. altdeutsch']
36357	d2e2498950Meyers-1905	Mykōsen	['mykos']	['v. griech']
36387	d2e2500372Meyers-1905	Myrmecismus	['mýrmēx']	['v. griech']
36539	d2e2513710Meyers-1905	Naïvität	['lat. nativus']	[]
36569	d2e2515768Meyers-1905	Nanismus	['nanus']	['v. lat']
36594	d2e2517919Meyers-1905	Napisten	['nappa']	['v. neugriech']
36683	d2e2524889Meyers-1905	Nativismus	['nativus']	['v. neulat']
36743	d2e2529535Meyers-1905	Nausĕa	['naus']	['v. griech']
36823	d2e2535872Meyers-1905	Neger [1]	['niger']	['v. lat']
36940	d2e2541973Meyers-1905	Nepotismus	['nepote', '[nipote]']	['v. ital']
37057	d2e2553773Meyers-1905	Neuro...	['neuron']	['v. griech']
37267	d2e2571270Meyers-1905	Niëllo	['nigellus']	['v. lat']
37282	d2e2573146Meyers-1905	Niete	['niet']	['v. holländ']
37301	d2e2574513Meyers-1905	Nihilismus	['nihil']	['v. lat']
37387	d2e2581026Meyers-1905	Niveau	['libella, ']	['v. lat']
37630	d2e2599081Meyers-1905	Nostrifikation	['noster']	['v. lat']
37640	d2e2599701Meyers-1905	Noten	['nota']	['v. lat']
37719	d2e2603566Meyers-1905	Noyaden	['noyer']	['v. franz']
37742	d2e2604755Meyers-1905	Null	['nullus']	['v. lat']
37760	d2e2605735Meyers-1905	Numismatik	['nomisma']	['v. griech']
37938	d2e2618461Meyers-1905	Oboe	['Hautbois', 'Basson']	['v. franz']
38086	d2e2627547Meyers-1905	Offizier	['officium']	['v. lat']
38089	d2e2627834Meyers-1905	Offiziermesse	['mess']	['v. engl']
38385	d2e2645378Meyers-1905	Ontologie	[]	['v. griech']
38400	d2e2645851Meyers-1905	Oŏgonĭum	['ōŏn']	['v. griech']
38414	d2e2646371Meyers-1905	Opāl	['upala']	['v. sanskrit']
38424	d2e2646945Meyers-1905	Oper	['opera']	['v. ital']
38441	d2e2647819Meyers-1905	Opfer	['operari']	['v. lat']
38449	d2e2648526Meyers-1905	Ophīten	['ophis', 'naas']	['v. griech', 'v. hebr']
38468	d2e2649407Meyers-1905	Opobalsămum	['opós']	['v. griech']
38493	d2e2650692Meyers-1905	Optimismus	['optimus']	['v. lat']
38529	d2e2652834Meyers-1905	Oratorĭaner	['Patres Oratorii']	[]
38552	d2e2654497Meyers-1905	Ordalĭen	['ordâl']	['v. angelsächs']
38595	d2e2657203Meyers-1905	Orgān	['orgānon']	['v. griech']
38715	d2e2665355Meyers-1905	Orthopädīe	['orthos', 'paideia']	['v. griech']
38757	d2e2669071Meyers-1905	Osman Digna	['dikn']	['vom arab']
39084	d2e2694587Meyers-1905	Page	['pathicus']	['v. lat']
39092	d2e2694984Meyers-1905	Pagōde	['bhaguvati']	['v. ind']
39118	d2e2695781Meyers-1905	Pairs	['pares']	['vom lat']
39181	d2e2699423Meyers-1905	Palāver	['palavra']	['vom portug']
39196	d2e2700196Meyers-1905	Palētot	['paltsrock']	['v. holländ']
39214	d2e2701064Meyers-1905	Palisaden	['palus']	['v. lat']
39229	d2e2701971Meyers-1905	Palliatīv	['pallium']	['v. lat']
39237	d2e2702205Meyers-1905	Palm [1]	['palmus minor', 'palma']	['v. lat']
39257	d2e2704230Meyers-1905	Palmo	['palmus major']	['v. lat']
39328	d2e2708606Meyers-1905	Panieren	['panis']	['v. lat']
39339	d2e2709152Meyers-1905	Pankreas	['pan', 'kréas']	['v. griech']
39348	d2e2709514Meyers-1905	Pannotypīe	['pannus']	['v. lat']
39370	d2e2710457Meyers-1905	Panthai	[]	['aus dem birman']
39387	d2e2711225Meyers-1905	Pantry	['paneterie']	['v. franz']
39420	d2e2714458Meyers-1905	Papeln	['papulae']	['v. lat']
39445	d2e2717299Meyers-1905	Papst [1]	['pappas', 'papa']	['v. griech']
39450	d2e2718133Meyers-1905	Papúa	['papuwah']	['v. malaiischen']
39455	d2e2718491Meyers-1905	Parà	['pâreh']	['v. pers']
39462	d2e2718722Meyers-1905	Parabel	['parabŏlē']	['v. griech']
39476	d2e2719295Meyers-1905	Paradies	['pardes']	['v. pers']
39626	d2e2727747Meyers-1905	Paritionsfrist	['parere']	['vom lat']
39627	d2e2727764Meyers-1905	Park [1]	['parcus']	['v. spätlat']
39697	d2e2731534Meyers-1905	Partei	['pars']	['v. lat']
39743	d2e2733879Meyers-1905	Pasch	[]	['v. niederdtsch']
39763	d2e2735097Meyers-1905	Paß [2]	['passus']	['v. lat']
39798	d2e2736805Meyers-1905	Passionisten	[]	['vom heiligen']
39845	d2e2739265Meyers-1905	Paten	['pater']	['aus dem lat']
39847	d2e2739341Meyers-1905	Patént [1]	['patens']	['v. lat']
39918	d2e2742789Meyers-1905	Patt	['patto', 'pactum']	['v. ital']
39946	d2e2744759Meyers-1905	Paume	['palma']	['v. lat']
39957	d2e2745109Meyers-1905	Pause [1]	['pausis']	['v. griech']
39970	d2e2745760Meyers-1905	Pavillon	['papilio']	['v. lat']
40019	d2e2747546Meyers-1905	Pebble powder	['pebble']	['vom engl']
40051	d2e2748785Meyers-1905	Pedant	['paideuein']	['v. griech']
40054	d2e2748919Meyers-1905	Pedell	['pital']	['v. althochd']
40057	d2e2749011Meyers-1905	Pedētische Bewegung	['pedēthmos']	['v. griech']
40091	d2e2751001Meyers-1905	Peinlich	['poena', 'pêna']	['vom veralteten', 'v. lat']
40151	d2e2754303Meyers-1905	Pellikāt	['pellex', 'pelex']	[]
40158	d2e2754819Meyers-1905	Pelorĭenbildung	['pélōr']	['v. griech']
40296	d2e2760510Meyers-1905	Pentekontēre	['pentekonta']	['v. griech']
40306	d2e2761071Meyers-1905	Péonage	['peón']	['v. span']
40572	d2e2774643Meyers-1905	Perspektīve	['perspicěre']	['v. lat']
40591	d2e2776176Meyers-1905	Perücke	['pilus']	['v. lat']
40620	d2e2777584Meyers-1905	Peso	['pensum']	['v. lat']
40625	d2e2777735Meyers-1905	Pessimismus	['pessimus']	['v. lat']
40638	d2e2778730Meyers-1905	Petaud	['peto']	['v. lat']
40644	d2e2778970Meyers-1905	Peter [1]	['petros', 'Pierre', 'Pietro']	['v. griech']
40737	d2e2785686Meyers-1905	Pfaffe [1]	['papa']	['v. lat']
40741	d2e2786561Meyers-1905	Pfalz [1]	['palatium']	['v. lat']
40780	d2e2793261Meyers-1905	Pfingsten	['pentekoste']	['v. griech']
40803	d2e2796844Meyers-1905	Pflanzenteratologie	['téras']	['v. griech']
40821	d2e2799892Meyers-1905	Pfründe	['pruanta', 'praebenda']	['v. althochd']
40823	d2e2800156Meyers-1905	Pfund [1]	['pondo', 'pondo libra']	['v. lat']
40864	d2e2802669Meyers-1905	Pharmazie	['phármakon']	['v. griech']
40939	d2e2808517Meyers-1905	Philologie	['philos', 'logos']	['v. griech']
40948	d2e2809185Meyers-1905	Philosophie	['philos', 'sophía']	[]
41094	d2e2818719Meyers-1905	Phyllītes	['phyllon']	['v. griech']
41095	d2e2818751Meyers-1905	Phyllo...	['phyllon']	['v. griech']
41126	d2e2820875Meyers-1905	Physkonīe	['phýskōn']	['v. griech']
41290	d2e2827605Meyers-1905	Pikol	['picul']	['vom malaiischen']
41312	d2e2828526Meyers-1905	Pilger	['peregrinus']	['v. lat']
41314	d2e2828740Meyers-1905	Pilieren	['pila']	['v. lat']
41324	d2e2829224Meyers-1905	Pilōt	['pilos']	['v. griech']
41450	d2e2837839Meyers-1905	Pistole [1]	['pistala']	['vom tschech']
41472	d2e2839340Meyers-1905	Pittorésk	['pittore']	['v. ital']
41485	d2e2840073Meyers-1905	Piut	[]	['v. griech']
41530	d2e2842157Meyers-1905	Planēten	['planētes']	['v. griech']
41573	d2e2845258Meyers-1905	Plate	['plat']	['v. holl']
41576	d2e2845460Meyers-1905	Platerésk	['platero']	['vom span']
41581	d2e2846797Meyers-1905	Platte [3]	['polat']	['v. hebr']
41634	d2e2850185Meyers-1905	Pleo...	['pléon']	['v. griech']
41642	d2e2850341Meyers-1905	Pleorāma	['plein', 'hórāma']	['v. griech']
41649	d2e2850867Meyers-1905	Pleswitz	[]	['vom 4']
41669	d2e2851859Meyers-1905	Plinsen	['blinec', 'bliny']	['vom russ']
41670	d2e2851880Meyers-1905	Plinthe	['plinthos']	['vom griech']
41697	d2e2853908Meyers-1905	Plutokratīe	['plutos']	['v. griech']
41733	d2e2855638Meyers-1905	Pöbel	['populus']	['v. lat']
41750	d2e2856626Meyers-1905	Podesta	['potestas']	['v. lat']
41822	d2e2861819Meyers-1905	Polei	['pulegium', 'pulex']	['v. lat']
41824	d2e2861885Meyers-1905	Polēmik	['pólemos']	['v. griech']
42054	d2e2877452Meyers-1905	Pool	['poule']	['v. franz']
42105	d2e2880485Meyers-1905	Port	['portus']	['v. lat']
42144	d2e2881574Meyers-1905	Porter [1]	['porter']	['v. engl']
42149	d2e2881754Meyers-1905	Portfolĭo	['Portafogli[o]']	['v. ital']
42233	d2e2889261Meyers-1905	Post [3]	['posta', 'posita']	['vom mittellat']
42259	d2e2891464Meyers-1905	Postliminĭum	['limen']	['v. lat']
42403	d2e2898368Meyers-1905	Prado	['pratum']	['v. lat']
42443	d2e2900041Meyers-1905	Präkozität	['praecox']	['v. lat']
42451	d2e2900213Meyers-1905	Prälāt [1]	['praelatus', 'praeferre']	['v. lat']
42520	d2e2902644Meyers-1905	Prater	['prato']	['v. ital']
42569	d2e2904628Meyers-1905	Predigt	['praedicare']	['v. lat']
42596	d2e2906403Meyers-1905	Presidĭos	['praesidium']	['v. lat']
42608	d2e2908183Meyers-1905	Prestidigitateur	['presto', 'digitus']	['vom ital']
42692	d2e2915833Meyers-1905	Prinz	['princeps']	['v. lat']
42801	d2e2921431Meyers-1905	Profīl	['filum']	['v. lat']
42819	d2e2922076Meyers-1905	Prohibitionisten	['prohibition']	['v. engl']
42821	d2e2922113Meyers-1905	Prohibitīvsystem	['prohibere']	['v. lat']
42896	d2e2925088Meyers-1905	Propaganda	['propagare']	[]
42900	d2e2925368Meyers-1905	Propeller	['propellere']	['v. lat']
42942	d2e2927033Meyers-1905	Prosa	['prorsa, sc. oratio']	['v. lat']
43047	d2e2932958Meyers-1905	Prozent	['pre centum', 'pour cent', 'per cento']	['v. lat']
43074	d2e2935061Meyers-1905	Psammŏm	['psámmos']	['v. griech']
43078	d2e2935299Meyers-1905	Pseudo...	['pseudes']	['v. griech']
43191	d2e2942056Meyers-1905	Püik	['puik']	['v. holländ']
43204	d2e2942958Meyers-1905	Pulpe	['Polypus', 'Octopus', 'Lam']	['aus dem griech']
43275	d2e2948973Meyers-1905	Pustel	['pustula']	['v. lat']
43441	d2e2959958Meyers-1905	Quatémber	['quatuor tempora', 'quatempora']	['v. lat']
43452	d2e2960563Meyers-1905	Quebracho	['quebrar', '[h]acha']	['v. span']
43473	d2e2963359Meyers-1905	Quelpart	[]	['vom holländ']
43532	d2e2966579Meyers-1905	Qui mange du pape,en meurt	[]	['vom Papste']
43599	d2e2969028Meyers-1905	Quodlĭbet	['quod libet']	['v. lat']
43626	d2e2970652Meyers-1905	Rabbi [1]	['rab']	['v. hebr']
43658	d2e2972502Meyers-1905	Rachītis	['rhachis']	['v. griech']
43684	d2e2975141Meyers-1905	Radikāl	['radix']	['v. lat']
43747	d2e2980694Meyers-1905	Rakēten	['rocchetta']	['v. ital']
43764	d2e2981589Meyers-1905	Ramagemuster	['ramage']	['v. franz']
43791	d2e2984118Meyers-1905	Rancheros	['rancho']	['v. span']
43851	d2e2990045Meyers-1905	Rastrāl	['rastrum']	['v. lat']
43853	d2e2990362Meyers-1905	Rate	[]	['v. lat']
43867	d2e2991191Meyers-1905	Rationalismus	['ratio']	['v. lat']
43935	d2e2999121Meyers-1905	Reāl	['res']	['v. lat']
44027	d2e3006484Meyers-1905	Rederijkers	['rhétoricien']	['v. franz']
44035	d2e3006840Meyers-1905	Redingote	['riding coat']	['v. engl']
44045	d2e3007183Meyers-1905	Redoute	['reductus']	['v. mittellat']
44108	d2e3010471Meyers-1905	Regāl [2]	['rîga']	['v. altd']
44124	d2e3012810Meyers-1905	Regésten	['regerĕre']	['v. lat']
44168	d2e3015560Meyers-1905	Regulīnisch	['regulus']	['v. lat']
44237	d2e3028701Meyers-1905	Rekrūt	['la recrue']	['v. franz']
44281	d2e3031136Meyers-1905	Reluitionsrecht	['reluère']	['v. lat']
44298	d2e3031916Meyers-1905	Remonetisieren	['moneta']	['v. lat']
44412	d2e3037401Meyers-1905	Republik	['res publica']	['v. lat']
44587	d2e3046053Meyers-1905	Revier	['rivier', 'rivière']	['v. mittelhochdtsch']
44645	d2e3048368Meyers-1905	Rezitatīv	['recitare']	['v. lat']
44676	d2e3052344Meyers-1905	Rheumatismus	['rhein']	['v. griech']
44743	d2e3058227Meyers-1905	Richard [1]	['rîh', 'hart']	['v. altd']
44795	d2e3065838Meyers-1905	Rigolen	['rigole']	['v. franz']
44811	d2e3066623Meyers-1905	Rimesse	['rimessa']	['v. ital']
44871	d2e3072295Meyers-1905	Rips	['rib']	['v. engl']
44971	d2e3077969Meyers-1905	Robōt	['robota']	['v. slaw']
44985	d2e3078495Meyers-1905	Roche [1]	['roch', 'ruch']	['v. pers']
45320	d2e3112466Meyers-1905	Rotte [1]	['rupta']	['v. lat']
45353	d2e3114222Meyers-1905	Roulanz	['rouler']	['v. franz']
45423	d2e3118563Meyers-1905	Rubrīk	['rubrīca']	['v. lat']
45463	d2e3121814Meyers-1905	Ruderāten	['rudera']	['v. lat']
45487	d2e3123721Meyers-1905	Rüfi	['rovina']	['v. ital']
45504	d2e3125341Meyers-1905	Ruīn	['ruina']	['v. lat']
45566	d2e3129974Meyers-1905	Rupĭe	['rûpya']	['aus dem Sanskritwort']
45649	d2e3140338Meyers-1905	Ryn-Pesski	[]	['v. kirgis']
45659	d2e3141325Meyers-1905	Saâ	['saa']	['v. arab']
45712	d2e3145009Meyers-1905	Sabtije	['sabt']	['v. arab']
45726	d2e3145541Meyers-1905	Sacco [1]	['saccus']	['v. lat']
45807	d2e3152397Meyers-1905	Safran	"[""za'ferān""]"	['v. arab']
46153	d2e3164339Meyers-1905	Sala [1]	['säljan', 'sellan']	['v. althochd']
46155	d2e3164491Meyers-1905	Salaamkrampf	['salám']	['v. arab']
46168	d2e3165330Meyers-1905	Salāt [2]	['salato']	['v. ital']
46184	d2e3166426Meyers-1905	Salep	['khus yatus salab']	['aus dem arab']
46297	d2e3173017Meyers-1905	Salva ratificatione	[]	['v. rat']
46303	d2e3173279Meyers-1905	Salve [2]	['salve']	['v. lat']
46406	d2e3182314Meyers-1905	Sanatorĭen	['sanare']	['v. lat']
46495	d2e3188187Meyers-1905	Sanguīnisch	['sanguis']	['v. lat']
46522	d2e3189696Meyers-1905	Sankt	['sanctus;']	['v. lat']
46753	d2e3205075Meyers-1905	Satinieren	['satin']	['v. franz']
46873	d2e3213477Meyers-1905	Sax [1]	['sax', 'sahs', 'saxum']	['vom altnord', 'vom lat']
46895	d2e3214788Meyers-1905	Scab	['scabies']	['v. lat']
46907	d2e3215397Meyers-1905	Scammonĭum	['skamma']	['v. griech']
46941	d2e3217018Meyers-1905	Schäbig	['schabe']	['v. althochd']
46949	d2e3217545Meyers-1905	Schachern	['szachar']	['v. hebr']
46989	d2e3222472Meyers-1905	Schal	"['Chalat', ""Chyl'at:""]"	['v. persisch', 'vom Fürsten']
46999	d2e3223769Meyers-1905	Schalmei	['calamus, calamellus']	['v. lat']
47043	d2e3227086Meyers-1905	Scharlatan	['ciarlare']	['v. ital']
47051	d2e3227450Meyers-1905	Schärpe	['scharpe']	['v. althochd']
47052	d2e3227471Meyers-1905	Scharpīe	['carpere']	['v. lat']
47054	d2e3227765Meyers-1905	Scharwerk	['scara, schare, »']	['v. altd']
47062	d2e3228276Meyers-1905	Schatulle	['scatola']	['v. mittellat']
47082	d2e3230506Meyers-1905	Schawell	['scabellum']	['v. lat']
47161	d2e3237362Meyers-1905	Scherwenzeln	['servant']	['v. franz']
47375	d2e3259202Meyers-1905	Schlemm	['slam']	['v. engl']
47402	d2e3263216Meyers-1905	Schlips	['slip']	['v. engl']
47430	d2e3266310Meyers-1905	Schmadden	[]	['v. chald']
47455	d2e3270713Meyers-1905	Schmiere	['schemirah']	['v. neuhebr']
47459	d2e3271413Meyers-1905	Schmöker	['smoken']	['v. holländ']
47461	d2e3271482Meyers-1905	Schmollis	['smullen']	['vom altniederdeutschen']
47478	d2e3272595Meyers-1905	Schnack	[]	['v. niederd']
47500	d2e3276094Meyers-1905	Schneise	['sneet']	['vom niederdeutschen']
47531	d2e3279516Meyers-1905	Schokolade	['choco', 'latl']	['aus dem mexikan']
47546	d2e3281174Meyers-1905	Schönbart	['schëme']	['v. mittelhochd']
47567	d2e3283870Meyers-1905	Schoppen	['scaphium']	['v. lat']
47586	d2e3286693Meyers-1905	Schraffieren	['sgraffiare']	['v. ital']
47628	d2e3292115Meyers-1905	Schubbejack	['schubuják']	['v. russ']
47650	d2e3294105Meyers-1905	Schule	['scholḗ']	['v. griech']
47720	d2e3302563Meyers-1905	Schwadronieren	[]	['v. oberdeutsch']
47820	d2e3315965Meyers-1905	Schwegelpfeife	['suegala']	['v. altd']
47838	d2e3319887Meyers-1905	Schweizerdegen	[]	['v. altdeutschen']
47911	d2e3326728Meyers-1905	Scoglien	['scoglio']	['v. ital']
48154	d2e3343659Meyers-1905	Seidel [1]	['sîdel', 'sitŭla']	['v. mittelhochd', 'v. lat']
48165	d2e3345600Meyers-1905	Seigneur	['senior']	['v. lat']
48198	d2e3348056Meyers-1905	Sekel	[]	[]
48321	d2e3355182Meyers-1905	Senâne	['sen']	['v. pers']
48461	d2e3362038Meyers-1905	Serben [2]	['Srbi']	['v. serb']
48549	d2e3366979Meyers-1905	Servīl	['servus']	['v. lat']
48551	d2e3367107Meyers-1905	Servīten	[]	['vom Monte']
48689	d2e3373908Meyers-1905	Sheriff	['scirgerefa']	['v. angelsächs']
48705	d2e3374468Meyers-1905	Shire	['sciran']	['vom sächs']
48781	d2e3379103Meyers-1905	Siderismus	['sidēros']	['v. griech']
48850	d2e3384814Meyers-1905	Signāl	['signum']	['v. lat']
48869	d2e3385936Meyers-1905	Sikarĭer	['sica']	['v. lat']
48940	d2e3391203Meyers-1905	Simandl	[]	['vom hebr']
49001	d2e3394681Meyers-1905	Sinekūre	['sine cura']	['v. lat']
49055	d2e3397530Meyers-1905	Sir	['Sire']	['v. franz']
49129	d2e3402109Meyers-1905	Skalden	['skáld']	['v. altnord']
49145	d2e3402916Meyers-1905	Skapulīer	['scapula']	['v. lat']
49153	d2e3403322Meyers-1905	Skat	['escarter [écarter]']	['v. altfranz']
49176	d2e3404129Meyers-1905	Ski	['ski']	['vom dänischen']
49190	d2e3404696Meyers-1905	Skizze	['schizzo']	['v. ital']
49209	d2e3405825Meyers-1905	Skolopanen	['Scuole pie']	['vom ital']
49245	d2e3407296Meyers-1905	Sküs	['scusa']	['v. ital']
49431	d2e3417524Meyers-1905	Solarisation	['sol']	['v. lat']
49468	d2e3419430Meyers-1905	Solipsen	['solus', 'ipse']	['v. lat']
49594	d2e3428943Meyers-1905	Sophronisten	['sōphrōn']	['v. griech']
49607	d2e3429740Meyers-1905	Sordarĭen	['sordes']	['v. lat']
49650	d2e3431496Meyers-1905	Sotnĭe	['ssto']	['v. russ']
49722	d2e3433417Meyers-1905	Souverän	['superanus']	['v. mittellat']
49774	d2e3438617Meyers-1905	Spaniōlen	['Spagnuolo', 'Español']	['v. ital']
49799	d2e3444304Meyers-1905	Sparte	['spartire']	['v. ital']
49809	d2e3444681Meyers-1905	Spat [2]	['spasis']	['v. griech']
49859	d2e3447820Meyers-1905	Spektabilität	['spectabilis']	['v. lat']
49920	d2e3452266Meyers-1905	Spezĭestaler	['species']	['vom lat']
50255	d2e3482250Meyers-1905	Stammregister	['juxta']	['vom lat']
50346	d2e3488646Meyers-1905	Statistik	['status', 'stato', 'statista', 'statistica scientia']	['aus dem lat']
50470	d2e3502168Meyers-1905	Stellionāt	['stellio']	['v. lat']
50511	d2e3505747Meyers-1905	Steppe	['stepj']	['v. russ']
50517	d2e3506308Meyers-1905	Stēr [2]	['stereós']	['v. griech']
50524	d2e3506947Meyers-1905	Stereo...	['stereós']	['v. griech']
50606	d2e3514592Meyers-1905	Stiefel [1]	['stivale', 'aestivale']	['v. ital']
50621	d2e3515995Meyers-1905	Stikine	['stakina']	['vom indian']
50984	d2e3545325Meyers-1905	Stundisten	[]	['v. deutschen']
51136	d2e3553458Meyers-1905	Südbahn, Österreichische	[]	['v. Südbahngesellschaft']
51200	d2e3557116Meyers-1905	Sukkŭba	['succubare']	['v. lat']
51425	d2e3568067Meyers-1905	Swadeshi	['svayam', 'desha']	['vom sanskrit']
51477	d2e3570496Meyers-1905	Sylt	[]	['v. altfries']
51509	d2e3572570Meyers-1905	Synallagmatische Verträge	['synallássein']	['v. griech']
51722	d2e3580523Meyers-1905	Tabor [2]	['thâbûr']	['v. türk']
51726	d2e3580765Meyers-1905	Tabulārersitzung	['tabula']	['v. lat']
51854	d2e3588370Meyers-1905	Tallymann	['tally']	['v. engl']
51872	d2e3589349Meyers-1905	Tambour	[]	['vom pers']
51929	d2e3592936Meyers-1905	Tânsîmât	['tansîm', 'nisâm']	['v. arab']
51932	d2e3593125Meyers-1905	Tante	['ante', 'aunt']	['vom altfranz']
51949	d2e3593986Meyers-1905	Tapēten	['tapes', 'tapetam', 'tapis']	['v. griech']
52001	d2e3596870Meyers-1905	Tarnkappe	['tarnan']	['v. altd']
52057	d2e3600557Meyers-1905	Tätowieren	['tatau']	['vom tahit']
52215	d2e3612942Meyers-1905	Telĕologie	['telos']	['v. griech']
52342	d2e3619527Meyers-1905	Teratologie	['téras']	['v. griech']
52368	d2e3620583Meyers-1905	Termīn	['terminus']	['v. lat']
52394	d2e3622076Meyers-1905	Terrakotta	['terra cotta']	['v. ital']
52395	d2e3622218Meyers-1905	Terramaren	['terra marna']	['v. ital']
52454	d2e3624554Meyers-1905	Testakte	['test']	['v. engl']
52570	d2e3632068Meyers-1905	Theben [2]	[]	['v. slowak']
52671	d2e3638578Meyers-1905	Thioalkohol	['theion']	['v. griech']
52811	d2e3651471Meyers-1905	Tigris [2]	['tigra']	['v. altpers']
52856	d2e3654292Meyers-1905	Tinte	['tinta', 'tingĕre']	['v. ital', 'v. lat']
52938	d2e3659994Meyers-1905	Tockieren	['toccare']	['v. ital']
52975	d2e3662914Meyers-1905	Tölpel [1]	['dörper, dörpel, törpel']	['aus dem mittelhochd']
53009	d2e3665491Meyers-1905	Tōnisch	['tonus']	['v. lat']
53051	d2e3668370Meyers-1905	Topp	['top']	['v. engl']
53068	d2e3670035Meyers-1905	Tornister	['tánistron', 'Sac']	['v. mittelgriech']
53094	d2e3671645Meyers-1905	Tort	['tortum']	['v. lat']
53095	d2e3671662Meyers-1905	Torte	['tortus']	['v. lat']
53200	d2e3677110Meyers-1905	Trabanten	[]	['v. deutschen']
53216	d2e3677925Meyers-1905	Trachyt	['trachys']	['vom griech']
53267	d2e3680411Meyers-1905	Trampdampfer	['tramp']	['v. engl']
53382	d2e3685892Meyers-1905	Travankor	[]	['aus dem indischen']
53393	d2e3686192Meyers-1905	Travestīe	['travestire']	['v. ital']
53671	d2e3702344Meyers-1905	Trokar	[]	['v. franz']
53675	d2e3702734Meyers-1905	Trombe	['tromba']	['v. ital']
53721	d2e3706079Meyers-1905	Truchseß	['truhtsâzo', 'truht', 'Dapifer', 'Écuyer de cuisine, Écuyer tranchant']	['v. altd']
53724	d2e3706196Meyers-1905	Trucksystem	['truck']	['v. engl']
53937	d2e3719171Meyers-1905	Tunnel	['tonnel']	['v. altfranz']
53973	d2e3723355Meyers-1905	Turkmēnen	[]	['vom Eigennamen']
54159	d2e3735412Meyers-1905	Uhr	['hora']	['v. lat']
54177	d2e3736437Meyers-1905	Ukás	['ukasátj']	['v. russ']
54220	d2e3738993Meyers-1905	Ulzeration	['ulcus']	['v. lat']
54256	d2e3741642Meyers-1905	Undīnen	['unda']	['v. lat']
54354	d2e3752281Meyers-1905	Unziālbuchstaben	['uncia']	['v. lat']
54389	d2e3754426Meyers-1905	Urbar	['erbëran']	['v. althochd']
54394	d2e3754798Meyers-1905	Urēa	['urein']	['v. griech']
54479	d2e3760269Meyers-1905	Usk [1]	['Visge']	['v. kelt']
54481	d2e3760301Meyers-1905	Uskōken	['uskočiti']	['v. serb']
54520	d2e3761894Meyers-1905	Utilisieren	['utilis']	['v. lat']
54714	d2e3772017Meyers-1905	Vasen	['vas']	['v. lat']
54729	d2e3772975Meyers-1905	Väter vom Heiligen Geist	[]	['vom Heiligen', 'vom heiligen']
54765	d2e3774781Meyers-1905	Vegetarismus	['vegetus']	['v. lat']
54788	d2e3775882Meyers-1905	Velarĭum	['velum']	['v. lat']
54799	d2e3776665Meyers-1905	Velleïtät	['velle']	['v. lat']
54825	d2e3777736Meyers-1905	Vendredi	['Veneris dies']	['v. lat']
54849	d2e3779670Meyers-1905	Ventīl	['ventus']	['v. lat']
54959	d2e3789868Meyers-1905	Verismus	['verus']	['v. lat']
54960	d2e3789888Meyers-1905	Veritābel	['veritas']	['v. lat']
55042	d2e3795962Meyers-1905	Verschollenheit	[]	['vom Zeitwort']
55280	d2e3812031Meyers-1905	Villains	['villanus']	['v. mittellat']
55350	d2e3814911Meyers-1905	Vinkulieren	['vinculum']	['v. lat']
55401	d2e3817141Meyers-1905	Virĭal	['vis']	['v. lat']
55412	d2e3817429Meyers-1905	Virtuell	['virtus']	['v. lat']
55435	d2e3818508Meyers-1905	Visīer	['videre']	['v. lat']
55447	d2e3819128Meyers-1905	Viskös	['viscum']	['v. lat']
55558	d2e3825748Meyers-1905	Volapük	['world', 'speak']	[' a. d. engl']
55778	d2e3846525Meyers-1905	Währung	['valere', 'Étalon']	['v. lat']
56367	d2e3908082Meyers-1905	Whisky	['uisge beatha', 'usquebaugh']	['aus dem irischen']
56481	d2e3917159Meyers-1905	Wildbret	['wilt', 'prâtan']	['v. altd']
56886	d2e3954777Meyers-1905	Xanthelásma	['xanthos']	['v. griech']
56914	d2e3956395Meyers-1905	Xylektypōm	['xýlon', 'ektypon']	['v. griech']
56938	d2e3957413Meyers-1905	Yangtsekiang	[]	['v. Richthofen']
57092	d2e3967723Meyers-1905	Zar	['Caesar']	['v. lat']
57131	d2e3969944Meyers-1905	Zeche	['gizëhôn']	['v. althochd']
57186	d2e3975862Meyers-1905	Zemént	['caementum']	['v. lat']
57190	d2e3976425Meyers-1905	Zenareïden	[]	['v. griech']
57208	d2e3977622Meyers-1905	Zenti	['centum']	['v. lat']
57211	d2e3977724Meyers-1905	Zentner	['centenarius']	['v. lat']
57222	d2e3978844Meyers-1905	Zentrieren	[]	['v. lat']
57250	d2e3980244Meyers-1905	Zernierung	['cerner']	['v. franz']
57321	d2e3986696Meyers-1905	Zimentieren	['cimento']	['v. ital']
57339	d2e3988255Meyers-1905	Zingel	['cingulum']	['v. lat']
57444	d2e3996103Meyers-1905	Zivilisation	['civis']	['v. lat']
