EntryID	Headword	Results
d3e2199Brockhaus-1809	Amadis	Amadis
d3e2216Brockhaus-1809	Das Amalgama	das Amalgama
d3e2263Brockhaus-1809	Amalthea	Amalthea
d3e3306Brockhaus-1809	Antigone	Antigone
d3e4308Brockhaus-1809	Arioso	Arioso
d3e5550Brockhaus-1809	Azur	Azur
d3e11994Brockhaus-1809	Candide	Candide
d3e13598Brockhaus-1809	Cato	Cato
d3e13598Brockhaus-1809	Cato	Cato
d3e13598Brockhaus-1809	Cato	Cato
d3e13822Brockhaus-1809	Ceylon	Ceylon
d3e14625Brockhaus-1809	Circe	Circe
d3e14625Brockhaus-1809	Circe	Circe
d3e14687Brockhaus-1809	Clair-Obscur	Clair-Obscur
d3e14744Brockhaus-1809	Classisch	classische
d3e14770Brockhaus-1809	Claviere	Claviere
d3e14770Brockhaus-1809	Claviere	Claviere
d3e14770Brockhaus-1809	Claviere	Claviere
d3e14770Brockhaus-1809	Claviere	Claviere
d3e14770Brockhaus-1809	Claviere	Claviere
d3e14770Brockhaus-1809	Claviere	Claviere
d3e15124Brockhaus-1809	Coburg	Coburg
d3e15178Brockhaus-1809	Codrus	Codrus
d3e15681Brockhaus-1809	Constantin	Constantin
d3e15681Brockhaus-1809	Constantin	Constantin
d3e15706Brockhaus-1809	Constantinopel	Constantinopel
d3e15706Brockhaus-1809	Constantinopel	Constantinopel
d3e16483Brockhaus-1809	Cracau	Cracau
d3e16483Brockhaus-1809	Cracau	Cracau
d3e16806Brockhaus-1809	Curland	Curland
d3e16806Brockhaus-1809	Curland	Curland
d3e17127Brockhaus-1809	Dännemark	Dännemark
d3e17479Brockhaus-1809	David	David
d3e17479Brockhaus-1809	David	David
d3e17859Brockhaus-1809	Demokrit	Demokrit
d3e17891Brockhaus-1809	Demosthenes	Demosthenes
d3e17891Brockhaus-1809	Demosthenes	Demosthenes
d3e18740Brockhaus-1809	Deseze	Deseze
d3e19138Brockhaus-1809	Didactisch	didactisches
d3e19622Brockhaus-1809	Dodona	Dodona
d3e20246Brockhaus-1809	Dreßden	Dreßden
d3e20246Brockhaus-1809	Dreßden	Dreßden
d3e20246Brockhaus-1809	Dreßden	Dreßden
d3e20246Brockhaus-1809	Dreßden	Dreßden
d3e20356Brockhaus-1809	Drouet	Drouet
d3e20356Brockhaus-1809	Drouet	Drouet
d3e20491Brockhaus-1809	Dümouriez	Dümouriez
d3e20533Brockhaus-1809	Dünkirchen	Dünkirchen
d3e20606Brockhaus-1809	Albrecht Dürer	Albrecht Dürer
d3e20799Brockhaus-1809	Eger	Eger
d3e20813Brockhaus-1809	Egeria	Egeria
d3e20841Brockhaus-1809	Egypten	Egypten
d3e20918Brockhaus-1809	Eisenach	Eisenach
d3e21084Brockhaus-1809	Elisabeth	Elisabeth
d3e21084Brockhaus-1809	Elisabeth	Elisabeth
d3e22779Brockhaus-1809	Fama	Fama
d3e22779Brockhaus-1809	Fama	Fama
d3e22884Brockhaus-1809	Farinelli	Farinelli
d3e23801Brockhaus-1809	Figueras	Figueras
d3e24076Brockhaus-1809	Flandern	Flandern
d3e24076Brockhaus-1809	Flandern	Flandern
d3e24996Brockhaus-1809	Foulon	Foulon
d3e25314Brockhaus-1809	Frankreich	Frankreichs
d3e25687Brockhaus-1809	Freiberg	Freiberg
d3e25839Brockhaus-1809	Freron	Freron
d3e26471Brockhaus-1809	Fürth	Fürth
d3e27531Brockhaus-1809	Genf	Genf
d3e27531Brockhaus-1809	Genf	Genf
d3e27531Brockhaus-1809	Genf	Genf
d3e27531Brockhaus-1809	Genf	Genf
d3e28358Brockhaus-1809	Gibraltar	Gibraltar
d3e29296Brockhaus-1809	Gotha	Gotha
d3e29296Brockhaus-1809	Gotha	Gotha
d3e29513Brockhaus-1809	Gracchus	Gracchus
d3e30063Brockhaus-1809	Griechenland	Griechenland
d3e30063Brockhaus-1809	Griechenland	Griechenland
d3e30640Brockhaus-1809	Guadeloupe	Guadeloupe
d3e31520Brockhaus-1809	Hamburg	Hamburg
d3e31520Brockhaus-1809	Hamburg	Hamburg
d3e31669Brockhaus-1809	Hannibal	Hannibal
d3e31792Brockhaus-1809	Hannover	Hannover
d3e31792Brockhaus-1809	Hannover	Hannover
d3e32618Brockhaus-1809	Hebert	Hebert
d3e32713Brockhaus-1809	Heidelberg	Heidelberg
d3e33206Brockhaus-1809	Henriot	Henriot
d3e33290Brockhaus-1809	Herculanum	Herculanum
d3e33328Brockhaus-1809	Herkules	Herkules
d3e33328Brockhaus-1809	Herkules	Herkules
d3e33382Brockhaus-1809	Hermanstadt	Hermanstadt
d3e33382Brockhaus-1809	Hermanstadt	Hermanstadt
d3e33491Brockhaus-1809	Hero	Hero
d3e34619Brockhaus-1809	Holland	Holland
d3e34701Brockhaus-1809	Homer	Homer
d3e34701Brockhaus-1809	Homer	Homer
d3e34701Brockhaus-1809	Homer	Homer
d3e34879Brockhaus-1809	Horiah	Horiahs
d3e34879Brockhaus-1809	Horiah	Horiah
d3e35421Brockhaus-1809	Hymen	Hymens
d3e35753Brockhaus-1809	Ikarus	Ikarus
d3e35753Brockhaus-1809	Ikarus	Ikarus
d3e36288Brockhaus-1809	Jo	Jo
d3e36337Brockhaus-1809	Iphigenia	Iphigenia
d3e36337Brockhaus-1809	Iphigenia	Iphigenia
d3e36337Brockhaus-1809	Iphigenia	Iphigenia
d3e36405Brockhaus-1809	Irland	Irland
d3e36405Brockhaus-1809	Irland	Irland
d3e36405Brockhaus-1809	Irland	Irland
d3e36405Brockhaus-1809	Irland	Irland
d3e36405Brockhaus-1809	Irland	Irland
d3e36405Brockhaus-1809	Irland	Irland
d3e36643Brockhaus-1809	Isabelle	Isabelle
d3e36643Brockhaus-1809	Isabelle	Isabelle
d3e36643Brockhaus-1809	Isabelle	Isabelle
d3e36741Brockhaus-1809	Isis	Isis
d3e36741Brockhaus-1809	Isis	Isis
d3e36741Brockhaus-1809	Isis	Isis
d3e36842Brockhaus-1809	Isoliren	isoliren
d3e36879Brockhaus-1809	Italien	Italien
d3e36879Brockhaus-1809	Italien	Italien
d3e37459Brockhaus-1809	Janus	Janus
d3e37459Brockhaus-1809	Janus	Janus
d3e37535Brockhaus-1809	Jason	Jason
d3e37535Brockhaus-1809	Jason	Jasons
d3e37535Brockhaus-1809	Jason	Jason
d3e37535Brockhaus-1809	Jason	Jason
d3e37613Brockhaus-1809	Java	Java
d3e37636Brockhaus-1809	Jena	Jena
d3e37636Brockhaus-1809	Jena	Jena
d3e37669Brockhaus-1809	Jersey	Jersey
d3e37669Brockhaus-1809	Jersey	Jersey
d3e37669Brockhaus-1809	Jersey	Jersey
d3e37669Brockhaus-1809	Jersey	Jersey
d3e37821Brockhaus-1809	Johann Friedrich	Johann Friedrich
d3e38011Brockhaus-1809	John Bull	John Bull
d3e38173Brockhaus-1809	Jourdan	Jourdan
d3e38173Brockhaus-1809	Jourdan	Jourdan
d3e38173Brockhaus-1809	Jourdan	Jourdan
d3e38530Brockhaus-1809	Juno	Juno
d3e38601Brockhaus-1809	Jupiter	Jupiter
d3e38831Brockhaus-1809	Juvenal	Juvenal
d3e38831Brockhaus-1809	Juvenal	Juvenal
d3e39009Brockhaus-1809	Kaiserslautern	Kaiserslautern
d3e39009Brockhaus-1809	Kaiserslautern	Kaiserslautern
d3e39146Brockhaus-1809	Kalypso	Kalypso
d3e39613Brockhaus-1809	Kehl	Kehl
d3e39613Brockhaus-1809	Kehl	Kehl
d3e39613Brockhaus-1809	Kehl	Kehl
d3e39613Brockhaus-1809	Kehl	Kehl
d3e39613Brockhaus-1809	Kehl	Kehl
d3e39613Brockhaus-1809	Kehl	Kehl
d3e39613Brockhaus-1809	Kehl	Kehl
d3e39613Brockhaus-1809	Kehl	Kehl
d3e39940Brockhaus-1809	Kesselsdorf	Kesselsdorfer
d3e40552Brockhaus-1809	Königsberg	Königsberg
d3e40605Brockhaus-1809	Königstein	Königstein
d3e40836Brockhaus-1809	Kosciusko	Kosciusko
d3e40836Brockhaus-1809	Kosciusko	Kosciusko
d3e40836Brockhaus-1809	Kosciusko	Kosciusko
d3e40836Brockhaus-1809	Kosciusko	Kosciusko
d3e40836Brockhaus-1809	Kosciusko	Kosciusko
d3e40836Brockhaus-1809	Kosciusko	Kosciusko
d3e40836Brockhaus-1809	Kosciusko	Kosciusko
d3e40836Brockhaus-1809	Kosciusko	Kosciusko
d3e40836Brockhaus-1809	Kosciusko	Kosciusko
d3e40836Brockhaus-1809	Kosciusko	Kosciusko
d3e40836Brockhaus-1809	Kosciusko	Kosciusko
d3e40836Brockhaus-1809	Kosciusko	Kosciusko
d3e42280Brockhaus-1809	Lais	Lais
d3e42518Brockhaus-1809	Landau	Landau
d3e42518Brockhaus-1809	Landau	Landau
d3e42518Brockhaus-1809	Landau	Landau
d3e42518Brockhaus-1809	Landau	Landau
d3e42518Brockhaus-1809	Landau	Landaus
d3e42518Brockhaus-1809	Landau	Landau
d3e42518Brockhaus-1809	Landau	Landau
d3e42659Brockhaus-1809	Landrecy	Landrecy
d3e42659Brockhaus-1809	Landrecy	Landrecy
d3e42659Brockhaus-1809	Landrecy	Landrecy
d3e42778Brockhaus-1809	Laokoon	Laokoon
d3e42778Brockhaus-1809	Laokoon	Laokoon
d3e42860Brockhaus-1809	Largo	Largo
d3e43307Brockhaus-1809	Lavoisier	Lavoisier
d3e43565Brockhaus-1809	Leda	Leda
d3e43565Brockhaus-1809	Leda	Leda
d3e43880Brockhaus-1809	Leipzig	Leipzig
d3e43880Brockhaus-1809	Leipzig	Leipzig
d3e43880Brockhaus-1809	Leipzig	Leipzig
d3e43880Brockhaus-1809	Leipzig	Leipzig
d3e43880Brockhaus-1809	Leipzig	Leipzig
d3e43880Brockhaus-1809	Leipzig	Leipzig
d3e44209Brockhaus-1809	Leopold	Leopold
d3e44209Brockhaus-1809	Leopold	Leopold
d3e44209Brockhaus-1809	Leopold	Leopold
d3e44209Brockhaus-1809	Leopold	Leopold
d3e44511Brockhaus-1809	Lethe	Lethe
d3e45122Brockhaus-1809	Livia	Livia
d3e45122Brockhaus-1809	Livia	Livia
d3e45122Brockhaus-1809	Livia	Livia
d3e45180Brockhaus-1809	Livorno	Livorno
d3e45477Brockhaus-1809	London	London
d3e45477Brockhaus-1809	London	London
d3e45477Brockhaus-1809	London	London
d3e45781Brockhaus-1809	Loretto	Loretto
d3e45826Brockhaus-1809	Lothringen	Lothringen
d3e45826Brockhaus-1809	Lothringen	Lothringen
d3e45826Brockhaus-1809	Lothringen	Lothringen
d3e45826Brockhaus-1809	Lothringen	Lothringen
d3e46231Brockhaus-1809	Lucretia	Lucretia
d3e46231Brockhaus-1809	Lucretia	Lucretia
d3e47440Brockhaus-1809	Luxemburg	Luxemburg
d3e47440Brockhaus-1809	Luxemburg	Luxemburg
d3e47554Brockhaus-1809	Lykurg	Lykurg
d3e47554Brockhaus-1809	Lykurg	Lykurg
d3e47554Brockhaus-1809	Lykurg	Lykurgs
d3e47595Brockhaus-1809	Lyon	Lyon
d3e47595Brockhaus-1809	Lyon	Lyon
d3e47595Brockhaus-1809	Lyon	Lyon
d3e47595Brockhaus-1809	Lyon	Lyon
d3e47595Brockhaus-1809	Lyon	Lyon
d3e47595Brockhaus-1809	Lyon	Lyon
d3e47595Brockhaus-1809	Lyon	Lyon
d3e47595Brockhaus-1809	Lyon	Lyon
d3e47867Brockhaus-1809	Macedonien	Macedonien
d3e48155Brockhaus-1809	Madrit	Madrit
d3e48433Brockhaus-1809	Magdeburg	Magdeburg
d3e49633Brockhaus-1809	Mainz	Mainz
d3e49633Brockhaus-1809	Mainz	Mainz
d3e49633Brockhaus-1809	Mainz	Mainz
d3e49633Brockhaus-1809	Mainz	Mainz
d3e49633Brockhaus-1809	Mainz	Mainz
d3e49633Brockhaus-1809	Mainz	Mainz
d3e50017Brockhaus-1809	Malabar	Malabar
d3e50174Brockhaus-1809	Mallet dü Pan	Mallet dü Pan
d3e50271Brockhaus-1809	Maltha	Maltha
d3e51063Brockhaus-1809	Mannheim	Mannheim
d3e51063Brockhaus-1809	Mannheim	Mannheim
d3e51063Brockhaus-1809	Mannheim	Mannheim
d3e51063Brockhaus-1809	Mannheim	Mannheim
d3e51063Brockhaus-1809	Mannheim	Mannheim
d3e51063Brockhaus-1809	Mannheim	Mannheim
d3e52786Brockhaus-1809	Marseille	Marseille
d3e52786Brockhaus-1809	Marseille	Marseille
d3e52786Brockhaus-1809	Marseille	Marseiller
d3e52786Brockhaus-1809	Marseille	Marseille
d3e52786Brockhaus-1809	Marseille	Marseiller
d3e52786Brockhaus-1809	Marseille	Marseille
d3e52786Brockhaus-1809	Marseille	Marseille
d3e53015Brockhaus-1809	Masaniello	Masaniello
d3e53015Brockhaus-1809	Masaniello	Masaniello
d3e53015Brockhaus-1809	Masaniello	Masaniello
d3e53015Brockhaus-1809	Masaniello	Masaniello
d3e53182Brockhaus-1809	Mastricht	Mastricht
d3e53182Brockhaus-1809	Mastricht	Mastricht
d3e53182Brockhaus-1809	Mastricht	Mastricht
d3e54258Brockhaus-1809	Medusa	Medusa
d3e54258Brockhaus-1809	Medusa	Medusa
d3e54416Brockhaus-1809	Meinberg	Meinberg
d3e54512Brockhaus-1809	Meißen	Meißen
d3e54853Brockhaus-1809	Memphis	Memphis
d3e55065Brockhaus-1809	Mentor	Mentor
d3e55473Brockhaus-1809	Messalina	Messalina
d3e55473Brockhaus-1809	Messalina	Messalina
d3e55473Brockhaus-1809	Messalina	Messalina
d3e55473Brockhaus-1809	Messalina	Messalina
d3e55705Brockhaus-1809	Mexiko	Mexiko
d3e55705Brockhaus-1809	Mexiko	Mexiko
d3e55789Brockhaus-1809	Midas	Midas
d3e55994Brockhaus-1809	Minden	Minden
d3e56296Brockhaus-1809	Minos	Minos
d3e56296Brockhaus-1809	Minos	Minos
d3e56296Brockhaus-1809	Minos	Minos
d3e56296Brockhaus-1809	Minos	Minos
d3e56296Brockhaus-1809	Minos	Minos
d3e56808Brockhaus-1809	Modena	Modena
d3e57445Brockhaus-1809	Molwitz	Molwitz
d3e58589Brockhaus-1809	Moschee	Moschee
d3e58589Brockhaus-1809	Moschee	Moschee
d3e59052Brockhaus-1809	Muhamed	Muhamed
d3e59052Brockhaus-1809	Muhamed	Muhamed
d3e60392Brockhaus-1809	Namur	Namur
d3e60392Brockhaus-1809	Namur	Namur
d3e60392Brockhaus-1809	Namur	Namur
d3e60450Brockhaus-1809	Nancy	Nancy
d3e60492Brockhaus-1809	Nantes	Nantes
d3e60492Brockhaus-1809	Nantes	Nantes
d3e60546Brockhaus-1809	Das Edict von Nantes	das Edict von Nantes
d3e60666Brockhaus-1809	Narcissus	Narcissus
d3e61094Brockhaus-1809	Naumburg	Naumburg
d3e61094Brockhaus-1809	Naumburg	Naumburg
d3e62186Brockhaus-1809	Nemesis	Nemesis
d3e62424Brockhaus-1809	Nero	Nero
d3e62424Brockhaus-1809	Nero	Nero
d3e62511Brockhaus-1809	Nestor	Nestor
d3e63610Brockhaus-1809	Nimes	Nimes
d3e63650Brockhaus-1809	Niobe	Niobe
d3e63724Brockhaus-1809	Nizza	Nizza
d3e63724Brockhaus-1809	Nizza	Nizza
d3e65308Brockhaus-1809	Oedipus	Oedipus
d3e66005Brockhaus-1809	Oliva	Oliva
d3e66616Brockhaus-1809	Orbil	Orbil
d3e66946Brockhaus-1809	Orestes	Orest
d3e66946Brockhaus-1809	Orestes	Orest
d3e66946Brockhaus-1809	Orestes	Orest
d3e66946Brockhaus-1809	Orestes	Orest
d3e67442Brockhaus-1809	Ormuzd	Ormuzd
d3e67442Brockhaus-1809	Ormuzd	Ormuzd
d3e67483Brockhaus-1809	Orpheus	Orpheus
d3e67483Brockhaus-1809	Orpheus	Orpheus
d3e67483Brockhaus-1809	Orpheus	Orpheus
d3e67636Brockhaus-1809	Ossian	Ossian
d3e67636Brockhaus-1809	Ossian	Ossians
d3e67636Brockhaus-1809	Ossian	Ossian
d3e67636Brockhaus-1809	Ossian	Ossian
d3e67636Brockhaus-1809	Ossian	Ossian
d3e67636Brockhaus-1809	Ossian	Ossians
d3e67928Brockhaus-1809	Ostindien	Ostindien
d3e69166Brockhaus-1809	Otto	Otto
d3e69166Brockhaus-1809	Otto	Otto
d3e69166Brockhaus-1809	Otto	Otto
d3e69950Brockhaus-1809	Panacee	Panacee
d3e69985Brockhaus-1809	Pandora	Pandora
d3e69985Brockhaus-1809	Pandora	Pandora
d3e69985Brockhaus-1809	Pandora	Pandora
d3e69985Brockhaus-1809	Pandora	Pandora
d3e70881Brockhaus-1809	Paraguay	Paraguay
d3e70881Brockhaus-1809	Paraguay	Paraguay
d3e70881Brockhaus-1809	Paraguay	Paraguay
d3e70881Brockhaus-1809	Paraguay	Paraguay
d3e70881Brockhaus-1809	Paraguay	Paraguay
d3e70881Brockhaus-1809	Paraguay	Paraguay
d3e70881Brockhaus-1809	Paraguay	Paraguay
d3e72771Brockhaus-1809	Perikles	Perikles
d3e72771Brockhaus-1809	Perikles	Perikles
d3e73038Brockhaus-1809	Perseus	Perseus
d3e73038Brockhaus-1809	Perseus	Perseus
d3e74936Brockhaus-1809	Phaeton	Phaeton
d3e74936Brockhaus-1809	Phaeton	Phaeton
d3e74936Brockhaus-1809	Phaeton	Phaeton
d3e74979Brockhaus-1809	Phalaris	Phalaris
d3e75081Brockhaus-1809	Phidias	Phidias
d3e75120Brockhaus-1809	Philadelphia	Philadelphia
d3e75252Brockhaus-1809	Philipp	Philipps
d3e75252Brockhaus-1809	Philipp	Philipp
d3e78416Brockhaus-1809	Pius	Pius
d3e78416Brockhaus-1809	Pius	Pius
d3e78780Brockhaus-1809	Plato	Plato
d3e78780Brockhaus-1809	Plato	Plato
d3e78780Brockhaus-1809	Plato	Plato
d3e78780Brockhaus-1809	Plato	Plato
d3e78780Brockhaus-1809	Plato	Plato
d3e78780Brockhaus-1809	Plato	Plato
d3e79149Brockhaus-1809	Plutarch	Plutarch
d3e79149Brockhaus-1809	Plutarch	Plutarch
d3e79181Brockhaus-1809	Pluto	Pluto
d3e79593Brockhaus-1809	Polygnotus	Polygnotus
d3e79684Brockhaus-1809	Polykletes	Polykletes
d3e79684Brockhaus-1809	Polykletes	Polykletes
d3e79684Brockhaus-1809	Polykletes	Polykletes
d3e79684Brockhaus-1809	Polykletes	Polykletes
d3e79684Brockhaus-1809	Polykletes	Polykletes
d3e79684Brockhaus-1809	Polykletes	Polykletes
d3e79684Brockhaus-1809	Polykletes	Polykletes
d3e79684Brockhaus-1809	Polykletes	Polykletes
d3e79684Brockhaus-1809	Polykletes	Polykletes
d3e79905Brockhaus-1809	Marquis von Pombal	Marquis von Pombal
d3e81080Brockhaus-1809	Porto	Porto
d3e81432Brockhaus-1809	Potsdam	Potsdam
d3e81432Brockhaus-1809	Potsdam	Potsdam
d3e81877Brockhaus-1809	Prag	Prag
d3e81877Brockhaus-1809	Prag	Prag
d3e82990Brockhaus-1809	Prometheus	Prometheus
d3e82990Brockhaus-1809	Prometheus	Prometheus
d3e82990Brockhaus-1809	Prometheus	Prometheus
d3e83078Brockhaus-1809	Proserpina	Proserpina
d3e83258Brockhaus-1809	Psyche	Psyche
d3e83258Brockhaus-1809	Psyche	Psyche
d3e83258Brockhaus-1809	Psyche	Psyche
d3e83258Brockhaus-1809	Psyche	Psyche
d3e83884Brockhaus-1809	Pyrmont	Pyrmont
d3e83884Brockhaus-1809	Pyrmont	Pyrmont
d3e83884Brockhaus-1809	Pyrmont	Pyrmont
d3e84028Brockhaus-1809	Pythagoras	Pythagoras
d3e84028Brockhaus-1809	Pythagoras	Pythagoras
d3e84028Brockhaus-1809	Pythagoras	Pythagoras
d3e84993Brockhaus-1809	Roger Rabutin	Roger Rabutin
d3e85782Brockhaus-1809	Jean Racine	Jean Racine
d3e85946Brockhaus-1809	Radius	Radius
d3e85962Brockhaus-1809	Raffiniren	Raffiniren
d3e86087Brockhaus-1809	Ragione	Ragione
d3e86107Brockhaus-1809	Ragusa	Ragusa
d3e86107Brockhaus-1809	Ragusa	Ragusa
d3e86107Brockhaus-1809	Ragusa	Ragusa
d3e86107Brockhaus-1809	Ragusa	Ragusa
d3e86107Brockhaus-1809	Ragusa	Ragusa
d3e86234Brockhaus-1809	Rajah	Rajahs
d3e86234Brockhaus-1809	Rajah	Rajahs
d3e86234Brockhaus-1809	Rajah	Rajahs
d3e86234Brockhaus-1809	Rajah	Rajahs
d3e86234Brockhaus-1809	Rajah	Rajahs
d3e86270Brockhaus-1809	Rak	Rak
d3e86270Brockhaus-1809	Rak	Rak
d3e86270Brockhaus-1809	Rak	Rak
d3e86270Brockhaus-1809	Rak	Rak
d3e86270Brockhaus-1809	Rak	Rak
d3e86270Brockhaus-1809	Rak	Rak
d3e86270Brockhaus-1809	Rak	Rak
d3e86306Brockhaus-1809	Franz Rakotzi	Franz Rakotzi
d3e87327Brockhaus-1809	Raugraf	Raugraf
d3e87327Brockhaus-1809	Raugraf	Raugraf
d3e87416Brockhaus-1809	Raum	Raum
d3e87416Brockhaus-1809	Raum	Raum
d3e87416Brockhaus-1809	Raum	Raum
d3e87416Brockhaus-1809	Raum	Raum
d3e87416Brockhaus-1809	Raum	Raum
d3e87416Brockhaus-1809	Raum	Raum
d3e87416Brockhaus-1809	Raum	Raum
d3e87416Brockhaus-1809	Raum	Raums
d3e87416Brockhaus-1809	Raum	Raum
d3e87416Brockhaus-1809	Raum	Raum
d3e87416Brockhaus-1809	Raum	Raums
d3e87416Brockhaus-1809	Raum	Raums
d3e87416Brockhaus-1809	Raum	Raum
d3e87601Brockhaus-1809	Ravenna	Ravenna
d3e87601Brockhaus-1809	Ravenna	Ravenna
d3e87696Brockhaus-1809	Reagentien	Reagentien
d3e87696Brockhaus-1809	Reagentien	Reagentien
d3e87696Brockhaus-1809	Reagentien	Reagentien
d3e87696Brockhaus-1809	Reagentien	Reagentien
d3e87996Brockhaus-1809	Recidiv	Recidiv
d3e88016Brockhaus-1809	Recipienten	Recipienten
d3e88016Brockhaus-1809	Recipienten	Recipienten
d3e88047Brockhaus-1809	Recitativ	Recitativ
d3e88047Brockhaus-1809	Recitativ	Recitativ
d3e88047Brockhaus-1809	Recitativ	Recitativs
d3e88047Brockhaus-1809	Recitativ	Recitativ
d3e88047Brockhaus-1809	Recitativ	Recitativ
d3e88047Brockhaus-1809	Recitativ	Recitativs
d3e88171Brockhaus-1809	Redacteur	Redacteurs
d3e88187Brockhaus-1809	Rede	Rede
d3e88187Brockhaus-1809	Rede	Rede
d3e88187Brockhaus-1809	Rede	Rede
d3e88415Brockhaus-1809	Reduction	Reduction
d3e88415Brockhaus-1809	Reduction	Reduction
d3e88415Brockhaus-1809	Reduction	Reduction
d3e88415Brockhaus-1809	Reduction	Reduction
d3e88663Brockhaus-1809	Refraction	Refraction
d3e88663Brockhaus-1809	Refraction	Refraction
d3e88663Brockhaus-1809	Refraction	Refraction
d3e88663Brockhaus-1809	Refraction	Refraction
d3e89043Brockhaus-1809	Regalien	Regalien
d3e89439Brockhaus-1809	Regel Detri	Regel Detri
d3e89543Brockhaus-1809	Regen	Regen
d3e89543Brockhaus-1809	Regen	Regen
d3e89543Brockhaus-1809	Regen	Regen
d3e89543Brockhaus-1809	Regen	Regen
d3e89543Brockhaus-1809	Regen	Regen
d3e89543Brockhaus-1809	Regen	Regen
d3e89543Brockhaus-1809	Regen	Regen
d3e89543Brockhaus-1809	Regen	Regen
d3e89543Brockhaus-1809	Regen	Regen
d3e89543Brockhaus-1809	Regen	Regen
d3e89543Brockhaus-1809	Regen	Regen
d3e89543Brockhaus-1809	Regen	Regen
d3e89543Brockhaus-1809	Regen	Regen
d3e89543Brockhaus-1809	Regen	Regen
d3e89543Brockhaus-1809	Regen	Regen
d3e89699Brockhaus-1809	Regenbogen	Regenbogen
d3e89699Brockhaus-1809	Regenbogen	Regenbogen
d3e89699Brockhaus-1809	Regenbogen	Regenbogen
d3e89699Brockhaus-1809	Regenbogen	Regenbogen
d3e89699Brockhaus-1809	Regenbogen	Regenbogen
d3e89699Brockhaus-1809	Regenbogen	Regenbogens
d3e89854Brockhaus-1809	Regenmesser	Regenmesser
d3e89854Brockhaus-1809	Regenmesser	Regenmessers
d3e89890Brockhaus-1809	Regensburg	Regensburg
d3e89890Brockhaus-1809	Regensburg	Regensburg
d3e89890Brockhaus-1809	Regensburg	Regensburg
d3e89936Brockhaus-1809	Reggio	Reggio
d3e89936Brockhaus-1809	Reggio	Reggio
d3e90034Brockhaus-1809	Regreß	Regreß
d3e90150Brockhaus-1809	Rehnschöld	Rehnschöld
d3e90322Brockhaus-1809	Reiche der Natur	Reiche der Natur
d3e90401Brockhaus-1809	Reichsarmee	Reichsarmee
d3e91398Brockhaus-1809	Reif	Reif
d3e91421Brockhaus-1809	Reim	Reime
d3e91421Brockhaus-1809	Reim	Reim
d3e91421Brockhaus-1809	Reim	Reim
d3e91421Brockhaus-1809	Reim	Reim
d3e91421Brockhaus-1809	Reim	Reim
d3e91421Brockhaus-1809	Reim	Reim
d3e91421Brockhaus-1809	Reim	Reim
d3e91421Brockhaus-1809	Reim	Reim
d3e91421Brockhaus-1809	Reim	Reim
d3e91721Brockhaus-1809	Relativ	relativ
d3e91721Brockhaus-1809	Relativ	relativ
d3e91721Brockhaus-1809	Relativ	relativ
d3e91747Brockhaus-1809	Religion	Religion
d3e91747Brockhaus-1809	Religion	Religion
d3e91747Brockhaus-1809	Religion	Religion
d3e91747Brockhaus-1809	Religion	Religion
d3e91747Brockhaus-1809	Religion	Religion
d3e91747Brockhaus-1809	Religion	Religion
d3e91747Brockhaus-1809	Religion	Religion
d3e91747Brockhaus-1809	Religion	Religion
d3e91747Brockhaus-1809	Religion	Religion
d3e91747Brockhaus-1809	Religion	Religion
d3e91747Brockhaus-1809	Religion	Religion
d3e91747Brockhaus-1809	Religion	Religion
d3e91747Brockhaus-1809	Religion	Religion
d3e91747Brockhaus-1809	Religion	Religion
d3e91747Brockhaus-1809	Religion	Religion
d3e91747Brockhaus-1809	Religion	Religion
d3e91747Brockhaus-1809	Religion	Religion
d3e91747Brockhaus-1809	Religion	Religion
d3e91747Brockhaus-1809	Religion	Religion
d3e91747Brockhaus-1809	Religion	Religion
d3e91747Brockhaus-1809	Religion	Religion
d3e91747Brockhaus-1809	Religion	Religion
d3e91747Brockhaus-1809	Religion	Religion
d3e91900Brockhaus-1809	Religionsfriede	Religionsfriede
d3e91900Brockhaus-1809	Religionsfriede	Religionsfriede
d3e92060Brockhaus-1809	Religionsgeschichte	Religionsgeschichte
d3e92060Brockhaus-1809	Religionsgeschichte	Religionsgeschichte
d3e92060Brockhaus-1809	Religionsgeschichte	Religionsgeschichte
d3e92336Brockhaus-1809	Renegaten	Renegaten
d3e92336Brockhaus-1809	Renegaten	Renegaten
d3e92422Brockhaus-1809	Rennes	Rennes
d3e92462Brockhaus-1809	Renten	Renten
d3e92462Brockhaus-1809	Renten	Renten
d3e92572Brockhaus-1809	Rennthier	Rennthier
d3e92776Brockhaus-1809	Requiem	Requiem
d3e92906Brockhaus-1809	Responsgelder	Responsgelder
d3e93002Brockhaus-1809	Retuschiren	Retuschiren
d3e93002Brockhaus-1809	Retuschiren	Retuschiren
d3e93041Brockhaus-1809	Retz	Retz
d3e93041Brockhaus-1809	Retz	Retz
d3e93041Brockhaus-1809	Retz	Retz
d3e93041Brockhaus-1809	Retz	Retz
d3e93041Brockhaus-1809	Retz	Retz
d3e93041Brockhaus-1809	Retz	Retz
d3e93041Brockhaus-1809	Retz	Retz
d3e93041Brockhaus-1809	Retz	Retz
d3e93041Brockhaus-1809	Retz	Retz
d3e93041Brockhaus-1809	Retz	Retz
d3e96904Brockhaus-1809	Rhea	Rhea
d3e97150Brockhaus-1809	Rhode-Island	Rhode-Island
d3e97176Brockhaus-1809	Rhodus	Rhodus
d3e97176Brockhaus-1809	Rhodus	Rhodus
d3e97467Brockhaus-1809	Richelieu	Richelieu
d3e97467Brockhaus-1809	Richelieu	Richelieu
d3e97736Brockhaus-1809	Rienzi	Rienzi
d3e97736Brockhaus-1809	Rienzi	Rienzi
d3e97736Brockhaus-1809	Rienzi	Rienzi
d3e97934Brockhaus-1809	Rinteln	Rinteln
d3e98368Brockhaus-1809	Ritterpferde	Ritterpferde
d3e99961Brockhaus-1809	Romanze	Romanze
d3e99961Brockhaus-1809	Romanze	Romanze
d3e100100Brockhaus-1809	Romulus	Romulus
d3e100100Brockhaus-1809	Romulus	Romulus
d3e100100Brockhaus-1809	Romulus	Romulus
d3e100100Brockhaus-1809	Romulus	Romulus
d3e100504Brockhaus-1809	Rosette	Rosette
d3e100897Brockhaus-1809	Rouladen	Rouladen
d3e101298Brockhaus-1809	Runen	Runen
d3e101298Brockhaus-1809	Runen	Runen
d3e101298Brockhaus-1809	Runen	Runen
d3e101471Brockhaus-1809	Rußland	Rußland
d3e102301Brockhaus-1809	Ryßel	Ryßel
d3e102539Brockhaus-1809	Sachsen	Sachsen
d3e103935Brockhaus-1809	Salzburg	Salzburg
d3e104467Brockhaus-1809	Sarcasmen	Sarcasmen
d3e105060Brockhaus-1809	Savoyen	Savoyens
d3e105237Brockhaus-1809	Scanderbeg	Scanderbeg
d3e105237Brockhaus-1809	Scanderbeg	Scanderbeg
d3e105523Brockhaus-1809	Schafhausen	Schafhausen
d3e107336Brockhaus-1809	Schleswig	Schleswig
d3e107576Brockhaus-1809	Schmalte	Schmalte
d3e108062Brockhaus-1809	Schottland	Schottland
d3e108062Brockhaus-1809	Schottland	Schottland
d3e108278Brockhaus-1809	Schreckenberger	Schreckenberge
d3e108680Brockhaus-1809	Schrot	Schrot
d3e108760Brockhaus-1809	Schuit	Schuit
d3e108863Brockhaus-1809	Schwabach	Schwabach
d3e108896Brockhaus-1809	Schwaben	Schwaben
d3e109123Brockhaus-1809	Schweden	Schweden
d3e111226Brockhaus-1809	Schwerdtmagen	Schwerdtmagen
d3e111226Brockhaus-1809	Schwerdtmagen	Schwerdtmagen
d3e111495Brockhaus-1809	Sclavonien	Sclavonien
d3e111660Brockhaus-1809	Scylla	Scylla
d3e111711Brockhaus-1809	Scythen	Scythen
d3e112663Brockhaus-1809	Semperfreie	Semperfrei
d3e112860Brockhaus-1809	Separatisten	Separatisten
d3e112860Brockhaus-1809	Separatisten	Separatisten
d3e113356Brockhaus-1809	Serizi	Serizi
d3e113494Brockhaus-1809	Servien	Servien
d3e113494Brockhaus-1809	Servien	Servien
d3e114231Brockhaus-1809	Sicard	Sicard
d3e114231Brockhaus-1809	Sicard	Sicard
d3e114231Brockhaus-1809	Sicard	Sicard
d3e114231Brockhaus-1809	Sicard	Sicard
d3e114231Brockhaus-1809	Sicard	Sicard
d3e114231Brockhaus-1809	Sicard	Sicard
d3e114231Brockhaus-1809	Sicard	Sicard
d3e114231Brockhaus-1809	Sicard	Sicard
d3e114231Brockhaus-1809	Sicard	Sicard
d3e114502Brockhaus-1809	Franz von Sickingen	Franz von Sickingen
d3e114592Brockhaus-1809	Siebenbürgen	Siebenbürgen
d3e116000Brockhaus-1809	Skandinavien	Skandinavien
d3e116083Brockhaus-1809	Skolien	Skolien
d3e116112Brockhaus-1809	Skoten	Skoten
d3e116112Brockhaus-1809	Skoten	Skoten
d3e116163Brockhaus-1809	Slaven	Slaven
d3e116604Brockhaus-1809	Socrates	Socrates
d3e116604Brockhaus-1809	Socrates	Socrates
d3e116891Brockhaus-1809	Solon	Solon
d3e116926Brockhaus-1809	Solothurn	Solothurn
d3e117147Brockhaus-1809	Sophisten	Sophisten
d3e117170Brockhaus-1809	Sophokles	Sophokles
d3e117170Brockhaus-1809	Sophokles	Sophokles
d3e117170Brockhaus-1809	Sophokles	Sophokles
d3e118528Brockhaus-1809	Stanislaus Leszynski	Stanislaus Leszynski
d3e118528Brockhaus-1809	Stanislaus Leszynski	Stanislaus Leszynski
d3e118863Brockhaus-1809	Stanislaus August	Stanislaus August
d3e118863Brockhaus-1809	Stanislaus August	Stanislaus August
d3e118863Brockhaus-1809	Stanislaus August	Stanislaus August
d3e118863Brockhaus-1809	Stanislaus August	Stanislaus August
d3e118863Brockhaus-1809	Stanislaus August	Stanislaus August
d3e118863Brockhaus-1809	Stanislaus August	Stanislaus August
d3e119795Brockhaus-1809	Stellionat	Stellionat
d3e119795Brockhaus-1809	Stellionat	Stellionat
d3e119894Brockhaus-1809	Stephan Bathori	Stephan Bathori
d3e119894Brockhaus-1809	Stephan Bathori	Stephan Bathori
d3e119894Brockhaus-1809	Stephan Bathori	Stephan Bathori
d3e119894Brockhaus-1809	Stephan Bathori	Stephan Bathori
d3e120305Brockhaus-1809	Sterling	Sterling
d3e120496Brockhaus-1809	Stettin	Stettin
d3e120512Brockhaus-1809	Steuern	Steuern
d3e120703Brockhaus-1809	Sthenie	Sthenie
d3e120788Brockhaus-1809	Stifte	Stifte
d3e121455Brockhaus-1809	Stilicho	Stilicho
d3e121455Brockhaus-1809	Stilicho	Stilicho
d3e121455Brockhaus-1809	Stilicho	Stilicho
d3e121455Brockhaus-1809	Stilicho	Stilicho
d3e121455Brockhaus-1809	Stilicho	Stilicho
d3e121560Brockhaus-1809	Stockholm	Stockholm
d3e121928Brockhaus-1809	Straßburg	Straßburg
d3e121928Brockhaus-1809	Straßburg	Straßburg
d3e122070Brockhaus-1809	Die Strelitzen	die Strelitzen
d3e122163Brockhaus-1809	Strophe	Strophe
d3e122163Brockhaus-1809	Strophe	Strophe
d3e122467Brockhaus-1809	Stuart	Stuart
d3e122467Brockhaus-1809	Stuart	Stuarts
d3e122467Brockhaus-1809	Stuart	Stuart
d3e122467Brockhaus-1809	Stuart	Stuart
d3e122467Brockhaus-1809	Stuart	Stuarts
d3e122467Brockhaus-1809	Stuart	Stuarts
d3e123155Brockhaus-1809	Subsidien	Subsidien
d3e124216Brockhaus-1809	Sybariten	Sybariten
d3e124547Brockhaus-1809	Syrien	Syrien
d3e124547Brockhaus-1809	Syrien	Syrien
d3e124606Brockhaus-1809	Syrinx	Syrinx
d3e125667Brockhaus-1809	Tabak	Tabak
d3e125847Brockhaus-1809	Tabor	Tabor
d3e126155Brockhaus-1809	Taktmesser	Taktmesser
d3e126399Brockhaus-1809	Tamerlan	Tamerlan
d3e126399Brockhaus-1809	Tamerlan	Tamerlan
d3e126474Brockhaus-1809	Napper Tandy	Napper Tandy
d3e126474Brockhaus-1809	Napper Tandy	Napper Tandy
d3e126510Brockhaus-1809	Tangenten	Tangenten
d3e126731Brockhaus-1809	Tarpeja	Tarpeja
d3e127019Brockhaus-1809	Torquato Tasso	Torquato Tasso
d3e127384Brockhaus-1809	Taucher	Taucher
d3e127428Brockhaus-1809	Taurien	Taurien
d3e127466Brockhaus-1809	Tauris	Tauris
d3e127669Brockhaus-1809	Telemach	Telemach
d3e127949Brockhaus-1809	Tempe	Tempe
d3e128228Brockhaus-1809	Tereus	Tereus
d3e128356Brockhaus-1809	Terpander	Terpander
d3e128423Brockhaus-1809	Terra firma	Terra firma
d3e128842Brockhaus-1809	Teutonen	Teutonen
d3e128980Brockhaus-1809	Thais	Thais
d3e128980Brockhaus-1809	Thais	Thais
d3e129167Brockhaus-1809	Theben	Theben
d3e129167Brockhaus-1809	Theben	Thebens
d3e129167Brockhaus-1809	Theben	Theben
d3e129465Brockhaus-1809	Themis	Themis
d3e129514Brockhaus-1809	Themistocles	Themistocles
d3e129637Brockhaus-1809	Theodor der Erste	Theodor der Erste
d3e129736Brockhaus-1809	Theodora	Theodora
d3e129736Brockhaus-1809	Theodora	Theodora
d3e129897Brockhaus-1809	Theophrastus	Theophrastus
d3e130214Brockhaus-1809	Thersites	Thersites
d3e130280Brockhaus-1809	Thespis	Thespis
d3e130303Brockhaus-1809	Thessalien	Thessalien
d3e130303Brockhaus-1809	Thessalien	Thessalien
d3e130452Brockhaus-1809	Thisbe	Thisbe
d3e130505Brockhaus-1809	Thomas von Kempis	Thomas von Kempis
d3e130881Brockhaus-1809	Thraso	Thraso
d3e130973Brockhaus-1809	Thüringen	Thüringen
d3e130973Brockhaus-1809	Thüringen	Thüringen
d3e130973Brockhaus-1809	Thüringen	Thüringen
d3e130973Brockhaus-1809	Thüringen	Thüringen
d3e130973Brockhaus-1809	Thüringen	Thüringen
d3e131736Brockhaus-1809	Tiberius	Tiberius
d3e132001Brockhaus-1809	Timarioten	Timarioten
d3e132027Brockhaus-1809	Timoleon	Timoleon
d3e132027Brockhaus-1809	Timoleon	Timoleon
d3e132065Brockhaus-1809	Timon	Timon
d3e132093Brockhaus-1809	Tinctur	Tinctur
d3e132457Brockhaus-1809	Tockay	Tockayer
d3e132696Brockhaus-1809	Toggenburg	Toggenburg
d3e132696Brockhaus-1809	Toggenburg	Toggenburg
d3e133078Brockhaus-1809	Torgau	Torgau
d3e133116Brockhaus-1809	Tories	Torys
d3e133536Brockhaus-1809	Trabanten	Trabanten
d3e133567Brockhaus-1809	Tragisch	tragisch
d3e134284Brockhaus-1809	Trier	Trier
d3e134284Brockhaus-1809	Trier	Trier
d3e134466Brockhaus-1809	Tripoli	Tripoli
d3e134466Brockhaus-1809	Tripoli	Tripoli
d3e134661Brockhaus-1809	Troja	Troja
d3e135555Brockhaus-1809	Tunis	Tunis
d3e135641Brockhaus-1809	Turin	Turins
d3e135641Brockhaus-1809	Turin	Turin
d3e135641Brockhaus-1809	Turin	Turin
d3e136086Brockhaus-1809	Tyrol	Tyrol
d3e136086Brockhaus-1809	Tyrol	Tyrol
d3e136218Brockhaus-1809	Tyrtäus	Tyrtäus
d3e136337Brockhaus-1809	Ulema	Ulema
d3e136440Brockhaus-1809	Ultramarin	Ultramarin
d3e137027Brockhaus-1809	Urnen	Urnen
d3e137150Brockhaus-1809	Uso	Uso
d3e137860Brockhaus-1809	Vasco de Gama	Vasco de Gama
d3e138511Brockhaus-1809	Venus	Venus
d3e138781Brockhaus-1809	Vesta	Vesta
d3e139384Brockhaus-1809	Vigilien	Vigilien
d3e139875Brockhaus-1809	Vis-à-Vis	Vis-à-Vis
d3e140892Brockhaus-1809	Vulkan	Vulkane
d3e141081Brockhaus-1809	Wahlcapitulation	Wahlcapitulation
d3e141221Brockhaus-1809	Wahlreich	Wahlreich
d3e141399Brockhaus-1809	Die Wallachei	Die Wallachei
d3e142506Brockhaus-1809	Weimar	Weimar
d3e142506Brockhaus-1809	Weimar	Weimar
d3e143175Brockhaus-1809	Wetzlar	Wetzlar
d3e143367Brockhaus-1809	Wien	Wien
d3e143367Brockhaus-1809	Wien	Wien
d3e143672Brockhaus-1809	Willkühr	Willkühr
d3e143969Brockhaus-1809	Wistnu	Wistnu
d3e143990Brockhaus-1809	Wittekind	Wittekind
d3e143990Brockhaus-1809	Wittekind	Wittekind
d3e143990Brockhaus-1809	Wittekind	Wittekind
d3e143990Brockhaus-1809	Wittekind	Wittekind
d3e143990Brockhaus-1809	Wittekind	Wittekind
d3e143990Brockhaus-1809	Wittekind	Wittekind
d3e143990Brockhaus-1809	Wittekind	Wittekind
d3e144101Brockhaus-1809	Das Witthum	das Witthum
d3e144315Brockhaus-1809	Wrangel	Wrangel
d3e144315Brockhaus-1809	Wrangel	Wrangel
d3e144315Brockhaus-1809	Wrangel	Wrangel
d3e144315Brockhaus-1809	Wrangel	Wrangel
d3e144315Brockhaus-1809	Wrangel	Wrangel
d3e144315Brockhaus-1809	Wrangel	Wrangel
d3e144315Brockhaus-1809	Wrangel	Wrangel
d3e144315Brockhaus-1809	Wrangel	Wrangel
d3e144315Brockhaus-1809	Wrangel	Wrangel
d3e144315Brockhaus-1809	Wrangel	Wrangel
d3e144315Brockhaus-1809	Wrangel	Wrangel
d3e144315Brockhaus-1809	Wrangel	Wrangel
d3e144315Brockhaus-1809	Wrangel	Wrangel
d3e144315Brockhaus-1809	Wrangel	Wrangel
d3e144315Brockhaus-1809	Wrangel	Wrangel
d3e144903Brockhaus-1809	Xantippus	Xantippus
d3e144928Brockhaus-1809	Xanthus	Xanthus
d3e144928Brockhaus-1809	Xanthus	Xanthus
d3e144958Brockhaus-1809	Xenien	Xenien
d3e145028Brockhaus-1809	Xenophanes	Xenophanes
d3e145063Brockhaus-1809	Xenophon	Xenophon
d3e145063Brockhaus-1809	Xenophon	Xenophon
d3e145259Brockhaus-1809	York	York
d3e145457Brockhaus-1809	Zaleucus	Zaleucus
d3e145514Brockhaus-1809	Zante	Zante
d3e146157Brockhaus-1809	Zeno	Zeno
d3e146157Brockhaus-1809	Zeno	Zeno
d3e146378Brockhaus-1809	Zeuxis	Zeuxis
d3e146804Brockhaus-1809	Zoroaster	Zoroaster
d3e146804Brockhaus-1809	Zoroaster	Zoroaster
d3e146857Brockhaus-1809	Zone	Zone
d3e146857Brockhaus-1809	Zone	Zone
d3e147192Brockhaus-1809	Zwerge	Zwerge
d3e147192Brockhaus-1809	Zwerge	Zwerge
d3e147192Brockhaus-1809	Zwerge	Zwerge
d3e147555Brockhaus-1809	Aboriginer	Aborigines
d3e147839Brockhaus-1809	Die Acht	Die Acht
d3e148807Brockhaus-1809	Agrippina	Agrippina
d3e148870Brockhaus-1809	Akademie	Akademie
d3e148870Brockhaus-1809	Akademie	Akademie
d3e149407Brockhaus-1809	Allodium	Allodium
d3e149407Brockhaus-1809	Allodium	Allodium
d3e149890Brockhaus-1809	Amnestie	Amnestie
d3e149923Brockhaus-1809	Amphitrite	Amphitrite
d3e150159Brockhaus-1809	Angarien	Angarien
d3e150664Brockhaus-1809	Apollonius	Apollonius
d3e150664Brockhaus-1809	Apollonius	Apollonius
d3e151102Brockhaus-1809	Arion	Arion
d3e151220Brockhaus-1809	Armenien	Armenien
d3e151220Brockhaus-1809	Armenien	Armenien
d3e152138Brockhaus-1809	Austerlitz	Austerlitz
d3e152978Brockhaus-1809	Baronet	Baronet
d3e153027Brockhaus-1809	Barre	Barre
d3e153557Brockhaus-1809	Bayern	Bayern
d3e153905Brockhaus-1809	Berenice	Berenice
d3e153925Brockhaus-1809	Berg	Berg
d3e154211Brockhaus-1809	Bernhard	Bernhard
d3e154211Brockhaus-1809	Bernhard	Bernhard
d3e154211Brockhaus-1809	Bernhard	Bernhard
d3e154541Brockhaus-1809	Bilderstürmer	Bilderstürmer
d3e155095Brockhaus-1809	Bologna	Bologna
d3e155401Brockhaus-1809	Bootes	Bootes
d3e155469Brockhaus-1809	Bosnien	Bosnien
d3e155487Brockhaus-1809	Bosporus	Bosporus
d3e155518Brockhaus-1809	Bostanschi	Bostanschi
d3e155565Brockhaus-1809	Bothnien	Bothnien
d3e155761Brockhaus-1809	Brasilien	Brasilien
d3e155794Brockhaus-1809	Braunschweig	Braunschweig
d3e156035Brockhaus-1809	Brennus	Brennus
d3e156035Brockhaus-1809	Brennus	Brennus
d3e156035Brockhaus-1809	Brennus	Brennus
d3e156828Brockhaus-1809	Cadmus	Cadmus
d3e156828Brockhaus-1809	Cadmus	Cadmus
d3e158038Brockhaus-1809	Caryatiden	Caryatiden
d3e158095Brockhaus-1809	Cassandra	Cassandra
d3e158095Brockhaus-1809	Cassandra	Cassandra
d3e158127Brockhaus-1809	Cassel	Cassel
d3e159280Brockhaus-1809	Der Chor	der Chor
d3e160056Brockhaus-1809	Claudius	Claudius
d3e160951Brockhaus-1809	Contraband	contraband
d3e161007Brockhaus-1809	Conversation	Conversation
d3e161593Brockhaus-1809	Croatien	Croatien
d3e161664Brockhaus-1809	Cuba	Cuba
d3e161799Brockhaus-1809	Cythere	Cythere
d3e161833Brockhaus-1809	Dacien	Dacien
d3e161833Brockhaus-1809	Dacien	Dacien
d3e161874Brockhaus-1809	Dänemark	Dänemark
d3e162453Brockhaus-1809	Desaix	Desaix
d3e162516Brockhaus-1809	Dessalines	Dessalines
d3e162516Brockhaus-1809	Dessalines	Dessalines
d3e162516Brockhaus-1809	Dessalines	Dessalines
d3e162516Brockhaus-1809	Dessalines	Dessalines
d3e162516Brockhaus-1809	Dessalines	Dessalines
d3e162516Brockhaus-1809	Dessalines	Dessalines
d3e162516Brockhaus-1809	Dessalines	Dessalines
d3e162516Brockhaus-1809	Dessalines	Dessalines
d3e162516Brockhaus-1809	Dessalines	Dessalines
d3e162666Brockhaus-1809	Deucalion	Deucalion
d3e165276Brockhaus-1809	Electra	Electra
d3e165825Brockhaus-1809	Epirus	Epirus
d3e165998Brockhaus-1809	Erfurt	Erfurt
d3e167415Brockhaus-1809	Finnland	Finnland
d3e167415Brockhaus-1809	Finnland	Finnland
d3e167587Brockhaus-1809	Florida	Floridas
d3e168137Brockhaus-1809	Frankreich	Frankreich
d3e168757Brockhaus-1809	Gaëta	Gaëta
d3e169484Brockhaus-1809	Georgien	Georgien
d3e169681Brockhaus-1809	Geryon	Geryones
d3e169890Brockhaus-1809	Glaucus	Glaucus
d3e169890Brockhaus-1809	Glaucus	Glaucus
d3e170052Brockhaus-1809	Gnidus	Gnidus
d3e170784Brockhaus-1809	Großbritannien	Großbritannien
d3e171068Brockhaus-1809	Guinea	Guinea
d3e171173Brockhaus-1809	Gyges	Gyges
d3e171210Brockhaus-1809	Haag	Haag
d3e171568Brockhaus-1809	Hamburg	Hamburg
d3e171777Brockhaus-1809	Harlekin	Harlekin
d3e171777Brockhaus-1809	Harlekin	Harlekin
d3e171949Brockhaus-1809	Haute-lisse	Haute-lisse
d3e172498Brockhaus-1809	Herodotus	Herodotus
d3e172648Brockhaus-1809	Hetären	Hetären
d3e173333Brockhaus-1809	Horus	Horus
d3e173636Brockhaus-1809	Hypsipyle	Hypsipyle
d3e173636Brockhaus-1809	Hypsipyle	Hypsipyle
d3e173890Brockhaus-1809	Illyricum	Illyricum
d3e173890Brockhaus-1809	Illyricum	Illyricum
d3e174263Brockhaus-1809	Insurgenten	Insurgenten
d3e174371Brockhaus-1809	Jon	Jon
d3e174371Brockhaus-1809	Jon	Jon
d3e174371Brockhaus-1809	Jon	Jon
d3e174400Brockhaus-1809	Jonien	Jonien
d3e174602Brockhaus-1809	Istrien	Istrien
d3e175245Brockhaus-1809	Jena	Jena
d3e175658Brockhaus-1809	Jugurtha	Jugurtha
d3e175658Brockhaus-1809	Jugurtha	Jugurtha
d3e175746Brockhaus-1809	Justinus	Justinus
d3e176030Brockhaus-1809	Kalandsbrüder	Kalandsbrüder
d3e176300Brockhaus-1809	Karaïben	Karaïben
d3e177773Brockhaus-1809	Kunz von Kauffungen	Kunz von Kauffungen
d3e178369Brockhaus-1809	Laviren	Laviren
d3e178653Brockhaus-1809	Lemnos	Lemnos
d3e178710Brockhaus-1809	Leonidas	Leonidas
d3e178710Brockhaus-1809	Leonidas	Leonidas
d3e178733Brockhaus-1809	Lesbos	Lesbos
d3e178827Brockhaus-1809	Leucippus	Leucippus
d3e178827Brockhaus-1809	Leucippus	Leucippus
d3e179099Brockhaus-1809	Litthauen	Litthauen
d3e179488Brockhaus-1809	Lübeck	Lübeck
d3e179743Brockhaus-1809	Lysander	Lysander
d3e179743Brockhaus-1809	Lysander	Lysander
d3e179743Brockhaus-1809	Lysander	Lysander
d3e179743Brockhaus-1809	Lysander	Lysander
d3e179743Brockhaus-1809	Lysander	Lysanders
d3e179743Brockhaus-1809	Lysander	Lysanders
d3e179821Brockhaus-1809	Lysimachus	Lysimachus
d3e179821Brockhaus-1809	Lysimachus	Lysimachus
d3e179897Brockhaus-1809	Macbeth	Macbeth
d3e179897Brockhaus-1809	Macbeth	Macbeth
d3e179992Brockhaus-1809	Mähren	Mähren
d3e180064Brockhaus-1809	Magdeburg	Magdeburg
d3e180093Brockhaus-1809	Magi	Magie
d3e180300Brockhaus-1809	Majorca	Majorca
d3e180572Brockhaus-1809	Manlius	Manlius
d3e180572Brockhaus-1809	Manlius	Manlius
d3e180694Brockhaus-1809	Mantua	Mantua
d3e180714Brockhaus-1809	Manual	Manual
d3e180886Brockhaus-1809	Marceau	Marceau
d3e181479Brockhaus-1809	Masinissa	Masinissa
d3e181479Brockhaus-1809	Masinissa	Masinissa
d3e181479Brockhaus-1809	Masinissa	Masinissa
d3e181769Brockhaus-1809	Maximilian	Maximilian
d3e182286Brockhaus-1809	Meleager	Meleager
d3e182286Brockhaus-1809	Meleager	Meleager
d3e183107Brockhaus-1809	Miranda	Miranda
d3e183107Brockhaus-1809	Miranda	Miranda
d3e183208Brockhaus-1809	Mithridates	Mithridates
d3e183208Brockhaus-1809	Mithridates	Mithridates
d3e183928Brockhaus-1809	Mosaisches Recht	Mosaisches Recht
d3e183950Brockhaus-1809	Moskau	Moskau
d3e183950Brockhaus-1809	Moskau	Moskau
d3e183950Brockhaus-1809	Moskau	Moskau
d3e184150Brockhaus-1809	Musagetes	Musagetes
d3e184271Brockhaus-1809	Muthen	muthen
d3e184341Brockhaus-1809	Myops	Myops
d3e184395Brockhaus-1809	Mysore	Mysore
d3e184552Brockhaus-1809	Napoleon	Napoleon
d3e184552Brockhaus-1809	Napoleon	Napoleon
d3e184552Brockhaus-1809	Napoleon	Napoleon
d3e184552Brockhaus-1809	Napoleon	Napoleon
d3e184552Brockhaus-1809	Napoleon	Napoleon
d3e184552Brockhaus-1809	Napoleon	Napoleons
d3e186588Brockhaus-1809	Newfoundland	Newfoundland
d3e186639Brockhaus-1809	Neuschottland	Neuschottland
d3e187530Brockhaus-1809	Nubien	Nubien
d3e188492Brockhaus-1809	Orden	Orden
d3e188492Brockhaus-1809	Orden	Orden
d3e188492Brockhaus-1809	Orden	Orden
d3e188882Brockhaus-1809	Origenes	Origenes
d3e189125Brockhaus-1809	Osnabrück	Osnabrück
d3e189538Brockhaus-1809	Palästina	Palästina
d3e189579Brockhaus-1809	Palamedes	Palamedes
d3e189665Brockhaus-1809	Palinurus	Palinurus
d3e190125Brockhaus-1809	Der Parasit	der Parasit
d3e190181Brockhaus-1809	Paris	Paris
d3e190181Brockhaus-1809	Paris	Paris
d3e190724Brockhaus-1809	Paros	Paros
d3e191165Brockhaus-1809	Pelagianer	Pelagianer
d3e191275Brockhaus-1809	Pelops	Pelops
d3e192342Brockhaus-1809	Piccolomini	Piccolomini
d3e192342Brockhaus-1809	Piccolomini	Piccolomini
d3e192578Brockhaus-1809	Pirithous	Pirithous
d3e192673Brockhaus-1809	Pittoresk	pittoresk
d3e192961Brockhaus-1809	Pohlen	Pohlen
d3e194002Brockhaus-1809	Postuliren	Postuliren
d3e194136Brockhaus-1809	Präadamiten	Präadamiten
d3e195161Brockhaus-1809	Ptolemäus	Ptolemäus
d3e195297Brockhaus-1809	Pultawa	Pultawa
d3e197324Brockhaus-1809	Rußland	Rußland
d3e198452Brockhaus-1809	Scopas	Scopas
d3e198976Brockhaus-1809	Spanien	Spanien
d3e198976Brockhaus-1809	Spanien	Spanien
d3e199774Brockhaus-1809	Sunna	Sunna
d3e200175Brockhaus-1809	Talos	Talos
d3e200584Brockhaus-1809	Theurdank	Theurdank
d3e200648Brockhaus-1809	Tien	Tien
d3e200669Brockhaus-1809	Tigranes	Tigranes
d3e200698Brockhaus-1809	Timotheus	Timotheus
d3e200698Brockhaus-1809	Timotheus	Timotheus
d3e200980Brockhaus-1809	Trafic	Traficant
d3e201865Brockhaus-1809	Tyrus	Tyrus
d3e201920Brockhaus-1809	Ungarn	Ungarn
d3e201920Brockhaus-1809	Ungarn	Ungarn
d3e202253Brockhaus-1809	Die deutsche Union	die deutsche Union
d3e202778Brockhaus-1809	Venedig	Venedig
d3e204047Brockhaus-1809	Weda	Weda
d3e204067Brockhaus-1809	Weigelianer	Weigelianer
d3e204233Brockhaus-1809	Westphalen	Westphalen
d3e204233Brockhaus-1809	Westphalen	Westphalens
d3e205040Brockhaus-1809	Xystus	Xystus
d3e205040Brockhaus-1809	Xystus	Xystus
d3e205104Brockhaus-1809	Zamboniten	Zamboniten
d3e205124Brockhaus-1809	Zamolxis	Zamolxis
d3e205256Brockhaus-1809	Zerbst	Zerbst
d3e205327Brockhaus-1809	Zethus	Zethus
d3e205765Brockhaus-1809	Zoophyten	Zoophyten
d3e205891Brockhaus-1809	Zwang und Bann	Zwang und Bann
d3e205920Brockhaus-1809	Zwitter	Zwitter
