	EntryID	headword	compound
32	d2e79Herder-1854	Aach	Aachquelle
34	d2e164Herder-1854	Aal	Zitteraale
35	d2e268Herder-1854	Aar [1]	Adal-aar
37	d2e279Herder-1854	Aar [2]	Lauteraar
38	d2e279Herder-1854	Aar [2]	Aargau
39	d2e279Herder-1854	Aar [2]	Oberaar
40	d2e279Herder-1854	Aar [2]	Finsteraar
41	d2e568Herder-1854	Abandon	Abandonnirung
42	d2e727Herder-1854	Abbas	Abbassiden
43	d2e856Herder-1854	Abbreviatur	Abbreviaturen
44	d2e890Herder-1854	Abchasien	Kleinabchasien
45	d2e890Herder-1854	Abchasien	Großabchasien
49	d2e1153Herder-1854	Abelmosch	Abelmoschus
50	d2e1176Herder-1854	Abend	Abendweite
51	d2e1176Herder-1854	Abend	Abendpunkte
53	d2e1217Herder-1854	Abendmahl	Abendmahles
55	d2e1320Herder-1854	Aberdeen [2]	Aberdeen-Palmerston-Russel
56	d2e1402Herder-1854	Abgabe	Abgabensystem
57	d2e1402Herder-1854	Abgabe	Abgaben-Freiheit
59	d2e1669Herder-1854	Abiturient	Abiturientenexamen
60	d2e1747Herder-1854	Ablaß	Ablaßgewinnung
61	d2e1871Herder-1854	Abnorm	Abnormität
62	d2e2145Herder-1854	Abraxas	Abraxasgemmen
64	d2e2334Herder-1854	Abschnitt	Abschnittswinkel
66	d2e2452Herder-1854	Absolut	Absolutismus
67	d2e2462Herder-1854	Absolution	Absolutionsformel
68	d2e2650Herder-1854	Abt	Abtes
69	d2e2650Herder-1854	Abt	Abteien
70	d2e2650Herder-1854	Abt	Abtgrafen
71	d2e2814Herder-1854	Abusiv	Abusivcurs
72	d2e2990Herder-1854	Acajou	Acajouholz
73	d2e3032Herder-1854	Acanthus	Acanthusblatt
74	d2e3084Herder-1854	Acazie	Kugelacazie
75	d2e3232Herder-1854	Accent	Wortaccent
76	d2e3232Herder-1854	Accent	Redeaccent
77	d2e3232Herder-1854	Accent	Satzaccentes
78	d2e3232Herder-1854	Accent	Satzaccent
80	d2e3232Herder-1854	Accent	Sprachaccent
81	d2e3261Herder-1854	Accept	Acceptation
82	d2e3414Herder-1854	Accise	Lotterieaccise
83	d2e3414Herder-1854	Accise	Marktaccise
84	d2e3414Herder-1854	Accise	Acciseabgaben
85	d2e3414Herder-1854	Accise	Accise-Abgaben
87	d2e3525Herder-1854	Accord	Lieferungsaccord
88	d2e3525Herder-1854	Accord	Miethaccord
90	d2e3741Herder-1854	Acetyl	Acetyloxydhydrat
92	d2e4015Herder-1854	Achilles	Achillesinsel
93	d2e4131Herder-1854	Acht	Reichsacht
94	d2e4131Herder-1854	Acht	machte
95	d2e4131Herder-1854	Acht	Aberacht
96	d2e4504Herder-1854	Acte	Bundesacte
97	d2e4504Herder-1854	Acte	Schlußacte
98	d2e4514Herder-1854	Acten	Prozeßacten
99	d2e4514Herder-1854	Acten	Actenversendung
101	d2e4538Herder-1854	Actie	Actienwesen
102	d2e4538Herder-1854	Actie	Actiengesellschaften
103	d2e4538Herder-1854	Actie	Actiengesellschaft
104	d2e5188Herder-1854	Additional	Additionalartikel
106	d2e5332Herder-1854	Adelsberg	Adelsberger
107	d2e5439Herder-1854	Adern	Schlagadern
108	d2e5439Herder-1854	Adern	Saugadern
109	d2e5439Herder-1854	Adern	Blutadern
110	d2e5471Herder-1854	Adhäsion	Adhäsionsproceß
111	d2e5676Herder-1854	Adjutant	Bataillonsadjutanten
112	d2e5676Herder-1854	Adjutant	Flügeladjutanten
113	d2e5701Herder-1854	Adler	Steinadler
114	d2e5701Herder-1854	Adler	Seeadler
115	d2e5701Herder-1854	Adler	Kaiseradler
116	d2e5701Herder-1854	Adler	Fischadler
117	d2e5701Herder-1854	Adler	Goldadler
118	d2e5701Herder-1854	Adler	Flußadler
119	d2e5853Herder-1854	Admiral [1]	Contreadmiral
120	d2e6144Herder-1854	Ados	Adossiren
121	d2e6144Herder-1854	Ados	Adossement
124	d2e6358Herder-1854	Adrian	Hadrian
125	d2e6541Herder-1854	Adulter	Adulteration
126	d2e6575Herder-1854	Advent	Adventzeit
127	d2e6575Herder-1854	Advent	Adventszeit
128	d2e6588Herder-1854	Adverb	Adverbium
132	d2e8082Herder-1854	Affe [1]	Halbaffen
133	d2e8112Herder-1854	Affection	Affectionspreis
134	d2e8377Herder-1854	Afghanen, Afghanistan	Afghanenreich
135	d2e8449Herder-1854	Afrika	Centralafrika
136	d2e8449Herder-1854	Afrika	Nordafrikaʼs
137	d2e8449Herder-1854	Afrika	Südafrikaʼs
138	d2e8449Herder-1854	Afrika	Westafrika
140	d2e8449Herder-1854	Afrika	Afrikaʼs
141	d2e8449Herder-1854	Afrika	Nordafrika
142	d2e8716Herder-1854	Agar	Hagar
143	d2e9070Herder-1854	Agende	Agendenstreit
146	d2e9320Herder-1854	Agil	Agilität
147	d2e9330Herder-1854	Agilolf	Agilolfinger
148	d2e9762Herder-1854	Agon	Agonotheten
149	d2e9762Herder-1854	Agon	Agonistarchen
150	d2e10618Herder-1854	Ahnen [2]	Ahnentafel
151	d2e10618Herder-1854	Ahnen [2]	Ahnenprobe
152	d2e10618Herder-1854	Ahnen [2]	Ahnenreihe
153	d2e10628Herder-1854	Ahorn	Bergahornholz
154	d2e10628Herder-1854	Ahorn	Bergahorn
155	d2e10628Herder-1854	Ahorn	Ahorn-Maser
156	d2e10628Herder-1854	Ahorn	Bergahorns
157	d2e10628Herder-1854	Ahorn	Ahornholz
158	d2e10697Herder-1854	Ahr	Ahrweiler
159	d2e10697Herder-1854	Ahr	Ahrbleicher
160	d2e10697Herder-1854	Ahr	Ahrthal
161	d2e11039Herder-1854	Ailhaud	Ailhaudschen
162	d2e11322Herder-1854	Aiter [1]	Aiterach
164	d2e12463Herder-1854	Alant	Alantwein
165	d2e12555Herder-1854	Alarm	Alarmplätze
166	d2e12555Herder-1854	Alarm	Alarmsignale
167	d2e12578Herder-1854	Alaun	Alaunschiefer
168	d2e12578Herder-1854	Alaun	Alaunwerk
169	d2e12578Herder-1854	Alaun	Alaunfels
170	d2e12578Herder-1854	Alaun	Alaunstein
171	d2e12634Herder-1854	Alb [1]	Albbruck
173	d2e14306Herder-1854	Aleppo, Haleb	Aleppokrankheit
174	d2e14429Herder-1854	Aletsch	Aletschgletscher
175	d2e14429Herder-1854	Aletsch	Aletschhörner
176	d2e14847Herder-1854	Alexianer	Alexianerinen
177	d2e15265Herder-1854	Algier [1]	Algierer
178	d2e15421Herder-1854	Ali [3]	Thessalien
180	d2e15687Herder-1854	Alkali	Mineralalkalis
181	d2e15687Herder-1854	Alkali	Alkalien
182	d2e15687Herder-1854	Alkali	Pflanzenalkalis
183	d2e15716Herder-1854	Alkaloide	Pflanzenalkaloide
184	d2e15805Herder-1854	Alkmäon	Alkmäoniden
186	d2e16494Herder-1854	Allia	Alliatag
187	d2e16543Herder-1854	Allianz	Quadrupelallianz
188	d2e16725Herder-1854	Allod	Allodificiren
189	d2e16725Herder-1854	Allod	Allodialerbrecht
190	d2e17012Herder-1854	Alluvial	Alluvialboden
191	d2e17176Herder-1854	Almanach	Almanachen
193	d2e17438Herder-1854	Almosenier	Großalmoseniers
194	d2e17670Herder-1854	Alp [1]	Alpen
195	d2e17680Herder-1854	Alp [2]	Alporte
196	d2e17732Herder-1854	Alpen	Ostalpen
197	d2e17732Herder-1854	Alpen	Alpenwirthschaft
198	d2e17732Herder-1854	Alpen	Thuralpen
199	d2e17732Herder-1854	Alpen	Alpenbäche
200	d2e17732Herder-1854	Alpen	Alpenbewohner
201	d2e17732Herder-1854	Alpen	Uralpen
202	d2e17732Herder-1854	Alpen	Algäueralpen
203	d2e17732Herder-1854	Alpen	Voralpen
204	d2e17732Herder-1854	Alpen	Hochalpen
205	d2e17732Herder-1854	Alpen	Alpenwälder
206	d2e17732Herder-1854	Alpen	Alpenkette
207	d2e17732Herder-1854	Alpen	Alpengebirges
208	d2e17732Herder-1854	Alpen	Mittelalpen
209	d2e17732Herder-1854	Alpen	Westalpen
210	d2e17732Herder-1854	Alpen	Centralalpen
211	d2e17732Herder-1854	Alpen	Seealpen
212	d2e17732Herder-1854	Alpen	Alpenkräuter
213	d2e17732Herder-1854	Alpen	Berneralpen
214	d2e17732Herder-1854	Alpen	Kalkalpen
215	d2e17732Herder-1854	Alpen	Alpengebirge
216	d2e17732Herder-1854	Alpen	Nagelfluhealpen
217	d2e17882Herder-1854	Alpha	Alphabeths
218	d2e17973Herder-1854	Alpinen	Alpinenkanal
219	d2e18196Herder-1854	al segno, dal segno	dal segno
220	d2e18226Herder-1854	Alser	Alserbad
221	d2e18226Herder-1854	Alser	Alsergrund
222	d2e18288Herder-1854	Alster	Außenalster
223	d2e18288Herder-1854	Alster	Binnenalster
224	d2e18412Herder-1854	Altar	Brandaltar
226	d2e18412Herder-1854	Altar	Rauchaltar
227	d2e18504Herder-1854	Alte [2]	behalten
228	d2e18715Herder-1854	Alter	Uebergangsalter
229	d2e18715Herder-1854	Alter	Greisenalter
230	d2e18715Herder-1854	Alter	Jugendalter
231	d2e18715Herder-1854	Alter	Kindesalter
232	d2e18912Herder-1854	Alterthum	Alterthumskunde
233	d2e18912Herder-1854	Alterthum	Alterthumswissenschaft
234	d2e20542Herder-1854	Ambassade	Ambassadeur
235	d2e20802Herder-1854	Ambra	Ambrafett
236	d2e21184Herder-1854	Amerika	Nordamerika
237	d2e21184Herder-1854	Amerika	südamerikanische
238	d2e21269Herder-1854	Amethyst	Amethystos
240	d2e21473Herder-1854	Ammann [1]	Landammann
241	d2e21504Herder-1854	Amme [2]	Großammen
242	d2e21504Herder-1854	Amme [2]	Großamme
243	d2e21543Herder-1854	Ammer [1]	Unterammergau
244	d2e21567Herder-1854	Ammer [2]	Sporenammer
245	d2e21567Herder-1854	Ammer [2]	Buschammer
246	d2e21651Herder-1854	Ammoniak	Ammoniakgas
247	d2e22111Herder-1854	Ampfer	Sauerampfer
249	d2e22470Herder-1854	Amputation	Amputationen
250	d2e22470Herder-1854	Amputation	Amputationsstumpf
253	d2e22574Herder-1854	Amulet	Amuletenunwesen
255	d2e23193Herder-1854	Ananas	Ananaskästen
256	d2e23193Herder-1854	Ananas	Ananasfrucht
258	d2e23745Herder-1854	Andalusien	Vandalusien
259	d2e23991Herder-1854	Andorra	Andorraner
260	d2e24084Herder-1854	Andreas [1]	Andreaskreuze
262	d2e24419Herder-1854	Anel	Anelsche
263	d2e25197Herder-1854	Angola	Angolaholz
264	d2e25210Herder-1854	Angora	Angora-Ziegen
265	d2e25396Herder-1854	Angular	Angularsystem
266	d2e25693Herder-1854	Animos	Animosität
267	d2e25744Herder-1854	Anis	Anisum
268	d2e25744Herder-1854	Anis	Anisöl
269	d2e25795Herder-1854	Anke	Rheinanke
270	d2e25795Herder-1854	Anke	Illanke
271	d2e25805Herder-1854	Anker	Ankerseil
273	d2e25805Herder-1854	Anker	Hauptanker
274	d2e25805Herder-1854	Anker	Nothanker
275	d2e26285Herder-1854	Annex	Annexion
277	d2e26558Herder-1854	Anomal	Anomalie
278	d2e26638Herder-1854	Anonym	Anonymus
282	d2e27000Herder-1854	ANT	Constantin
285	d2e27384Herder-1854	Antholz	Antholzer
286	d2e27685Herder-1854	Antichrist	Antichristlich
287	d2e27869Herder-1854	Antik	Antiken
288	d2e28019Herder-1854	Antimon	Antimonensäure
289	d2e28019Herder-1854	Antimon	Schwefelantimon
290	d2e28152Herder-1854	Antiparallel	Antiparallelogramm
291	d2e28239Herder-1854	Antiphon [1]	Antiphonen
292	d2e28239Herder-1854	Antiphon [1]	Antiphonarium
293	d2e28533Herder-1854	Anton [1]	Antonius
294	d2e28826Herder-1854	Anwalt	Anwaltstand
295	d2e28826Herder-1854	Anwalt	Anwaltsberufes
296	d2e28862Herder-1854	Anweiler	Anweilerthal
297	d2e29260Herder-1854	Apfelbaum	Holzapfelbaum
298	d2e29378Herder-1854	Aphrodit	Anaphrodit
299	d2e29869Herder-1854	Apollinaris	Apollinaristen
300	d2e30377Herder-1854	Apotheke	Apothekergewicht
301	d2e30561Herder-1854	Appenzell	Appenzellern
302	d2e30786Herder-1854	Apponyi	Apponyischen
303	d2e31014Herder-1854	April	Aprilschicken
304	d2e31014Herder-1854	April	Aprilwetter
305	d2e31092Herder-1854	Apsiden	Apsidenlinie
308	d2e31498Herder-1854	Arad, Alt-	Arader
310	d2e31619Herder-1854	Aram, Aramea	Arameische
311	d2e31696Herder-1854	Aranyos	Aranyoserstuhl
312	d2e31826Herder-1854	Arbeit	Gewerbsarbeit
313	d2e31826Herder-1854	Arbeit	Arbeiters
314	d2e31826Herder-1854	Arbeit	Arbeiten
315	d2e31826Herder-1854	Arbeit	Erdarbeit
316	d2e31826Herder-1854	Arbeit	Arbeitskräften
317	d2e31936Herder-1854	Arboga	Arbogakanals
319	d2e32400Herder-1854	Archipel	Archipelagus
321	d2e32411Herder-1854	Archipresbyter	Archipresbyteriate
322	d2e32421Herder-1854	Architekt	Architektonik
323	d2e32434Herder-1854	Architektur	Architekturmalerei
324	d2e32474Herder-1854	Archiv	Archivrecht
326	d2e32474Herder-1854	Archiv	Archivwissenschaft
328	d2e32474Herder-1854	Archiv	Archivar
329	d2e32920Herder-1854	Ardennen	Ardennenkanal
331	d2e33053Herder-1854	Are	Centiaren
332	d2e33053Herder-1854	Are	Hektare
333	d2e33053Herder-1854	Are	Dekare
334	d2e33266Herder-1854	Areopag	Areopagiten
335	d2e33473Herder-1854	Argen	Langenargen
336	d2e33534Herder-1854	Argent	Argentan
337	d2e33729Herder-1854	Argo	Argonauten
339	d2e34108Herder-1854	Arid	Aridität
340	d2e34128Herder-1854	Arie	Arietto
341	d2e34655Herder-1854	Arktisch	antarktisch
342	d2e34685Herder-1854	Arlberg	Vorarlberg
344	d2e35782Herder-1854	Arpad	Arpaden
345	d2e35884Herder-1854	Arqua	Arquato
346	d2e36014Herder-1854	Arrest	Wechselarrest
347	d2e36632Herder-1854	Arterien	Lungenarterien
351	d2e37492Herder-1854	Asbest	Holzasbest
352	d2e38070Herder-1854	Asien	Vorderasiens
353	d2e38070Herder-1854	Asien	Vorderasien
354	d2e38070Herder-1854	Asien	Hochasien
355	d2e38333Herder-1854	Asot	Asotie
356	d2e38379Herder-1854	Asparagin	Asparaginsäure
357	d2e38467Herder-1854	Asperg	Hohenasperg
358	d2e38910Herder-1854	Assecuranz	Assecuranzbrief
359	d2e38910Herder-1854	Assecuranz	Assecuranzprämie
361	d2e39113Herder-1854	Assessor	Assessorat
362	d2e39187Herder-1854	Assignation	Bankassignationen
363	d2e39187Herder-1854	Assignation	Assignationsbank
364	d2e39274Herder-1854	Association	Associationen
365	d2e39957Herder-1854	Astroskop	Astroskopie
367	d2e40589Herder-1854	Athen	Athener
368	d2e40589Herder-1854	Athen	vorberathende
369	d2e40750Herder-1854	Athlet	Athletisch
370	d2e40750Herder-1854	Athlet	Athletik
371	d2e40760Herder-1854	Athmen	Einathmen
372	d2e40760Herder-1854	Athmen	Ausathmens
373	d2e40760Herder-1854	Athmen	Ausathmen
374	d2e40970Herder-1854	Atlas [5]	Halbatlas
375	d2e41170Herder-1854	Atour	Atournement
378	d2e42135Herder-1854	Attrape	Attrapette
379	d2e42240Herder-1854	Attrit	Attrition
380	d2e42343Herder-1854	Atzung	Atzungskosten
384	d2e42389Herder-1854	Aubagne	Aubagnewein
385	d2e42615Herder-1854	Auction	Auctionator
386	d2e43365Herder-1854	Auflagen	Gemeindeauflagen
387	d2e43581Herder-1854	Aufschrift	Aufschriftenkunde
388	d2e43581Herder-1854	Aufschrift	Aufschriften
389	d2e43732Herder-1854	Auge	Augenbrauen
390	d2e43732Herder-1854	Auge	Augenbutter
391	d2e43732Herder-1854	Auge	Augenlider
392	d2e43732Herder-1854	Auge	Augenliderliegen
393	d2e43732Herder-1854	Auge	Augenmuskeln
394	d2e43732Herder-1854	Auge	Augenhaut
395	d2e43732Herder-1854	Auge	Augenhöhlen
396	d2e43732Herder-1854	Auge	Augenwinkels
397	d2e43732Herder-1854	Auge	Augenkammer
398	d2e43732Herder-1854	Auge	Augenhöhle
399	d2e43732Herder-1854	Auge	Augenhäute
400	d2e43732Herder-1854	Auge	Augenwinkel
401	d2e44043Herder-1854	August [1]	Augustus
402	d2e44383Herder-1854	Aulet	Auletik
404	d2e45366Herder-1854	Aussatz	Knollenaussatz
405	d2e45555Herder-1854	Ausstellung	Kunstausstellung
406	d2e45555Herder-1854	Ausstellung	Industrieausstellung
407	d2e45651Herder-1854	Austern	Austernbänke
408	d2e45687Herder-1854	Australien	Westaustralien
409	d2e45687Herder-1854	Australien	Nordaustralien
410	d2e45687Herder-1854	Australien	Südaustralien
411	d2e45780Herder-1854	Auswanderung	Auswanderungsrecht
412	d2e45920Herder-1854	Autarch	Autarchen
413	d2e45920Herder-1854	Autarch	Autarchie
414	d2e46090Herder-1854	Autochir	Autochirie
415	d2e46257Herder-1854	Automat	Automatie
417	d2e46748Herder-1854	avantage	avantageux
418	d2e47157Herder-1854	Aventurin	Aventurinfarben
420	d2e47157Herder-1854	Aventurin	Aventuringrund
421	d2e47288Herder-1854	Avertissement	Avertissementsposten
422	d2e47309Herder-1854	aveugle	aveuglement
423	d2e47350Herder-1854	Avid	Avidität
425	d2e47424Herder-1854	Avis, Aviso, Avisation	Avisschiff
426	d2e47424Herder-1854	Avis, Aviso, Avisation	Avisoschiff
427	d2e47424Herder-1854	Avis, Aviso, Avisation	Avisen
428	d2e47424Herder-1854	Avis, Aviso, Avisation	Avisiren
430	d2e47885Herder-1854	Axum	Axumitanische
445	d2e48415Herder-1854	Babenberg	Babenberger
446	d2e49040Herder-1854	Bachus	Bachusdienst
447	d2e49064Herder-1854	Bacillen	Süßholzbacillen
448	d2e49170Herder-1854	Backstage	Backstagewind
451	d2e49329Herder-1854	Bad	gebadet
452	d2e49329Herder-1854	Bad	Douchebad
453	d2e49329Herder-1854	Bad	Laubbad
454	d2e49329Herder-1854	Bad	Sturzbad
455	d2e49329Herder-1854	Bad	Badens
456	d2e49329Herder-1854	Bad	Luftbad
457	d2e49329Herder-1854	Bad	Blutbad
458	d2e49329Herder-1854	Bad	Seebad
459	d2e49329Herder-1854	Bad	Dampfbad
460	d2e49329Herder-1854	Bad	Sonnenbad
461	d2e49329Herder-1854	Bad	Baden
462	d2e49329Herder-1854	Bad	Schwitzbad
463	d2e49329Herder-1854	Bad	Tropfbad
464	d2e49329Herder-1854	Bad	Halbbad
465	d2e49329Herder-1854	Bad	Erdbad
466	d2e49329Herder-1854	Bad	Wasserbad
467	d2e49329Herder-1854	Bad	Sandbad
468	d2e49329Herder-1854	Bad	Flußbad
469	d2e49329Herder-1854	Bad	Schauerbad
471	d2e49329Herder-1854	Bad	Handbad
472	d2e49329Herder-1854	Bad	Schneebad
473	d2e49516Herder-1854	Baden [1]	Baden-Baden
474	d2e49516Herder-1854	Baden [1]	Baden-Durlach
475	d2e49516Herder-1854	Baden [1]	Badenweiler
476	d2e49595Herder-1854	Baden [3]	Badener
477	d2e49691Herder-1854	Badin	Badinerie
478	d2e49691Herder-1854	Badin	Badinen
479	d2e49818Herder-1854	Bär	Eisbär
480	d2e49818Herder-1854	Bär	Rüsselbär
481	d2e50046Herder-1854	Baffin	Baffinsbai
482	d2e50066Herder-1854	Bagage	Bagagewagen
483	d2e50293Herder-1854	Bahama	Bahamabank
484	d2e50293Herder-1854	Bahama	Bahamacanal
485	d2e50457Herder-1854	Baikal	Baikalgebirge
487	d2e51019Herder-1854	Baladin	Baladinage
489	d2e51163Herder-1854	Balasore, Balasur	Balasorentücher
490	d2e51507Herder-1854	Ball	Maskenball
491	d2e51688Herder-1854	Ballon [1]	Luftballon
492	d2e51794Herder-1854	Balogh	Unterbalogh
493	d2e51827Herder-1854	Balsam	Mekkabalsam
494	d2e51827Herder-1854	Balsam	Lebensbalsam
495	d2e51827Herder-1854	Balsam	Balsamum
496	d2e51827Herder-1854	Balsam	Balsamodendron
497	d2e51827Herder-1854	Balsam	Tolubalsam
499	d2e51827Herder-1854	Balsam	Muskatbalsam
500	d2e51827Herder-1854	Balsam	Balsamen
501	d2e51827Herder-1854	Balsam	Kopaivbalsam
502	d2e51827Herder-1854	Balsam	Schwefelbalsam
503	d2e51955Herder-1854	Balsamiren	einbalsamiren
504	d2e52076Herder-1854	Balz	Balzzeit
505	d2e52121Herder-1854	Bambara	Unterbambara
507	d2e52701Herder-1854	Bandwurm	Bandwurmlarven
508	d2e52900Herder-1854	Bank, Bankwesen	Banken
509	d2e52900Herder-1854	Bank, Bankwesen	Hypothekarbanken
510	d2e52900Herder-1854	Bank, Bankwesen	Girobanken
511	d2e52900Herder-1854	Bank, Bankwesen	Wechselbanken
512	d2e52900Herder-1854	Bank, Bankwesen	Privatbankgeschäfte
513	d2e52900Herder-1854	Bank, Bankwesen	Nationalbanken
514	d2e52900Herder-1854	Bank, Bankwesen	Staatsbanken
515	d2e52900Herder-1854	Bank, Bankwesen	Depositenbanken
517	d2e52900Herder-1854	Bank, Bankwesen	Bankerote
518	d2e52900Herder-1854	Bank, Bankwesen	Bankiers
519	d2e52900Herder-1854	Bank, Bankwesen	Leihbanken
520	d2e52900Herder-1854	Bank, Bankwesen	Zettelbanken
521	d2e52900Herder-1854	Bank, Bankwesen	Notenbanken
522	d2e52900Herder-1854	Bank, Bankwesen	Privatbanken
523	d2e53052Herder-1854	Bann	Kirchenbann
524	d2e53264Herder-1854	Bar [2]	Barer
525	d2e53274Herder-1854	Bar [3]	Bar-le-Duc
526	d2e53414Herder-1854	Baranya	Baranyavar
527	d2e53520Herder-1854	Barbar	Barbarismus
528	d2e53520Herder-1854	Barbar	Barbarei
530	d2e54300Herder-1854	Bargusin	Bargusinsk
533	d2e54763Herder-1854	Barneveldt	Oldenbarneveldt
534	d2e55259Herder-1854	Bars	Barsch
535	d2e55286Herder-1854	Barsch	Flußbarsch
536	d2e55419Herder-1854	Barth [4]	Barthenheim
537	d2e55813Herder-1854	Baryt	Baryto-Calcit
538	d2e56081Herder-1854	Basel [2]	Kleinbasel
539	d2e56360Herder-1854	Baß	Contrabaß
540	d2e56360Herder-1854	Baß	Baßgeige
541	d2e56606Herder-1854	Bast	Baumbast
542	d2e56758Herder-1854	Bastion	Bastionen
544	d2e57042Herder-1854	Batist	Batistmousselin
546	d2e57215Herder-1854	Batterie [2]	Feldbatterie
547	d2e57215Herder-1854	Batterie [2]	Wurfbatterie
548	d2e57215Herder-1854	Batterie [2]	Festungsbatterien
549	d2e57215Herder-1854	Batterie [2]	Fußbatterie
550	d2e57215Herder-1854	Batterie [2]	Belagerungsbatterien
551	d2e57215Herder-1854	Batterie [2]	Strandbatterien
553	d2e57619Herder-1854	Bauer [1]	Bauernstand
554	d2e57619Herder-1854	Bauer [1]	Bauerncharakters
555	d2e57619Herder-1854	Bauer [1]	Bauernnatur
558	d2e58555Herder-1854	Bayern	Rheinbayern
559	d2e58555Herder-1854	Bayern	Oberbayern
560	d2e58555Herder-1854	Bayern	Niederbayern
561	d2e58687Herder-1854	Bayonnet	Bayonnetangriffs
563	d2e59081Herder-1854	beau	beauté
564	d2e59644Herder-1854	Becken [1]	Beckeneingangs
565	d2e59644Herder-1854	Becken [1]	Beckeneingang
567	d2e59644Herder-1854	Becken [1]	Beckenkanal
568	d2e60088Herder-1854	Bedingung	Bedingungen
569	d2e60106Herder-1854	Bedlam	Bedlamit
570	d2e60254Herder-1854	Beer [1]	Meyerbeer
572	d2e60287Herder-1854	Beere	Stachelbeere
573	d2e60333Herder-1854	Beerschwämme	Erdbeerschwämme
574	d2e60437Herder-1854	Beg	Beglerbeg
575	d2e60547Herder-1854	Begonia	Begoniaceae
577	d2e60588Herder-1854	Begriff	Begriffen
578	d2e60601Herder-1854	Begrüßung	Begrüßungen
579	d2e60601Herder-1854	Begrüßung	Begrüßungszeichen
580	d2e60760Herder-1854	Behring	Behringsinsel
581	d2e60760Herder-1854	Behring	Behringsstraße
582	d2e60791Herder-1854	Beicht	Ohrenbeicht
583	d2e60791Herder-1854	Beicht	Privatbeicht
584	d2e60791Herder-1854	Beicht	Ohrenbeichte
585	d2e60862Herder-1854	Beige	sergebeige
586	d2e61947Herder-1854	Belletrist	Belletristisch
587	d2e62360Herder-1854	Ben	Iben
588	d2e62360Herder-1854	Ben	Aben
589	d2e62360Herder-1854	Ben	Abendländer
590	d2e63263Herder-1854	Beraun	Beraunka
592	d2e63632Herder-1854	Berg [2]	Arnsberg
593	d2e63794Herder-1854	Bergbau	Bergbauwissenschaften
594	d2e64175Herder-1854	Bergwerk	Bergwerkskunde
596	d2e64356Herder-1854	Berline	Berlinerconstruktion
597	d2e64367Herder-1854	Berlinerblau	Berlinerblau-Bereitung
598	d2e64436Herder-1854	Bern [1]	Berner
599	d2e65699Herder-1854	Besitz	Besitzesinterdicte
600	d2e65699Herder-1854	Besitz	Besitzesprozeß
601	d2e65844Herder-1854	Bessi	Bessino
602	d2e65900Herder-1854	Bestand	Bestandsgeld
603	d2e66264Herder-1854	Betrug	Civilbetrug
604	d2e66663Herder-1854	Beweis	Beweises
605	d2e66692Herder-1854	Bewußtsein	Selbstbewußtsein
606	d2e66804Herder-1854	Bezeichnung	Bezeichnungen
607	d2e67512Herder-1854	Biblist	Biblistik
608	d2e67566Herder-1854	Bicètre	Bicètre-Arbeiten
609	d2e68066Herder-1854	Bier	Braunbiere
610	d2e68348Herder-1854	Bigott	Bigotterie
611	d2e68409Herder-1854	Bila	Bilaer
612	d2e68443Herder-1854	Bilateral	Bilateraler
613	d2e68474Herder-1854	Bild	abbildliche
614	d2e68474Herder-1854	Bild	Gattungsbild
615	d2e68494Herder-1854	Bilder	Bilderdienst
616	d2e68494Herder-1854	Bilder	Abbilder
617	d2e68494Herder-1854	Bilder	Urbildern
618	d2e68494Herder-1854	Bilder	Bildersturm
619	d2e68494Herder-1854	Bilder	Bilderverehrung
620	d2e68494Herder-1854	Bilder	Bilderanbetung
621	d2e68587Herder-1854	Bildung	Berufsbildung
622	d2e68669Herder-1854	Bilin [2]	Biliner
623	d2e68693Herder-1854	Bill	Billet
624	d2e68823Herder-1854	Billet	Handelsbillet
626	d2e68823Herder-1854	Billet	Billeteur
627	d2e68852Herder-1854	Billigkeit	Billigkeitsgerichte
629	d2e69339Herder-1854	Biographie	Autobiographie
630	d2e69504Herder-1854	Biquadrat	Biquadratische
631	d2e69524Herder-1854	Bir	Birtha
632	d2e69653Herder-1854	Birma	Birmane
633	d2e69653Herder-1854	Birma	Birmanen
634	d2e69675Herder-1854	Birnbaum [1]	Holzbirnbaum
635	d2e69675Herder-1854	Birnbaum [1]	Holzbirnbaumholz
636	d2e69920Herder-1854	Bischof [1]	Bischofswahl
638	d2e71296Herder-1854	Blase	Giftblase
639	d2e71296Herder-1854	Blase	Harnblase
640	d2e71296Herder-1854	Blase	Gallenblase
641	d2e71296Herder-1854	Blase	Schwimmblase
642	d2e71466Herder-1854	Blasirt	Blasirtheit
643	d2e71533Herder-1854	Blatt	Laubblatt
644	d2e71851Herder-1854	Blei	Frischblei
645	d2e71851Herder-1854	Blei	Werkblei
646	d2e71851Herder-1854	Blei	Chlorblei
647	d2e71960Herder-1854	Blende	Zinkblende
648	d2e71960Herder-1854	Blende	Faserblende
649	d2e72216Herder-1854	Blinde, Blindenanstalten	erblindet
651	d2e72496Herder-1854	Blond	Blondine
652	d2e72496Herder-1854	Blond	Blonden
653	d2e72496Herder-1854	Blond	Blondin
655	d2e72627Herder-1854	Blume	Blumenkrone
656	d2e72779Herder-1854	Blumist	Blumistenblumen
657	d2e73261Herder-1854	Blutung	Blutungen
658	d2e73346Herder-1854	Board	Boardinghouse
659	d2e73738Herder-1854	Bockenheim	Kleinbockenheim
660	d2e73759Herder-1854	Bockkäfer	Schönbockkäfer
661	d2e73759Herder-1854	Bockkäfer	Alpenbockkäfer
662	d2e74268Herder-1854	Böhmen	Böhmenwährend
663	d2e75465Herder-1854	Boll	Bollerbad
666	d2e76634Herder-1854	Bonnet [1]	Bonneterie
667	d2e76634Herder-1854	Bonnet [1]	Bonnetirung
668	d2e76889Herder-1854	Boot	Kanonenboote
669	d2e76889Herder-1854	Boot	Rettungsboote
670	d2e76972Herder-1854	Bor [1]	Boraxsäure
671	d2e76972Herder-1854	Bor [1]	Borax
672	d2e76972Herder-1854	Bor [1]	Boron
673	d2e76972Herder-1854	Bor [1]	Boracium
674	d2e77093Herder-1854	Bord	Backbord
675	d2e77093Herder-1854	Bord	Steuerbord
677	d2e78099Herder-1854	Bosse [1]	Rondebosse
678	d2e78198Herder-1854	Boston [1]	Boston-Athenäum
679	d2e78244Herder-1854	Botanik	Botaniker
680	d2e78244Herder-1854	Botanik	Horticulturbotanik
682	d2e79126Herder-1854	Bouquet	Bouquetier
683	d2e79147Herder-1854	Bouquin	Bouquineur
684	d2e79147Herder-1854	Bouquin	Bouquinerie
685	d2e79147Herder-1854	Bouquin	Bouquiniste
686	d2e79186Herder-1854	Bourbon [2]	Bourbonen
687	d2e80160Herder-1854	Brabant	Brabanter
688	d2e80614Herder-1854	Braggard	Braggardismus
689	d2e80667Herder-1854	Brahma	Brahmanen
691	d2e80879Herder-1854	Branche	Familienbranche
692	d2e80940Herder-1854	Brand [1]	Brandigem
693	d2e80940Herder-1854	Brand [1]	Hospitalbrand
694	d2e81436Herder-1854	Branntwein	Franzbranntwein
696	d2e81622Herder-1854	Brauen	Augenbrauen
697	d2e82141Herder-1854	Bredouille	Bredouilleur
699	d2e83195Herder-1854	Bricole	Bricoleschuß
700	d2e83286Herder-1854	Brie	Oberbrie
701	d2e83286Herder-1854	Brie	Niederbrie
702	d2e83299Herder-1854	Brief	Bundesbrief
703	d2e83299Herder-1854	Brief	Lehrbrief
704	d2e83299Herder-1854	Brief	Adelsbrief
705	d2e83405Herder-1854	Brienz	Brienzer
706	d2e83465Herder-1854	Brigand	Brigandage
707	d2e83490Herder-1854	Brigg	Briggsegel
708	d2e83490Herder-1854	Brigg	Kutterbrigg
709	d2e83490Herder-1854	Brigg	Kriegsbrigg
710	d2e83642Herder-1854	Brillant [2]	Brillanten
711	d2e83698Herder-1854	Brille	Conservationsbrillen
712	d2e83698Herder-1854	Brille	Brillenmacher
713	d2e83814Herder-1854	Brink	Brinksitzer
714	d2e83979Herder-1854	Bristol	Bristoler
715	d2e84112Herder-1854	Brizomant	Brizomantie
716	d2e84198Herder-1854	Brocat	Brocatpapier
717	d2e84198Herder-1854	Brocat	Brocatello
718	d2e84252Herder-1854	Brocken	Brockengespenst
719	d2e84468Herder-1854	Bromberg	Bromberger
720	d2e84788Herder-1854	Bronze	Bronzepulver
721	d2e84835Herder-1854	Broos	Brooser
722	d2e84906Herder-1854	Brot	Weizenbrot
724	d2e85229Herder-1854	Bruch [2]	Doppelbruche
725	d2e85229Herder-1854	Bruch [2]	Decimalbruch
726	d2e85283Herder-1854	Bruch [3]	Knochenbruchs
727	d2e85283Herder-1854	Bruch [3]	Bruchbänder
728	d2e85283Herder-1854	Bruch [3]	Bruchstelle
729	d2e85283Herder-1854	Bruch [3]	Knochenbruch
730	d2e85283Herder-1854	Bruch [3]	Bruchband
731	d2e85443Herder-1854	Bruderschaften	Erzbruderschaften
732	d2e85443Herder-1854	Bruderschaften	Armenseelenbruderschaften
733	d2e85443Herder-1854	Bruderschaften	Zweigbruderschaften
735	d2e86309Herder-1854	Bruno [1]	Brunonis
736	d2e86520Herder-1854	Brutal	Brutalität
737	d2e86762Herder-1854	Bubo	Bubonen
738	d2e86785Herder-1854	Buccari	Buccaricza
739	d2e86927Herder-1854	Buchberg	Buchberger
740	d2e86961Herder-1854	Buche	Weißbuche
741	d2e86961Herder-1854	Buche	Bucheckern
742	d2e86961Herder-1854	Buche	Buchenölkuchen
743	d2e86961Herder-1854	Buche	Buchenlaub
744	d2e86961Herder-1854	Buche	Buchenholz
745	d2e86961Herder-1854	Buche	Hagebuche
746	d2e86961Herder-1854	Buche	Rothbuche
747	d2e86961Herder-1854	Buche	Buchenöl
748	d2e86961Herder-1854	Buche	Bucheln
749	d2e86961Herder-1854	Buche	Blutbuche
750	d2e86961Herder-1854	Buche	Mastbuche
751	d2e86961Herder-1854	Buche	Hainbuche
752	d2e87190Herder-1854	Buchstabe	Buchstabenschrift
753	d2e87233Herder-1854	Bucht	Buchtig
754	d2e87452Herder-1854	Buddha	Buddhaismus
755	d2e87691Herder-1854	Büdesheim	Büdesheimer
756	d2e87985Herder-1854	Bürger [1]	Stadtbürgerrecht
757	d2e87985Herder-1854	Bürger [1]	Staatsbürgerrecht
758	d2e87985Herder-1854	Bürger [1]	Ortsbürgerrecht
761	d2e89349Herder-1854	Burchell	Burchellia
763	d2e89513Herder-1854	Burg [2]	Magdeburg
764	d2e89685Herder-1854	Burgund	Niederburgund
765	d2e89685Herder-1854	Burgund	Burgundionen
766	d2e89685Herder-1854	Burgund	Burgunder
767	d2e89685Herder-1854	Burgund	Kleinburgund
769	d2e90352Herder-1854	Bussard [1]	Wespenbussard
770	d2e90352Herder-1854	Bussard [1]	Mäusebussard
773	d2e90619Herder-1854	Butter	Frühlingsbutter
774	d2e90619Herder-1854	Butter	Herbstbutter
775	d2e90619Herder-1854	Butter	Maibutter
776	d2e90619Herder-1854	Butter	Schmelzbutter
777	d2e90619Herder-1854	Butter	Winterbutter
778	d2e90863Herder-1854	Byblos	Neubyblos
799	d2e91115Herder-1854	Cab	Cabriolet
800	d2e91168Herder-1854	Cabal	Cabaleur
802	d2e91350Herder-1854	Cabinet	Cabinetum
803	d2e91350Herder-1854	Cabinet	Cabinetsordre
804	d2e91350Herder-1854	Cabinet	Cabinetsschreiben
805	d2e91350Herder-1854	Cabinet	Cabinetsministerium
806	d2e91350Herder-1854	Cabinet	Cabinetsstücke
807	d2e91350Herder-1854	Cabinet	Cabinetsbefehl
809	d2e91350Herder-1854	Cabinet	Cabinetsmaler
810	d2e92169Herder-1854	Cadis	Cadisserius
812	d2e92692Herder-1854	Cafard	Cafarderie
813	d2e92963Herder-1854	Caille	Lacaille
814	d2e93435Herder-1854	Calanca [1]	Calancardo
815	d2e93738Herder-1854	Calcul	Calculatur
816	d2e93738Herder-1854	Calcul	Calculus
817	d2e93738Herder-1854	Calcul	Calculator
818	d2e94170Herder-1854	Calid	Calididät
819	d2e94170Herder-1854	Calid	Caliduct
820	d2e94339Herder-1854	Callid	Callidität
821	d2e94599Herder-1854	Calor	Calorifär
822	d2e94599Herder-1854	Calor	Calorifère
823	d2e94599Herder-1854	Calor	Calorification
824	d2e94928Herder-1854	Calw	Calwer
825	d2e95687Herder-1854	Campan [2]	Campaner
826	d2e95869Herder-1854	Campeche	Campecheholz
827	d2e96114Herder-1854	Campsie	Campsie-Fells
829	d2e96228Herder-1854	Canaille	Canaillerien
830	d2e96244Herder-1854	Canale [1]	Canalebanden
831	d2e96254Herder-1854	Canale [2]	Canaletto
832	d2e96623Herder-1854	Candidat	Candidatus
834	d2e96696Herder-1854	Candolle	Decandolle
835	d2e96951Herder-1854	Canna	Cannaceae
836	d2e97110Herder-1854	Canon [3]	Canonicität
837	d2e97110Herder-1854	Canon [3]	Canones
838	d2e97231Herder-1854	Canonissen	Säcularcanonissen
839	d2e97231Herder-1854	Canonissen	Regularcanonissen
840	d2e97420Herder-1854	Cantate [1]	Einweihungscantate
841	d2e97420Herder-1854	Cantate [1]	Kirchencantate
843	d2e97953Herder-1854	Capillar	Capillargefäße
844	d2e98013Herder-1854	Capitäl	Capitälchen
845	d2e98034Herder-1854	Capitän	Corvettencapitän
846	d2e98034Herder-1854	Capitän	Fregattencapitän
847	d2e98034Herder-1854	Capitän	Generalcapitän
848	d2e98053Herder-1854	Capital	Betriebscapital
849	d2e98053Herder-1854	Capital	Anlagecapital
850	d2e98053Herder-1854	Capital	Verbrauchscapital
851	d2e98053Herder-1854	Capital	Productivcapital
852	d2e98165Herder-1854	Capitel	Capiteleintheilung
853	d2e98223Herder-1854	Capitol	Capitolium
854	d2e98223Herder-1854	Capitol	Capitoliums
855	d2e98358Herder-1854	Capon	Capongh
857	d2e98378Herder-1854	Capot	Capottuch
858	d2e98875Herder-1854	Caquet	Caqueteur
859	d2e98895Herder-1854	Carabin	Carabinade
860	d2e99347Herder-1854	Carbonari	Carbonarismus
861	d2e100433Herder-1854	Carmenta	Carmentalia
862	d2e100639Herder-1854	Carneval	Carnevalsfeste
865	d2e102368Herder-1854	Cassation	Cassationshofe
866	d2e102368Herder-1854	Cassation	Cassationsinstitut
868	d2e102844Herder-1854	Castello [2]	Castello-di-Quarto
869	d2e103087Herder-1854	Castilien	Neucastilien
870	d2e103087Herder-1854	Castilien	Altcastilien
871	d2e103217Herder-1854	Castor	Castoreum
872	d2e103439Herder-1854	Casu	Casualität
873	d2e103439Herder-1854	Casu	Casualien
874	d2e103439Herder-1854	Casu	Casualismus
875	d2e103439Herder-1854	Casu	Casualisten
878	d2e105014Herder-1854	Ceder	Cedernholz
879	d2e105212Herder-1854	Celano	Celanosee
880	d2e105444Herder-1854	Cello, Cellist	Violoncello
882	d2e105796Herder-1854	Cent [2]	Centena
883	d2e105796Herder-1854	Cent [2]	Centenen
884	d2e106044Herder-1854	Centralbewegung	Centralbewegungen
887	d2e106387Herder-1854	Cerebral	Cerebralsystem
890	d2e106447Herder-1854	Ceremoniel	Hofceremoniel
891	d2e106447Herder-1854	Ceremoniel	Staatsceremoniel
892	d2e106506Herder-1854	Cerigo	Cerigotto
893	d2e106549Herder-1854	Cerium	Chlorceriums
894	d2e106559Herder-1854	Cerkopen	Cerkopenmarkt
895	d2e106955Herder-1854	Cessio	Cessionaren
896	d2e106955Herder-1854	Cessio	Cessionars
897	d2e106955Herder-1854	Cessio	Cessionar
900	d2e107274Herder-1854	Chacabuco	Tschacabuco
901	d2e107285Herder-1854	Chacao	Tschacao
902	d2e107305Herder-1854	Chaco	Tschaco
903	d2e107376Herder-1854	Chagos	Tschagos
904	d2e107651Herder-1854	Chalon	Schalong
905	d2e107770Herder-1854	Cham [2]	Chamiten
906	d2e108027Herder-1854	Chamotte	Schamotte
907	d2e108435Herder-1854	Chapelgorris	Tschapelgorris
908	d2e108455Herder-1854	Chapeschiren	schapeschiren
909	d2e108465Herder-1854	Chapetones	Tschapetones
910	d2e108518Herder-1854	Char	Schar
911	d2e108548Herder-1854	Charade	Scharade
912	d2e108569Herder-1854	Charakter	Charakteristik
914	d2e108671Herder-1854	Charge	Chargenpferd
915	d2e108777Herder-1854	Chariwari	Schariwari
916	d2e108797Herder-1854	Charlatan	Charlatanerie
917	d2e108797Herder-1854	Charlatan	Charlatanismus
918	d2e108797Herder-1854	Charlatan	Scharlatan
919	d2e108942Herder-1854	Charnier	Scharnier
920	d2e109037Herder-1854	Charpie	Scharpie
921	d2e109147Herder-1854	Charwoche	Charwochentage
922	d2e109291Herder-1854	Chassen	Schassen
924	d2e110186Herder-1854	Chelva	Tschelva
925	d2e110209Herder-1854	Chemie	Alchemie
926	d2e110658Herder-1854	Cheribon	Scheribon
927	d2e110678Herder-1854	Cherry	Tscherry
928	d2e110730Herder-1854	Cherub	Cherubim
929	d2e110802Herder-1854	Chesterfield [1]	Tschesterfield
930	d2e111210Herder-1854	Chiemsee [1]	Herrenchiemsee
931	d2e111226Herder-1854	Chiemsee [2]	Herrnchiemsee
932	d2e111260Herder-1854	Chiffon	Chiffonière
933	d2e111260Herder-1854	Chiffon	Schiffong
934	d2e111260Herder-1854	Chiffon	Schiffoniähr
935	d2e111260Herder-1854	Chiffon	Chiffonier
936	d2e111279Herder-1854	Chiffre	Dechiffreurs
937	d2e111333Herder-1854	Chili	Tschili
938	d2e111412Herder-1854	Chiloë	Tschiloë
939	d2e111469Herder-1854	Chimborasso	Tschimborasso
941	d2e111702Herder-1854	Chino	Tschino
942	d2e111712Herder-1854	Chinon	Schinong
943	d2e112000Herder-1854	Chitoppa	Tschitoppa
944	d2e112010Herder-1854	Chits	Tschits
945	d2e112138Herder-1854	Chlor	Chlornatrium
946	d2e112138Herder-1854	Chlor	Chlorine
947	d2e112138Herder-1854	Chlor	hydrochloricum
948	d2e112290Herder-1854	Choc	Schock
949	d2e112564Herder-1854	Cholos	Tscholos
950	d2e112593Herder-1854	Cholula	Tscholula
951	d2e112613Herder-1854	Chond	Chondwana
952	d2e112712Herder-1854	Chor [2]	Choragos
953	d2e112748Herder-1854	Chorde	Chordentafeln
954	d2e113015Herder-1854	Chresmolog	Chresmologie
955	d2e113028Herder-1854	Chrestolog	Chrestologie
956	d2e113608Herder-1854	Chrom	Chromeisenstein
957	d2e113608Herder-1854	Chrom	Chromsäure
958	d2e113608Herder-1854	Chrom	Chromoxyd
959	d2e113970Herder-1854	Chuquisaca	Tschuquisaca
960	d2e113980Herder-1854	Chur	Churwalen
961	d2e113980Herder-1854	Chur	Churfirsten
962	d2e113980Herder-1854	Chur	Churwalchen
963	d2e114021Herder-1854	Churros	Tschurros
964	d2e114164Herder-1854	Cicade	Singcicade
965	d2e114164Herder-1854	Cicade	Mannacicade
969	d2e115138Herder-1854	Circumscript	Circumscription
970	d2e115138Herder-1854	Circumscript	Circumscriptionsbullen
971	d2e115154Herder-1854	Circumspect	Circumspection
972	d2e115362Herder-1854	Cis [1]	Cis-moll
973	d2e115362Herder-1854	Cis [1]	Cis-dur
975	d2e115829Herder-1854	Citta	Citta-San-Angelo
976	d2e115829Herder-1854	Citta	Citta-di-Castello
977	d2e115829Herder-1854	Citta	Citta-Vecchia
978	d2e116161Herder-1854	Clairet	Clairette
980	d2e116309Herder-1854	Claque	Claqueurs
981	d2e116453Herder-1854	Clarinette	Baßclarinette
982	d2e117621Herder-1854	Club	Jakobinerclub
983	d2e118492Herder-1854	Cod.	Codex
984	d2e118700Herder-1854	Cölestin [1]	Cölestiner
985	d2e118722Herder-1854	Cölestiner	Cölestinereremiten
986	d2e119296Herder-1854	Cola	Colatur
987	d2e119661Herder-1854	Collatio	Collationes
988	d2e119750Herder-1854	Collectiv	Collectivum
990	d2e120551Herder-1854	Colostrum	Colostrumkügelchen
991	d2e120855Herder-1854	Combat	Combattanten
992	d2e120855Herder-1854	Combat	Nichtcombattanten
993	d2e120879Herder-1854	Combination	Combinationen
994	d2e121152Herder-1854	Commandant	Commandantur
995	d2e121152Herder-1854	Commandant	Commandanten
996	d2e121187Herder-1854	Commando	Streifcommando
997	d2e121208Herder-1854	Commelin	Commelinae
998	d2e121263Herder-1854	Commende [1]	Commendenbrief
999	d2e121263Herder-1854	Commende [1]	Commendengeld
1000	d2e121319Herder-1854	Commentar	Commentarii
1001	d2e121345Herder-1854	Commerz	Commerzienrath
1002	d2e121345Herder-1854	Commerz	Commerzien
1003	d2e121377Herder-1854	Commilito	Commilitonen
1004	d2e121458Herder-1854	Commissar	Commissariat
1005	d2e121485Herder-1854	Commission	Commissionär
1006	d2e121576Herder-1854	Commodat	Commodatar
1008	d2e121724Herder-1854	Commun	Communal
1009	d2e122004Herder-1854	Compactat	Compactaten
1010	d2e122139Herder-1854	Comparse	Comparserie
1011	d2e122173Herder-1854	Compaß	Schiffscompaß
1012	d2e122173Herder-1854	Compaß	Grubencompaß
1013	d2e122173Herder-1854	Compaß	Azimuthalcompaß
1014	d2e122196Herder-1854	Compatibilität	Incompatibilität
1015	d2e122249Herder-1854	Compensatio	Compensationspendel
1018	d2e123358Herder-1854	Concent [2]	Concentus
1019	d2e123442Herder-1854	Concert	Concertino
1020	d2e123442Herder-1854	Concert	Concertante
1021	d2e123479Herder-1854	Concession	Concessionar
1022	d2e123532Herder-1854	Concierge	Conciergerie
1023	d2e123546Herder-1854	Concil	Apostelconcil
1024	d2e123620Herder-1854	Concinn	Concinnität
1025	d2e123649Herder-1854	Concis	Concision
1026	d2e123782Herder-1854	Concordanzen	Pariserconcordanzen
1027	d2e123782Herder-1854	Concordanzen	Realconcordanzen
1028	d2e123793Herder-1854	Concordat	Wienerconcordat
1029	d2e123793Herder-1854	Concordat	Calixtinerconcordat
1030	d2e123793Herder-1854	Concordat	Frankfurterconcordate
1031	d2e123793Herder-1854	Concordat	Zollconcordat
1032	d2e123793Herder-1854	Concordat	Konstanzerconcordat
1033	d2e123793Herder-1854	Concordat	Wormserconcordat
1034	d2e123793Herder-1854	Concordat	Aschaffenburgerconcordat
1035	d2e124224Herder-1854	Conditio	Conditional
1037	d2e124384Herder-1854	Conduct	Conducteur
1038	d2e124410Herder-1854	Conduite	Conduitenlisten
1039	d2e124491Herder-1854	Confer	Conferirung
1040	d2e124566Herder-1854	Confession	Confessionsverwandte
1041	d2e124871Herder-1854	Conform	Conformität
1042	d2e124871Herder-1854	Conform	Conformation
1043	d2e124887Herder-1854	Conformisten	Nonconformisten
1044	d2e124913Herder-1854	Confrater	Confraternität
1045	d2e125048Herder-1854	Congenial	Congenialität
1046	d2e125071Herder-1854	Congestion	Congestionen
1047	d2e125126Herder-1854	Congo	Congostrome
1048	d2e125146Herder-1854	Congregation	Congregationalisten
1049	d2e125473Herder-1854	Conjectur	Conjecturalkritik
1050	d2e125581Herder-1854	Conjunctur	Conjuncturen
1051	d2e125684Herder-1854	Connex	Connexion
1052	d2e125741Herder-1854	Connotation	Connotationstermin
1054	d2e126456Herder-1854	Constantin [2]	Constantinopel
1055	d2e126564Herder-1854	Constitution [3]	Constitutionen
1056	d2e126833Herder-1854	Contagion	Contagionisten
1057	d2e126862Herder-1854	Contant, comptant	Contantverkauf
1058	d2e126954Herder-1854	Contenten	Contentenzettel
1059	d2e127079Herder-1854	Continent	Continental
1060	d2e127190Herder-1854	Contor	Contorarbeiten
1062	d2e127190Herder-1854	Contor	Contorist
1063	d2e127190Herder-1854	Contor	Contorwissenschaft
1064	d2e127714Herder-1854	Controle	Controleur
1066	d2e127848Herder-1854	Convent	Conventualen
1067	d2e127848Herder-1854	Convent	Generalconvent
1068	d2e127848Herder-1854	Convent	Provinzialconvent
1069	d2e127872Herder-1854	Convention	Conventionalstrafe
1071	d2e128628Herder-1854	Coquin	Coquinerie
1072	d2e128780Herder-1854	Cordial	Cordialität
1073	d2e129072Herder-1854	Cornard	Cornardise
1074	d2e129223Herder-1854	Cornet [1]	Cornette
1075	d2e129242Herder-1854	Cornet [2]	Cornetto
1076	d2e129318Herder-1854	Cornut	Cornutus
1077	d2e129749Herder-1854	Correction	Correctionell
1079	d2e130589Herder-1854	Costa [1]	Costalgie
1080	d2e130954Herder-1854	Cottage	Cottagesystem
1081	d2e131119Herder-1854	Counsel	Counsellor
1083	d2e131678Herder-1854	Couvert	Couverture
1084	d2e131865Herder-1854	Coxa	Coxalgie
1085	d2e132481Herder-1854	Credulität	Credulitätseid
1087	d2e133026Herder-1854	Crispin [1]	Crispinian
1088	d2e133534Herder-1854	Crudel	Crudelität
1089	d2e133645Herder-1854	Crusta	Crustation
1090	d2e133885Herder-1854	Cuba	Cubanacan
1091	d2e134507Herder-1854	Cumana	Cumanacoa
1092	d2e134743Herder-1854	Cur	Curabel
1094	d2e134759Herder-1854	Cura	Curatel
1095	d2e134759Herder-1854	Cura	Massacurator
1096	d2e134759Herder-1854	Cura	Curator
1097	d2e135046Herder-1854	Curs	Curszettel
1098	d2e135046Herder-1854	Curs	Cursiren
1099	d2e135211Herder-1854	Cusa	Cusanus
1100	d2e135478Herder-1854	Cyan	Eisencyankalium
1101	d2e135478Herder-1854	Cyan	Cyanogen
1103	d2e136077Herder-1854	Czar	Czarewna
1104	d2e136077Herder-1854	Czar	Czarewitsch
1125	d2e137208Herder-1854	Daler	Kupferdaler
1126	d2e137208Herder-1854	Daler	Reichsdaler
1127	d2e137361Herder-1854	Dam	Damme
1128	d2e137485Herder-1854	Dame	Damenstift
1129	d2e137684Herder-1854	Damm [3]	Dammschen
1131	d2e137710Herder-1854	Dammar	Dammarharz
1132	d2e137837Herder-1854	Dampf	Verdampfung
1133	d2e137837Herder-1854	Dampf	Verdampfen
1134	d2e137908Herder-1854	Dampfmaschine	Dampfmaschinenlehre
1135	d2e138016Herder-1854	Dan [1]	Jordanquellen
1136	d2e138549Herder-1854	Danzig	Danziger
1137	d2e138564Herder-1854	Daphne [1]	Daphnearten
1138	d2e138888Herder-1854	Darm	Mastdarm
1139	d2e138888Herder-1854	Darm	Leerdarm
1140	d2e138888Herder-1854	Darm	Darmkanal
1141	d2e138888Herder-1854	Darm	Dickdarm
1142	d2e138888Herder-1854	Darm	Krummdarm
1143	d2e138888Herder-1854	Darm	Darmkanals
1144	d2e138888Herder-1854	Darm	Dickdarms
1145	d2e138888Herder-1854	Darm	Dünndarms
1146	d2e138888Herder-1854	Darm	Dünndarme
1147	d2e138888Herder-1854	Darm	Dünndarm
1148	d2e138888Herder-1854	Darm	Zwölffingerdarm
1149	d2e138888Herder-1854	Darm	Grimmdarm
1150	d2e138989Herder-1854	Darre	Malzdarren
1151	d2e138989Herder-1854	Darre	Rauchdarren
1152	d2e138989Herder-1854	Darre	Obstdarren
1153	d2e138989Herder-1854	Darre	Hanfdarren
1154	d2e138989Herder-1854	Darre	Holzdarren
1155	d2e138989Herder-1854	Darre	Malzdarre
1156	d2e139171Herder-1854	Datarius	Prodatarius
1157	d2e139232Herder-1854	Dativ	Dativus
1159	d2e139591Herder-1854	David [1]	Davidischen
1160	d2e139687Herder-1854	Davidis	Davidisten
1161	d2e139755Herder-1854	Davos	Davoser
1162	d2e140478Herder-1854	Decemvir	quindecemviri
1164	d2e140927Herder-1854	Deck	Dreidecker
1165	d2e141038Herder-1854	Declaration	Declarationsbescheid
1166	d2e141038Herder-1854	Declaration	Declarationsgesuch
1167	d2e141106Herder-1854	Decliv	Declivität
1168	d2e141388Herder-1854	Decret	Decretum
1169	d2e141702Herder-1854	Dee	Aberdeen
1171	d2e141828Herder-1854	Defect	Defectbogen
1172	d2e142181Herder-1854	Deform	Deformation
1173	d2e142355Herder-1854	Degener	Degeneration
1174	d2e142728Herder-1854	Deidesheim	Deidesheimer
1175	d2e142993Herder-1854	Deka	Dekapolis
1176	d2e143080Herder-1854	Dekan [1]	Cardinaldekan
1177	d2e143080Herder-1854	Dekan [1]	Ruraldekane
1178	d2e143080Herder-1854	Dekan [1]	Dekanat
1179	d2e143080Herder-1854	Dekan [1]	Domdekan
1180	d2e143080Herder-1854	Dekan [1]	Dekanates
1181	d2e143080Herder-1854	Dekan [1]	Dekanie
1182	d2e143080Herder-1854	Dekan [1]	Dekanien
1183	d2e143080Herder-1854	Dekan [1]	Stiftsdekans
1184	d2e143080Herder-1854	Dekan [1]	Capitelsdekan
1185	d2e143544Herder-1854	Delf	Delftshaven
1186	d2e143680Herder-1854	Delicat	Delicatesse
1188	d2e144061Herder-1854	Deloyal	Deloyalität
1190	d2e144090Herder-1854	Delphin	Delphinus
1193	d2e145468Herder-1854	Denken	bedenken
1195	d2e145939Herder-1854	Dependent	Dependentien
1197	d2e147700Herder-1854	Desperat	Desperation
1198	d2e147747Herder-1854	Despot	Despotie
1199	d2e147814Herder-1854	Dessert	Dessertweine
1200	d2e147844Herder-1854	Dessin	Dessinateur
1201	d2e148052Herder-1854	Detail	Detailhandel
1202	d2e148052Herder-1854	Detail	Detailliren
1203	d2e148246Herder-1854	Detour	Detourniren
1204	d2e148467Herder-1854	Deuterogam	Deuterogamie
1205	d2e148500Herder-1854	Deutsch	mittelhochdeutsch
1206	d2e148500Herder-1854	Deutsch	althochdeutsch
1207	d2e148500Herder-1854	Deutsch	Nichtdeutschen
1208	d2e148769Herder-1854	Deutschland	Süddeutschland
1209	d2e148769Herder-1854	Deutschland	Mitteldeutschland
1210	d2e148769Herder-1854	Deutschland	Norddeutschland
1211	d2e149122Herder-1854	Devex	Devexität
1212	d2e149229Herder-1854	Devon [1]	Devonʼsches
1213	d2e149242Herder-1854	Devon [2]	Devonshire
1214	d2e149295Herder-1854	Devot	Devotion
1215	d2e149693Herder-1854	Diät	Diätsanordnung
1216	d2e149693Herder-1854	Diät	Diätetik
1217	d2e149898Herder-1854	Diakon	Subdiakon
1218	d2e149898Herder-1854	Diakon	Diakonat
1219	d2e149898Herder-1854	Diakon	Diakoniren
1220	d2e150043Herder-1854	Dialog	Dialogisiren
1222	d2e150505Herder-1854	Diastole	Hypodiastole
1223	d2e150537Herder-1854	Diatherman	Diathermansie
1225	d2e152383Herder-1854	Differenz	Differenzrechnung
1226	d2e152493Herder-1854	Difform	Difformität
1227	d2e153040Herder-1854	Dilettant	Dilettantismus
1228	d2e153458Herder-1854	Dimission	Dimissionär
1230	d2e153657Herder-1854	Ding [1]	Unding
1231	d2e153657Herder-1854	Ding [1]	verdingen
1232	d2e153689Herder-1854	Ding [2]	Schreigeding
1233	d2e154144Herder-1854	Dion	Dionys
1235	d2e154683Herder-1854	Diplom	Diplomatarium
1236	d2e154960Herder-1854	Direction	Directionslinie
1237	d2e155174Herder-1854	Discant	Discantist
1238	d2e155258Herder-1854	Disciplin	Disciplinarisch
1239	d2e155374Herder-1854	Discolor	Discoloration
1240	d2e155476Herder-1854	Discret	Discretionstage
1241	d2e155476Herder-1854	Discret	Discretion
1243	d2e155692Herder-1854	Dispache	Dispacheur
1244	d2e155785Herder-1854	Dispens	Dispensirten
1245	d2e155785Herder-1854	Dispens	Dispensabel
1246	d2e155785Herder-1854	Dispens	Dispensatoren
1247	d2e155785Herder-1854	Dispens	Dispensation
1248	d2e156120Herder-1854	Dissens	Dissension
1250	d2e156752Herder-1854	Divers	Diversität
1251	d2e157406Herder-1854	Doctor	Doctorates
1252	d2e157527Herder-1854	Dodeka	Dodekaëdrisches
1253	d2e157527Herder-1854	Dodeka	Dodekagonalzahlen
1254	d2e157527Herder-1854	Dodeka	Dodekagon
1255	d2e157527Herder-1854	Dodeka	Dodekaëdralzahlen
1256	d2e157527Herder-1854	Dodeka	Dodekaëder
1257	d2e157928Herder-1854	Dogma	Dogmatisch
1258	d2e158139Herder-1854	Dolce	Dolcemente
1259	d2e158236Herder-1854	Dolde	Doldenblüthe
1260	d2e158292Herder-1854	Dolente	Dolentemente
1262	d2e158706Herder-1854	Dominante	Dominantenaccord
1263	d2e158706Herder-1854	Dominante	Unterdominante
1264	d2e158706Herder-1854	Dominante	Oberdominante
1265	d2e159056Herder-1854	Don [1]	Donna
1266	d2e159070Herder-1854	Don [2]	Donez
1267	d2e159183Herder-1854	Donativ	Donativum
1268	d2e159247Herder-1854	Donau	Donauwörth
1269	d2e159247Herder-1854	Donau	Donaueschingen
1270	d2e160499Herder-1854	Dost	Wirbeldosten
1271	d2e160499Herder-1854	Dost	Dosten
1272	d2e160619Herder-1854	Douane	Douanenlinie
1273	d2e161244Herder-1854	Dragun	Esdragun
1274	d2e161263Herder-1854	Draht	Silberdraht
1275	d2e161404Herder-1854	Drama	Dramatiker
1276	d2e161404Herder-1854	Drama	Dramatisch
1277	d2e161404Herder-1854	Drama	Volksdrama
1278	d2e162032Herder-1854	Drewenz	Drewenzsee
1279	d2e162206Herder-1854	Drömling	Drömlinger
1280	d2e162580Herder-1854	Drost	Landdrosteien
1281	d2e162941Herder-1854	Dryaden	Hamadryaden
1282	d2e163165Herder-1854	Dual	Dualis
1283	d2e163612Herder-1854	Ductil	Ductilität
1284	d2e164504Herder-1854	Dult	Indult
1285	d2e165616Herder-1854	Durchlaucht	Durchlauchtigst
1286	d2e165824Herder-1854	Durst	Verdurstens
1287	d2e166189Herder-1854	Dynamik	Hydrodynamik
1288	d2e166243Herder-1854	Dys	Dysämorrhöe
1289	d2e166243Herder-1854	Dys	Dyslochie
1290	d2e166243Herder-1854	Dys	Dysmenorrhöe
1291	d2e166243Herder-1854	Dys	Dyskenesie
1292	d2e166243Herder-1854	Dys	Dyspepsie
1293	d2e166243Herder-1854	Dys	Dysenterie
1294	d2e166243Herder-1854	Dys	Dysämie
1295	d2e166243Herder-1854	Dys	Dysästhesie
1296	d2e166243Herder-1854	Dys	Dysurie
1323	d2e166470Herder-1854	Ebbe	Sonnenebbe
1324	d2e166470Herder-1854	Ebbe	Mondebbe
1325	d2e167252Herder-1854	Ecclesia	Ecclesiarch
1326	d2e167252Herder-1854	Ecclesia	Ecclesiarchie
1327	d2e167252Herder-1854	Ecclesia	Ecclesiastes
1328	d2e167252Herder-1854	Ecclesia	Ecclesiastisch
1329	d2e167252Herder-1854	Ecclesia	Ecclesiasticus
1330	d2e167893Herder-1854	Eclat	Eclatante
1331	d2e168581Herder-1854	Edrisi	Edrisiden
1332	d2e169227Herder-1854	Egel	Blutegel
1333	d2e169341Herder-1854	Egge [1]	Quereggen
1334	d2e169556Herder-1854	Ehe	Lehengüter
1335	d2e169556Herder-1854	Ehe	gleichstehen
1336	d2e169556Herder-1854	Ehe	Civilehe
1337	d2e169556Herder-1854	Ehe	geheiligt
1338	d2e169642Herder-1854	Eheliche	uneheliche
1354	d2e170040Herder-1854	Eiche	Eichelkasse
1355	d2e170040Herder-1854	Eiche	Eichelmehl
1356	d2e170040Herder-1854	Eiche	Eicheln
1357	d2e170040Herder-1854	Eiche	Anzeichen
1358	d2e170040Herder-1854	Eiche	Eichelmast
1359	d2e170402Herder-1854	Eid	Meineid
1360	d2e171532Herder-1854	Einöde	Vereinöden
1361	d2e171831Herder-1854	Eis	Polareis
1362	d2e171831Herder-1854	Eis	leiseste
1363	d2e171831Herder-1854	Eis	Speisen
1364	d2e171919Herder-1854	Eisen [1]	Magneteisenstein
1365	d2e171919Herder-1854	Eisen [1]	Thoneisenstein
1366	d2e171919Herder-1854	Eisen [1]	Spatheisenstein
1367	d2e171919Herder-1854	Eisen [1]	Grüneisenstein
1368	d2e171919Herder-1854	Eisen [1]	Rotheisenstein
1369	d2e171919Herder-1854	Eisen [1]	Brauneisenstein
1372	d2e174747Herder-1854	Elzevir	Elzeviriano
1373	d2e174798Herder-1854	E. m.	ejusdem mensis
1374	d2e175290Herder-1854	Emetin	Emetinum
1375	d2e175348Herder-1854	Eminent	Eminentia
1376	d2e175439Herder-1854	Emme	Emmenthal
1378	d2e177339Herder-1854	Engern	Westengern
1379	d2e177667Herder-1854	Enkomiastik	Enkomiastikon
1380	d2e177927Herder-1854	Enorm	Enormität
1381	d2e178207Herder-1854	Ente	Wildente
1383	d2e178839Herder-1854	Entwässerung	Entwässerungsmittel
1384	d2e178875Herder-1854	Entwickelung	Pubertätsentwickelung
1385	d2e178875Herder-1854	Entwickelung	Entwickelungskrankheiten
1386	d2e179308Herder-1854	Eparch	Eparchie
1387	d2e179484Herder-1854	Ephemer	Ephemeriden
1388	d2e179484Herder-1854	Ephemer	Ephemeren
1389	d2e179873Herder-1854	Epikur	Epikuräisch
1390	d2e179873Herder-1854	Epikur	Epikuräer
1392	d2e180607Herder-1854	Equilibrist	Aequilibrist
1393	d2e180994Herder-1854	Erbium	Terbiumoxyd
1394	d2e182214Herder-1854	Eremitage	Heremitage
1395	d2e182449Herder-1854	Ergot	Ergotin
1396	d2e182462Herder-1854	Erhaben	Erhabenheit
1397	d2e183020Herder-1854	Erlösung	Erlösungswerkes
1398	d2e183828Herder-1854	Erz [1]	vererztes
1399	d2e184051Herder-1854	Escamote	Escamoteur
1400	d2e184138Herder-1854	Esch	Oesch
1401	d2e184148Herder-1854	Esche	Eschenmanna
1402	d2e184515Herder-1854	Esel	Maulesel
1403	d2e184515Herder-1854	Esel	Eselin
1404	d2e185224Herder-1854	Essig	Branntweinessig
1405	d2e185416Herder-1854	Este [2]	Oesterreich
1407	d2e186159Herder-1854	Etsch	Retscher
1409	d2e188150Herder-1854	Ex [2]	Exmouth
1410	d2e189414Herder-1854	Exil	Exilirter
1411	d2e189926Herder-1854	Experiment	Experimentalchemie
1414	d2e190840Herder-1854	Extravasat	Extravasation
1415	d2e191150Herder-1854	Ezechiel	Ezechielem
1418	d2e191606Herder-1854	Fabrik	Fabrikat
1419	d2e191606Herder-1854	Fabrik	Fabrikation
1420	d2e191606Herder-1854	Fabrik	Fabrikant
1421	d2e191606Herder-1854	Fabrik	Fabriken
1422	d2e191802Herder-1854	Facil	Facilität
1423	d2e191855Herder-1854	Façon	Façonnier
1424	d2e191855Herder-1854	Façon	Façonneur
1425	d2e191855Herder-1854	Façon	Façonnerie
1426	d2e191919Herder-1854	Faction	Factionär
1427	d2e191948Herder-1854	Factor	Factorei
1428	d2e192121Herder-1854	Fächer	Fächerpalme
1429	d2e192121Herder-1854	Fächer	Fächerflügler
1430	d2e192191Herder-1854	Fälschung	Verfälschung
1432	d2e192911Herder-1854	Falken	Edelfalken
1433	d2e193076Herder-1854	Fall [2]	Falles
1434	d2e193247Herder-1854	Falsa	Falsarius
1435	d2e193303Herder-1854	Falset	Falsetto
1437	d2e193827Herder-1854	Farbe	Oelfarben
1438	d2e193827Herder-1854	Farbe	Wasserfarben
1439	d2e193827Herder-1854	Farbe	Wachsfarben
1440	d2e194231Herder-1854	Fas	nefas
1441	d2e194245Herder-1854	Fasan	Fasanerien
1442	d2e194464Herder-1854	Fasten	Fastenzeit
1443	d2e194464Herder-1854	Fasten	Weihnachtfasten
1444	d2e194613Herder-1854	Fata	Fatalität
1445	d2e195174Herder-1854	Favor	Favorit
1446	d2e195174Herder-1854	Favor	Favorite
1447	d2e195571Herder-1854	Federn	Gänsefedern
1448	d2e195747Herder-1854	Fehm	Ausfehmen
1449	d2e195747Herder-1854	Fehm	Einfehmen
1450	d2e196455Herder-1854	Felsberg	Neufelsberg
1451	d2e197106Herder-1854	Ferment	Fermentum
1452	d2e197302Herder-1854	Ferrandin	Ferrandiniers
1453	d2e197591Herder-1854	Fessel	Fesselgelenk
1455	d2e198896Herder-1854	Fieber	Quotidianfieber
1456	d2e199752Herder-1854	Finger	Fingerspitze
1457	d2e200223Herder-1854	Firn	Firner
1459	d2e200675Herder-1854	Fix [2]	Fixirung
1461	d2e202799Herder-1854	Flos	Blancflos
1462	d2e202943Herder-1854	Flüchtig	verflüchtigen
1463	d2e203167Herder-1854	Flur	Hausflur
1464	d2e203394Herder-1854	Foe	Defoe
1465	d2e203476Herder-1854	Föhr	Föhrde
1466	d2e203786Herder-1854	Fol.	Folio
1468	d2e205606Herder-1854	Fragil	Fragilität
1469	d2e205669Herder-1854	Frais	Fraisch
1470	d2e206016Herder-1854	Frank [1]	Frankfurt
1471	d2e206077Herder-1854	Franken	Ostfranken
1472	d2e206077Herder-1854	Franken	Rheinfranken
1473	d2e206588Herder-1854	Franz [2]	Franzens
1474	d2e207381Herder-1854	Frater	Fraternität
1475	d2e207425Herder-1854	Frau	Jungfrau
1476	d2e208282Herder-1854	Freising	Freisingen
1477	d2e208587Herder-1854	Fret	Freteur
1478	d2e208898Herder-1854	Friede	Friedelosigkeit
1479	d2e209584Herder-1854	Frigid	Frigidität
1480	d2e209716Herder-1854	Frist	Nothfrist
1481	d2e209800Herder-1854	Frivol	Frivolität
1482	d2e209973Herder-1854	Fronde	Frondeurs
1483	d2e211532Herder-1854	Fundament	Fundamentum
1484	d2e211693Herder-1854	Fur	Darfur
1485	d2e211968Herder-1854	Fuß [1]	Fußwurzel
1486	d2e211968Herder-1854	Fuß [1]	Mittelfuße
1487	d2e212286Herder-1854	Futil	Futilität
1495	d2e212460Herder-1854	Gabel [1]	Tischgabel
1496	d2e212738Herder-1854	Gähnen	Gähnensehen
1498	d2e215479Herder-1854	Garten	Gartenkunst
1500	d2e215650Herder-1854	Gastein	Hofgastein
1501	d2e216154Herder-1854	Gavial	Gavialis
1503	d2e216412Herder-1854	Gebet	Bittgebet
1504	d2e216765Herder-1854	Gefäße	Blutgefäße
1505	d2e216765Herder-1854	Gefäße	Capillargefäße
1506	d2e216765Herder-1854	Gefäße	Lymphgefäße
1507	d2e216830Herder-1854	Gefle	Gefleborg-Län
1508	d2e216830Herder-1854	Gefle	Gefleborg
1509	d2e217145Herder-1854	Gehirn	Gehirnnervenpaare
1510	d2e217570Herder-1854	Geist	Geistigen
1511	d2e217980Herder-1854	Geld	Papiergeld
1512	d2e218091Herder-1854	Gelenk	Gelenkdrüsen
1513	d2e218140Herder-1854	Gellius	Agellius
1514	d2e218487Herder-1854	Gemüth	Gemüthlichkeit
1515	d2e218963Herder-1854	Genial	Genialität
1516	d2e220222Herder-1854	Gerando	Degerando
1517	d2e220853Herder-1854	Geroldseck	Hohengeroldseck
1518	d2e221371Herder-1854	Geschmack	Geschmacksempfindung
1519	d2e221590Herder-1854	Gesicht	Angesicht
1520	d2e223518Herder-1854	Giotto	Ambrogiotto
1521	d2e224053Herder-1854	Glätte	Bleiglätte
1522	d2e224073Herder-1854	Glagol	Glagolitza
1523	d2e224192Herder-1854	Glas	Glashütten
1524	d2e224342Herder-1854	Glaube	Unglaube
1525	d2e224342Herder-1854	Glaube	Aberglaube
1526	d2e224734Herder-1854	Glimmer	Glimmerschiefers
1527	d2e224919Herder-1854	Glockner	Großglockner
1528	d2e224929Herder-1854	Glogau	Großglogau
1529	d2e225030Herder-1854	Glossa	Glossalgie
1530	d2e225919Herder-1854	Göltzsch	Göltzschthal
1531	d2e226445Herder-1854	Gold	Goldes
1532	d2e226498Herder-1854	Goldast	Goldastianae
1533	d2e226535Herder-1854	Goldberg	Goldbergwerke
1534	d2e227594Herder-1854	Gothen	Westgothen
1535	d2e227594Herder-1854	Gothen	Ostgothen
1536	d2e228793Herder-1854	Gräser	Futtergräser
1537	d2e228865Herder-1854	Graf	Grafio
1538	d2e230250Herder-1854	Gregor	Gregorianische
1539	d2e231450Herder-1854	Griwe	Griweniki
1540	d2e232900Herder-1854	Grund [1]	Hintergrund
1541	d2e233185Herder-1854	Grusch	Biergrusch
1542	d2e233364Herder-1854	Guajac	Guajacum
1543	d2e234419Herder-1854	Guinea	Südguinea
1558	d2e235447Herder-1854	Haag	sʼGraavenhaag
1559	d2e235722Herder-1854	Habit	Habitus
1560	d2e235795Herder-1854	Habsburg	Habsburger
1562	d2e236201Herder-1854	Hämon	Hämonia
1563	d2e236519Herder-1854	Hafen	Freihafen
1564	d2e236586Herder-1854	Haft	Schuldknechtschaft
1565	d2e236586Herder-1854	Haft	Schuldhaft
1566	d2e236586Herder-1854	Haft	Verhaft
1567	d2e236596Herder-1854	Hag	Hagin
1568	d2e237143Herder-1854	Haiti	Haitien
1569	d2e237186Herder-1854	Haken	Hakenbüchse
1570	d2e238267Herder-1854	Hamburg	Hamburger
1572	d2e238530Herder-1854	Hamp	Southampton
1573	d2e238530Herder-1854	Hamp	Hampshire
1574	d2e238954Herder-1854	Handlung	Verhandlung
1575	d2e239194Herder-1854	Hanno [1]	Hannonis
1576	d2e240579Herder-1854	Hasel	Haselnußstrauch
1577	d2e240799Herder-1854	Hasta	Subhastation
1578	d2e241324Herder-1854	Haut	Lederhaut
1579	d2e242060Herder-1854	Hecker [2]	Heckerputsches
1580	d2e242652Herder-1854	Heher	Nußheher
1582	d2e242875Herder-1854	Heilig	Heiligsprechung
1583	d2e242875Herder-1854	Heilig	Heiligenverehrung
1584	d2e242875Herder-1854	Heilig	Heiligen
1585	d2e244051Herder-1854	Hel	Hellia
1586	d2e244559Herder-1854	Helle	Hellespont
1587	d2e247040Herder-1854	Herrnhut	Herrnhuter
1588	d2e247677Herder-1854	Heterodox	Heterodoxie
1589	d2e248551Herder-1854	Hibrida	Hibridation
1590	d2e249693Herder-1854	Hippo	Hippona
1591	d2e249860Herder-1854	Hippolog	Hippologie
1592	d2e251297Herder-1854	Hof [1]	Oberhofmarschall
1594	d2e251696Herder-1854	Hoheit	Hoheiten
1595	d2e252775Herder-1854	Homer	Homeriden
1596	d2e253159Herder-1854	Honduras	Hondurasbai
1597	d2e253295Herder-1854	Honigstein	Honigsteinsäure
1598	d2e253827Herder-1854	Horeb	Choreb
1599	d2e253930Herder-1854	Horn [2]	Waldhorn
1600	d2e254684Herder-1854	Hottinger [1]	Hottingerianus
1601	d2e255437Herder-1854	Hülse	Hülsenfrüchte
1602	d2e255511Herder-1854	Huet	Huetius
1603	d2e255511Herder-1854	Huet	Huetii
1604	d2e255589Herder-1854	Huf	Einhufer
1605	d2e255589Herder-1854	Huf	Vielhufer
1606	d2e255589Herder-1854	Huf	Zweihufer
1607	d2e256426Herder-1854	Hunger	Verhungerns
1608	d2e256794Herder-1854	Hutter	Hutterus
1609	d2e257728Herder-1854	Hymen	Hymenäos
1625	d2e258811Herder-1854	Ich	bezeichnet
1626	d2e258811Herder-1854	Ich	ursprüngliches
1627	d2e258811Herder-1854	Ich	Endlich
1628	d2e258811Herder-1854	Ich	nicht
1629	d2e258811Herder-1854	Ich	Fichte
1630	d2e259056Herder-1854	Ideal	Idealisiren
1632	d2e259288Herder-1854	Idiot	Idiotismus
1633	d2e259288Herder-1854	Idiot	Idiotikon
1634	d2e259370Herder-1854	Idria	Idrialitin
1635	d2e259370Herder-1854	Idria	Idriatin
1636	d2e259370Herder-1854	Idria	Idrialit
1637	d2e259707Herder-1854	Ikaria	Nikaria
1638	d2e259992Herder-1854	Illegal	Illegalität
1639	d2e260992Herder-1854	Impar	Imparität
1640	d2e261388Herder-1854	Impetigo	Impetigologie
1641	d2e261933Herder-1854	Impuls	Impulsion
1643	d2e262923Herder-1854	Incognito	Incognito-Reisen
1644	d2e263383Herder-1854	Incorrect	Incorrectheit
1645	d2e263915Herder-1854	Indien	Ostindien
1646	d2e263915Herder-1854	Indien	Westindien
1647	d2e264039Herder-1854	Indigo	Indigofera
1648	d2e264039Herder-1854	Indigo	Indigoferaarten
1649	d2e264161Herder-1854	Indiscret	Indiscretion
1650	d2e264771Herder-1854	Infant	Infantin
1651	d2e264864Herder-1854	Inferior	Inferiorität
1653	d2e265991Herder-1854	Initia	Initiation
1654	d2e266044Herder-1854	Injuria	Injuriant
1655	d2e266138Herder-1854	Inn	Innsbruck
1656	d2e266680Herder-1854	Inschrift	Inschriftenkunde
1657	d2e266781Herder-1854	Inseln	Koralleninseln
1658	d2e267470Herder-1854	Insult	Insultation
1661	d2e269350Herder-1854	Iod	Iodine
1662	d2e269720Herder-1854	Irene [1]	Eirene
1663	d2e271568Herder-1854	Iwan	Iwanowna
1664	d2e271865Herder-1854	Jacquard	Jacquardmaschine
1665	d2e272206Herder-1854	Jahr	Jahren
1666	d2e272341Herder-1854	Jakobiner [2]	Jakobinerclub
1668	d2e272767Herder-1854	Japan	altjapanische
1670	d2e272904Herder-1854	Jasmin [1]	Jasminum
1671	d2e273069Herder-1854	Jaxt	Jaxthausen
1672	d2e273069Herder-1854	Jaxt	Jaxtkreis
1673	d2e273069Herder-1854	Jaxt	Jaxtfeld
1674	d2e275475Herder-1854	Juden	Judenviertel
1675	d2e275906Herder-1854	Jugular	Jugularvenen
1677	d2e276877Herder-1854	Justiren	adjustiren
1680	d2e277135Herder-1854	Kabel	Kabeltaus
1681	d2e277253Herder-1854	Käfer	Borkenkäfer
1682	d2e277253Herder-1854	Käfer	Speckkäfer
1683	d2e277253Herder-1854	Käfer	Pelzkäfer
1684	d2e278144Herder-1854	Kali	Alkali
1685	d2e278144Herder-1854	Kali	Kaliumoxyd
1686	d2e278144Herder-1854	Kali	Chlorkalium
1687	d2e278202Herder-1854	Kalk	Kalkerde
1688	d2e279939Herder-1854	Karavanen	Pilgerkaravanen
1689	d2e279959Herder-1854	Karde	Weberkarde
1690	d2e280699Herder-1854	Karmel	Karmeliterkloster
1691	d2e281041Herder-1854	Karten	Spielkarten
1692	d2e281163Herder-1854	Kasan	Kasanka
1693	d2e281415Herder-1854	Kastanie	Roßkastanienbaum
1694	d2e282294Herder-1854	Katze	Wildkatze
1695	d2e282294Herder-1854	Katze	Hauskatze
1696	d2e282373Herder-1854	Kauf	gekauft
1697	d2e282373Herder-1854	Kauf	zurückverkauft
1698	d2e282373Herder-1854	Kauf	verkauften
1699	d2e282373Herder-1854	Kauf	Verkauf
1700	d2e282373Herder-1854	Kauf	Wiederverkauf
1701	d2e282373Herder-1854	Kauf	Vorkaufsrecht
1702	d2e282373Herder-1854	Kauf	verkauft
1703	d2e282549Herder-1854	Kaukasien	Eiskaukasien
1704	d2e282697Herder-1854	Kaustik	Katakaustika
1705	d2e282697Herder-1854	Kaustik	Diakaustika
1706	d2e283739Herder-1854	Kernbeißer	Kirschkernbeißer
1708	d2e284185Herder-1854	Khalif	Khalifen
1709	d2e284213Herder-1854	Khan	Khanat
1710	d2e284409Herder-1854	Kicher	Kichererbse
1711	d2e284810Herder-1854	Kilo	Kilosz
1712	d2e284857Herder-1854	Kilt	Kiltgang
1713	d2e284920Herder-1854	Kinäd	Kinädie
1714	d2e285214Herder-1854	Kinnbacken	Kinnbackenkrampf
1715	d2e285231Herder-1854	Kino	Kinogummi
1716	d2e286855Herder-1854	Kleesalz	Sauerkleesalz
1717	d2e287514Herder-1854	Kloster	Klostertaufnamen
1718	d2e287914Herder-1854	Knappe	Bergknappe
1719	d2e287914Herder-1854	Knappe	Schildknappe
1720	d2e288035Herder-1854	Knie	Kniescheibe
1721	d2e289506Herder-1854	Kohl [1]	Bodenkohlrübe
1722	d2e290111Herder-1854	Komisch	tragikomisch
1723	d2e290554Herder-1854	Kop	Koppe
1724	d2e290896Herder-1854	Koran	Alkoran
1725	d2e291001Herder-1854	Korinth	Akrokorinth
1726	d2e291570Herder-1854	Kosten	Proceßkosten
1727	d2e291666Herder-1854	Kotyledonen	Dikotyledonen
1728	d2e291666Herder-1854	Kotyledonen	Akotyledonen
1729	d2e291666Herder-1854	Kotyledonen	Monokotyledonen
1730	d2e291757Herder-1854	Krähe	Krähenaugen
1732	d2e292501Herder-1854	Kreis	Kreisfläche
1733	d2e293139Herder-1854	Krieg	Vernichtungskriege
1734	d2e294156Herder-1854	Krystall	Krystallisation
1735	d2e295459Herder-1854	Kutaïs	Kutaïssi
1752	d2e296158Herder-1854	Labrador [2]	Labradorküste
1753	d2e296483Herder-1854	Lachter	Berglachter
1754	d2e296528Herder-1854	Lack [2]	Gummilackschildlaus
1755	d2e296947Herder-1854	Ladung	Vorladung
1756	d2e297225Herder-1854	Läuterung	Erläuterung
1757	d2e297392Herder-1854	Lager	belagernden
1758	d2e297581Herder-1854	Lahn [1]	Niederlahnstein
1759	d2e300510Herder-1854	Lasting	Everlasting
1760	d2e301168Herder-1854	Lauch	Knoblauch
1761	d2e301168Herder-1854	Lauch	Schlangenknoblauch
1762	d2e301168Herder-1854	Lauch	Eschlauch
1763	d2e301757Herder-1854	Laut	Mitlauter
1764	d2e301757Herder-1854	Laut	Selbstlauter
1765	d2e301798Herder-1854	Lauter	Lauterburg
1766	d2e301798Herder-1854	Lauter	Lauteraha
1767	d2e302652Herder-1854	Lech [3]	Lechiten
1768	d2e302776Herder-1854	Lection	Lectionarium
1769	d2e302920Herder-1854	Lee [1]	Leeseite
1770	d2e303352Herder-1854	Legitim	Legitimität
1771	d2e303352Herder-1854	Legitim	Legitimisten
1772	d2e303495Herder-1854	Lehen	Lehenrecht
1773	d2e303653Herder-1854	Lehnin	Lehnininse
1774	d2e303961Herder-1854	Leiden	Leidenland
1775	d2e304206Herder-1854	Leiste	Leistengegend
1776	d2e304585Herder-1854	Lemur [1]	Lemuria
1777	d2e304585Herder-1854	Lemur [1]	Lemures
1778	d2e304630Herder-1854	Lenau	Strehlenau
1779	d2e304945Herder-1854	Leo [1]	Napoleon
1780	d2e305209Herder-1854	Leopard	Leopardus
1782	d2e306946Herder-1854	Liber	Liberalia
1783	d2e307837Herder-1854	Lier	Lierre
1784	d2e308143Herder-1854	Likka	Likkanerregiment
1785	d2e308430Herder-1854	Limosin	Limosinen
1786	d2e309043Herder-1854	Linse [2]	Linsenglas
1788	d2e309695Herder-1854	Litera	Literatur
1789	d2e309695Herder-1854	Litera	Literalmethode
1790	d2e309695Herder-1854	Litera	Literalismus
1791	d2e309765Herder-1854	Literatur	Literaturgeschichte
1792	d2e310287Herder-1854	Lixivia	Lixiviation
1795	d2e314665Herder-1854	Luna	Lunambulist
1797	d2e314665Herder-1854	Luna	Lunambulismus
1798	d2e314728Herder-1854	Lunge	Abtheilungen
1812	d2e317025Herder-1854	März	vormärzlich
1813	d2e317025Herder-1854	März	nachmärzlich
1816	d2e317682Herder-1854	Magnet	Magnetismus
1818	d2e318751Herder-1854	Majorenn	Majorennität
1819	d2e319918Herder-1854	Man	Manken
1820	d2e320230Herder-1854	Mandschu	Mandschurei
1821	d2e320941Herder-1854	Mansfeld	Thalmansfeld
1822	d2e320941Herder-1854	Mansfeld	Mansfeldergebirg
1823	d2e320941Herder-1854	Mansfeld	Mansfeldersee
1825	d2e322131Herder-1854	Maria [1]	Antidikomarianiten
1826	d2e322698Herder-1854	Mark [1]	Gemarkung
1827	d2e322698Herder-1854	Mark [1]	Markgenossen
1829	d2e322722Herder-1854	Mark [3]	Münzmark
1830	d2e323159Herder-1854	Marode	Marodeurs
1831	d2e323338Herder-1854	Marquis	Marquisat
1832	d2e324337Herder-1854	Maß [2]	Flüssigkeitsmaß
1833	d2e324337Herder-1854	Maß [2]	Getreidemaß
1834	d2e324337Herder-1854	Maß [2]	Hohlmaß
1835	d2e324970Herder-1854	Materie	Materielle
1836	d2e324970Herder-1854	Materie	Materiell
1837	d2e325400Herder-1854	Mauer	Gußmauerwerk
1838	d2e325400Herder-1854	Mauer	Mauerwerk
1839	d2e325842Herder-1854	Mauser	Mauserung
1843	d2e327683Herder-1854	Mehl	Stärkemehl
1844	d2e327860Herder-1854	Meile	Seemeilen
1845	d2e329638Herder-1854	Mensa	Mensalgüter
1846	d2e329651Herder-1854	Mensch	Menschen
1847	d2e329898Herder-1854	Menuet	Menuetto
1848	d2e330386Herder-1854	Merino [1]	Merinowolle
1849	d2e330895Herder-1854	Messe	Votivmessen
1850	d2e331002Herder-1854	Messen	Handelsmessen
1851	d2e333052Herder-1854	Middleton	Middletonianae
1852	d2e333266Herder-1854	Miethe	vermiethen
1854	d2e333638Herder-1854	Milch	Milchzucker
1855	d2e333830Herder-1854	Milet	Miletos
1856	d2e334495Herder-1854	Mimosa	Mimosaceae
1857	d2e335144Herder-1854	Minor	Minorität
1858	d2e335276Herder-1854	Minus	Minusgröße
1859	d2e335897Herder-1854	Mission	Missionären
1861	d2e336268Herder-1854	Mithridat	Mithridates
1862	d2e336399Herder-1854	Mittag	Mittagszeit
1863	d2e336399Herder-1854	Mittag	Mittagsfläche
1865	d2e337661Herder-1854	Mogul	Großmogul
1866	d2e338978Herder-1854	Monat	Knotenmonat
1867	d2e339062Herder-1854	Mond	Vollmond
1868	d2e339062Herder-1854	Mond	Neumond
1869	d2e339062Herder-1854	Mond	Vollmondes
1870	d2e341508Herder-1854	Moraviden	Almoraviden
1871	d2e342746Herder-1854	Mosel	Mosella
1872	d2e345897Herder-1854	Musik	Instrumentalmusik
1874	d2e346856Herder-1854	Mystik	Mystiker
1888	d2e347068Herder-1854	Nab	Haidenab
1889	d2e347286Herder-1854	Nacht	Nachtgleiche
1890	d2e348250Herder-1854	Nama	Kleinnamaguas
1891	d2e348250Herder-1854	Nama	Namagua
1892	d2e348263Herder-1854	Name	Beinamen
1893	d2e348263Herder-1854	Name	Beiname
1894	d2e348854Herder-1854	Narr	Narrenschiff
1895	d2e348854Herder-1854	Narr	Hofnarren
1896	d2e348854Herder-1854	Narr	Narrheit
1897	d2e349192Herder-1854	Natal	Natalia
1898	d2e349484Herder-1854	Natolien	Anatolien
1899	d2e349670Herder-1854	Naturalismus	Supranaturalismus
1900	d2e351765Herder-1854	Nertschinsk	Nertschinskol-Sawod
1901	d2e351791Herder-1854	Nerven	Nervensystem
1902	d2e352870Herder-1854	Neukirch [1]	Neukirchen
1903	d2e354159Herder-1854	Nicot	Nicotiana
1905	d2e358100Herder-1854	Noxa	Noxalklagen
1914	d2e359517Herder-1854	Oboë	Hoboë
1915	d2e359805Herder-1854	Obst	Winterobst
1916	d2e359996Herder-1854	Obtus	Obtusion
1919	d2e361567Herder-1854	Oesterreich [1]	Oesterreichische
1920	d2e361567Herder-1854	Oesterreich [1]	Oesterreichischer
1921	d2e361721Herder-1854	Oetz	Oetzthaler
1922	d2e361755Herder-1854	Ofen [1]	Altofen
1923	d2e362017Herder-1854	Offizier	Unteroffiziere
1924	d2e362472Herder-1854	Oken	Okenfuß
1926	d2e363104Herder-1854	Olymp	Olympos
1927	d2e363965Herder-1854	Oper	Operette
1928	d2e364140Herder-1854	Opfer	Opfernden
1929	d2e364140Herder-1854	Opfer	geopfert
1930	d2e364140Herder-1854	Opfer	Meßopfer
1931	d2e364804Herder-1854	Ora	labora
1933	d2e365279Herder-1854	Orden [1]	Pegnitzorden
1934	d2e365279Herder-1854	Orden [1]	Avisorden
1935	d2e365279Herder-1854	Orden [1]	Johanniterorden
1936	d2e365356Herder-1854	Ordinarius	extraordinarius
1937	d2e365454Herder-1854	Ordonnanz	Ordonnanzcompagnien
1938	d2e365454Herder-1854	Ordonnanz	Ordonnanzen
1939	d2e365454Herder-1854	Ordonnanz	Ordonnanzoffiziere
1940	d2e365648Herder-1854	Organ	Unorganischen
1941	d2e365740Herder-1854	Orgel	Wasserorgel
1942	d2e365903Herder-1854	Original	Originalausgabe
1943	d2e365903Herder-1854	Original	Originalität
1944	d2e366862Herder-1854	Osculation	Osculationskreis
1945	d2e367224Herder-1854	Ost	Osten
1946	d2e368041Herder-1854	Otter	Kreuzotter
1953	d2e368924Herder-1854	Pacht	verpachten
1954	d2e368924Herder-1854	Pacht	Verpachtung
1958	d2e371091Herder-1854	Panis	Panisbrief
1959	d2e371588Herder-1854	Papagai	Rüsselpapagai
1960	d2e371588Herder-1854	Papagai	Erdpapagaien
1961	d2e371601Herder-1854	Papaver	Papaverin
1962	d2e371695Herder-1854	Paphos	Altpaphos
1963	d2e371695Herder-1854	Paphos	Neupaphos
1964	d2e371721Herder-1854	Papier	Löschpapier
1965	d2e371721Herder-1854	Papier	Lumpenpapier
1966	d2e371945Herder-1854	Papst	Papstthum
1967	d2e373294Herder-1854	Paris [2]	Parisier
1968	d2e373294Herder-1854	Paris [2]	Parisiorum
1969	d2e374019Herder-1854	Parthenope	Parthenopeische
1970	d2e374294Herder-1854	Pascha	Paschaliks
1972	d2e375103Herder-1854	Pater	Paternitätssystem
1973	d2e375103Herder-1854	Pater	Paternität
1975	d2e375692Herder-1854	Paul [1]	Pauliner
1976	d2e376021Herder-1854	Pauper	Paupertät
1977	d2e376560Herder-1854	Pectin	Pectinsäure
1978	d2e376915Herder-1854	Peer	Peerage
1979	d2e376915Herder-1854	Peer	Peereß
1980	d2e377186Herder-1854	Pelagianer	Semipelagianer
1981	d2e377265Herder-1854	Pelasger	Altpelasger
1982	d2e377469Herder-1854	Peloponnes	Peloponnesos
1983	d2e377676Herder-1854	Pendel	Secundenpendel
1984	d2e377813Herder-1854	Peninsula	Peninsularkrieg
1985	d2e378221Herder-1854	Pepo	Peponiferae
1986	d2e378269Herder-1854	Per	aspera
1987	d2e378764Herder-1854	Perfid	Perfidie
1988	d2e379413Herder-1854	Peristaltisch	antiperistaltisch
1989	d2e380286Herder-1854	Person	Personen
1990	d2e380315Herder-1854	Persona	Personalarrest
1991	d2e380315Herder-1854	Persona	Personalität
1992	d2e380315Herder-1854	Persona	Personalien
1994	d2e380632Herder-1854	Perücke	Allongeperücke
1995	d2e380906Herder-1854	Pest	Pestilenzjahre
1996	d2e381430Herder-1854	Petrefacten	Petrefactenkunde
1997	d2e382541Herder-1854	Pflanze	verpflanzen
1998	d2e382833Herder-1854	Pforta	Schulpforta
1999	d2e382878Herder-1854	Pforzheim	Pforzheimern
2000	d2e383763Herder-1854	Philipp [1]	Philippos
2001	d2e384026Herder-1854	Philo	Philone
2002	d2e384026Herder-1854	Philo	Philosoph
2003	d2e386140Herder-1854	Pignate	Pignatella
2005	d2e387331Herder-1854	Pisa	Pisana
2007	d2e388720Herder-1854	Platon	Neuplatonismus
2008	d2e389194Herder-1854	Pleura	Pleuralgie
2009	d2e389504Herder-1854	Plusmacher	Plusmacherei
2011	d2e390488Herder-1854	Polarländer	Südpolarländer
2012	d2e390595Herder-1854	Polemo	Polemonis
2013	d2e391226Herder-1854	Poltin	Poltinnik
2014	d2e392575Herder-1854	Pope [1]	Protopopen
2016	d2e393242Herder-1854	Porto	Oporto
2017	d2e393462Herder-1854	Porzellan	Porzellanmalerei
2018	d2e393524Herder-1854	Posaune	Baßposaunen
2019	d2e393645Herder-1854	Position	Positiones
2020	d2e394819Herder-1854	Präcis	Präcisist
2021	d2e394819Herder-1854	Präcis	Präcision
2022	d2e395543Herder-1854	Präsent	Präsentgelder
2023	d2e396431Herder-1854	Presbyter	Archipresbyter
2024	d2e396570Herder-1854	Presse [2]	Tagespresse
2025	d2e396570Herder-1854	Presse [2]	Buchdruckerpresse
2027	d2e396703Herder-1854	Preußen	Westpreußen
2028	d2e396703Herder-1854	Preußen	Ostpreußen
2029	d2e396918Herder-1854	Priester	Priesterweihe
2030	d2e397408Herder-1854	Prior [1]	Priorin
2031	d2e397462Herder-1854	Priscillian	Priscillianisten
2032	d2e397536Herder-1854	Privat	Privatissimum
2033	d2e398715Herder-1854	Proktos	Proktostenosis
2035	d2e400037Herder-1854	Protze	Abprotzen
2036	d2e400131Herder-1854	Proviant	verproviantiren
2037	d2e400524Herder-1854	Psara	Ipsara
2038	d2e400985Herder-1854	Publicist	Publicistik
2039	d2e401167Herder-1854	Puer	Puerilität
2040	d2e401188Herder-1854	Puerpera	Puerperalfieber
2041	d2e401298Herder-1854	Pugna	Pugnacität
2042	d2e401338Herder-1854	Pul	Pullo
2043	d2e401448Herder-1854	Pulmo	Pulmonie
2044	d2e401677Herder-1854	Pulver [2]	Schießpulver
2047	d2e401813Herder-1854	Punct	Punctum
2048	d2e401813Herder-1854	Punct	Interpunction
2053	d2e404771Herder-1854	Quick	verquicken
2054	d2e404793Herder-1854	Quid	quidquid
2055	d2e405243Herder-1854	Quirinal	Quirinalis
2077	d2e405636Herder-1854	Rabe	Kolkrabe
2078	d2e406037Herder-1854	Rade	Kornrade
2079	d2e406268Herder-1854	Radom	Radomka
2080	d2e406849Herder-1854	Raison	Raisonnement
2081	d2e408151Herder-1854	Rational	irrationalen
2082	d2e408151Herder-1854	Rational	Irrational
2083	d2e408275Herder-1854	Ratum	gratum
2084	d2e408416Herder-1854	Rauchfaß	Weihrauchfaß
2085	d2e408808Herder-1854	Ray	Wray
2087	d2e409131Herder-1854	Rear	Rearadmiral
2088	d2e409302Herder-1854	Rec.	Recensent
2089	d2e409302Herder-1854	Rec.	Recept
2090	d2e409555Herder-1854	Recht	Gerechtigkeit
2091	d2e409555Herder-1854	Recht	Unrecht
2092	d2e410084Herder-1854	Record	Recorder
2093	d2e411242Herder-1854	Regen [1]	Regensburg
2094	d2e411252Herder-1854	Regen [2]	Regenmasse
2096	d2e411611Herder-1854	Reglement	Exercirreglement
2097	d2e411918Herder-1854	Reich [1]	Reichsstände
2098	d2e412440Herder-1854	Reiffenberg	Reiffenbergiens
2099	d2e414858Herder-1854	Res	singulares
2100	d2e415026Herder-1854	Reservation	Reservationes
2101	d2e415901Herder-1854	Retro	Retroversion
2102	d2e415901Herder-1854	Retro	Retrogradation
2103	d2e416145Herder-1854	Reuß [2]	preuß
2104	d2e417141Herder-1854	Rhetor	Rhetores
2105	d2e418660Herder-1854	Rigor	Rigorosität
2106	d2e418660Herder-1854	Rigor	Rigorismus
2107	d2e418660Herder-1854	Rigor	Rigorist
2108	d2e419308Herder-1854	Riß	Aufriß
2109	d2e419467Herder-1854	Ritter [1]	Ritterthum
2110	d2e420847Herder-1854	Roer	Roermünde
2112	d2e421439Herder-1854	Rom	stromaufwärts
2114	d2e421439Herder-1854	Rom	Romanum
2115	d2e421439Herder-1854	Rom	Romulus
2116	d2e422829Herder-1854	Rosmarin	Rosmarinus
2117	d2e423440Herder-1854	Rotang	Drachenrotang
2118	d2e424302Herder-1854	Rudera	Ruderation
2119	d2e425466Herder-1854	Ruppin	Neuruppin
2130	d2e426262Herder-1854	Saar	Saarbrücken
2132	d2e427244Herder-1854	Sacrament	Sacramentarium
2133	d2e427895Herder-1854	Säule	Säulenordnungen
2134	d2e428268Herder-1854	Saiger	absaigern
2135	d2e428403Herder-1854	St. Christoph	St. Christophers
2136	d2e429178Herder-1854	Saison	Sommersaison
2137	d2e429178Herder-1854	Saison	Wintersaison
2138	d2e429241Herder-1854	Sal	Salzwage
2139	d2e429241Herder-1854	Sal	Salinogrades
2140	d2e429241Herder-1854	Sal	Salzbildung
2141	d2e429241Herder-1854	Sal	Salzwerk
2142	d2e429241Herder-1854	Sal	Saline
2143	d2e429241Herder-1854	Sal	Salification
2145	d2e429507Herder-1854	Salem	Jerusalems
2146	d2e429779Herder-1854	Saliva	Salivation
2147	d2e430553Herder-1854	Salz	Kochsalz
2148	d2e430624Herder-1854	Salzbrunn	Salzbrunnen
2149	d2e431328Herder-1854	San [1]	Sandomir
2150	d2e431348Herder-1854	Sana	Sanaah
2151	d2e431531Herder-1854	St. Goar	St. Goarshausen
2153	d2e431733Herder-1854	Sand [1]	Sandsteingebirge
2154	d2e431953Herder-1854	Sandomir	Sandomiriensis
2155	d2e432739Herder-1854	Sapo	Saponification
2156	d2e432739Herder-1854	Sapo	Saponin
2157	d2e432798Herder-1854	Sappe	Sappeurs
2158	d2e433614Herder-1854	Satin	Satinet
2159	d2e434184Herder-1854	Savon	Savonnerietapeten
2160	d2e435094Herder-1854	Schädel	Schädelknochen
2161	d2e438252Herder-1854	Schlag	Schlagfluß
2162	d2e438252Herder-1854	Schlag	Blutschlag
2163	d2e438252Herder-1854	Schlag	Blutschlage
2164	d2e438801Herder-1854	Schleswig [1]	Schleswiger
2165	d2e438914Herder-1854	Schlich	Erzschlich
2166	d2e439240Herder-1854	Schlund	Schlundkopf
2167	d2e440022Herder-1854	Schnecken	Lungenschnecken
2168	d2e440131Herder-1854	Schnee	Schneefalls
2169	d2e440298Herder-1854	Schneiden	verschneiden
2170	d2e441025Herder-1854	Scholastik	Scholastikern
2171	d2e441025Herder-1854	Scholastik	Scholastiker
2172	d2e442544Herder-1854	Schuld	Handschulden
2173	d2e442590Herder-1854	Schulen	Elementarschulen
2174	d2e443325Herder-1854	Schwämme	Thierschwämme
2175	d2e443390Herder-1854	Schwalbach	Langenschwalbach
2176	d2e444918Herder-1854	Scintilla	Scintillation
2177	d2e445076Herder-1854	Scontriren	riscontriren
2178	d2e445740Herder-1854	Seb	Sebak
2179	d2e445831Herder-1854	Sebesten	Sebestenae
2180	d2e447323Herder-1854	Segel	Hauptsegel
2181	d2e447705Herder-1854	Sehen	gesehen
2182	d2e448054Herder-1854	Seigneur	monseigneur
2183	d2e448122Herder-1854	Sein	Vorhandensein
2184	d2e448122Herder-1854	Sein	Dasein
2185	d2e449202Herder-1854	Send	Sendgericht
2186	d2e449331Herder-1854	Senega	Senegawurzel
2189	d2e449996Herder-1854	Septemvir	Septemvirat
2190	d2e449996Herder-1854	Septemvir	Septemviratstafel
2192	d2e450837Herder-1854	Serran	Serranus
2193	d2e451157Herder-1854	Sesam	Sesamum
2194	d2e451364Herder-1854	Setzer [2]	Schriftsetzer
2195	d2e452376Herder-1854	Siam	Siamesen
2196	d2e453196Herder-1854	Sieg	Siegburg
2197	d2e453732Herder-1854	Sikiang	Tasikiang
2198	d2e454578Herder-1854	Sina	Sinapfel
2199	d2e454618Herder-1854	Sinapis	Sinapismus
2200	d2e454637Herder-1854	Sincer	Sincerität
2202	d2e454919Herder-1854	Sinn [2]	Tastsinn
2204	d2e456080Herder-1854	Skleria	Skleriasis
2205	d2e456641Herder-1854	Sligo	Sligobai
2206	d2e457732Herder-1854	Sohl	Neusohl
2207	d2e458090Herder-1854	Sold	besoldet
2208	d2e458090Herder-1854	Sold	Soldat
2209	d2e458524Herder-1854	Solling	Sollingerwald
2210	d2e459030Herder-1854	Sonde	besondere
2211	d2e459030Herder-1854	Sonde	besonderen
2213	d2e461296Herder-1854	Sparta	Spartanern
2214	d2e461296Herder-1854	Sparta	Spartaner
2215	d2e461528Herder-1854	Species [2]	Speciesthaler
2216	d2e462049Herder-1854	Sperling	Feldsperling
2217	d2e462049Herder-1854	Sperling	Haussperling
2218	d2e463573Herder-1854	Sponton	esponton
2219	d2e464362Herder-1854	Squire	Esquire
2220	d2e465290Herder-1854	Stadt	Stadtmauern
2221	d2e465483Herder-1854	Stärke	Stärkemehl
2222	d2e466022Herder-1854	Stampalia	Istampalia
2223	d2e467031Herder-1854	Staufen	Hohenstaufen
2224	d2e467560Herder-1854	Steier	Steiermark
2225	d2e467581Herder-1854	Steiger [1]	Untersteiger
2226	d2e468379Herder-1854	Stempel [2]	gestempeltes
2227	d2e468896Herder-1854	Sterling [1]	easterling
2228	d2e469289Herder-1854	Steuerbewilligung	Steuerbewilligungsrecht
2229	d2e469425Herder-1854	Sthenie	Asthenie
2230	d2e469698Herder-1854	Stift	Stiftung
2231	d2e469698Herder-1854	Stift	Gestift
2232	d2e469946Herder-1854	Stimme	Ripienstimmen
2233	d2e469946Herder-1854	Stimme	Frauenstimmen
2234	d2e469946Herder-1854	Stimme	Grundstimme
2235	d2e469946Herder-1854	Stimme	Oberstimme
2236	d2e469946Herder-1854	Stimme	Unterstimmen
2237	d2e469946Herder-1854	Stimme	Mittelstimmen
2238	d2e469946Herder-1854	Stimme	Männerstimmen
2239	d2e469946Herder-1854	Stimme	Nebenstimmen
2240	d2e469964Herder-1854	Stimmung	Uebereinstimmung
2241	d2e470093Herder-1854	Stirn	Stirnbein
2242	d2e470093Herder-1854	Stirn	Stirnbeins
2243	d2e470093Herder-1854	Stirn	Stirnkopfschmerz
2244	d2e470093Herder-1854	Stirn	Stirnhöhlen
2245	d2e470748Herder-1854	Stoma	Stomatitis
2246	d2e470748Herder-1854	Stoma	Stomatorrhagie
2247	d2e470748Herder-1854	Stoma	Stomalgie
2248	d2e470977Herder-1854	Stoß [1]	Stoßen
2249	d2e471981Herder-1854	Streit	Rechtsstreit
2250	d2e472239Herder-1854	Strigel	Strigelius
2251	d2e472965Herder-1854	Stuffe	Stufferze
2252	d2e473236Herder-1854	Sturm [3]	Sturmiani
2253	d2e473236Herder-1854	Sturm [3]	Sturmii
2254	d2e473871Herder-1854	Suber	Suberat
2255	d2e474274Herder-1854	Subreptio	Subreptionsfehler
2256	d2e474398Herder-1854	Subsistenz	Subsistenzmittel
2257	d2e474894Herder-1854	Sudan	Hochsudan
2258	d2e474894Herder-1854	Sudan	Flachsudan
2259	d2e474966Herder-1854	Süd	Süden
2261	d2e475579Herder-1854	Sulfur	Sulfurid
2262	d2e475579Herder-1854	Sulfur	Sulfuration
2263	d2e475732Herder-1854	Sultan	Sultanin-Mutter
2264	d2e475732Herder-1854	Sultan	Sultan-Valide
2265	d2e475880Herder-1854	Summa	Summation
2266	d2e476600Herder-1854	Supremat	Suprematie
2267	d2e477229Herder-1854	Sutri	Sutrium
2268	d2e477593Herder-1854	Swine	Swinemünde
2269	d2e478961Herder-1854	Syrien	Cölesyrien
2286	d2e479598Herder-1854	Tabelle	Tabellenform
2287	d2e480299Herder-1854	Tagil	Tagilsk
2288	d2e481662Herder-1854	Tant	Tantah
2289	d2e482130Herder-1854	Targum	Targumim
2290	d2e482823Herder-1854	Tau	Tauwerk
2291	d2e482934Herder-1854	Taubmann	Taubmanniana
2292	d2e486208Herder-1854	Testa	Testaciten
2293	d2e486479Herder-1854	Tetra	Tetrapolitana
2294	d2e486612Herder-1854	Teufel	Verteufelung
2295	d2e486975Herder-1854	Thalassa	Thalassarchie
2296	d2e487047Herder-1854	Thanatos	Thanatosis
2298	d2e487250Herder-1854	Theater	Amphitheater
2299	d2e488585Herder-1854	Thesis	Hypothesis
2300	d2e488585Herder-1854	Thesis	Antithesis
2301	d2e488585Herder-1854	Thesis	Synthesis
2302	d2e488710Herder-1854	Theurg	Theurgie
2303	d2e488787Herder-1854	Thier	Rennthiers
2305	d2e490285Herder-1854	Tiber	Tiberis
2306	d2e490637Herder-1854	Tiger [1]	blutdürstiger
2307	d2e490681Herder-1854	Tigris	Pasitigris
2308	d2e490853Herder-1854	Timar	Timarli
2309	d2e490902Herder-1854	Timid	Timidität
2310	d2e491281Herder-1854	Tiro [2]	Tironianae
2311	d2e491321Herder-1854	Tisane	Ptisane
2312	d2e492738Herder-1854	Tollense	Tollensees
2313	d2e492972Herder-1854	Ton [1]	diatonischen
2315	d2e494725Herder-1854	Trafik	Trafikant
2316	d2e494842Herder-1854	Train	Trainsoldaten
2317	d2e494864Herder-1854	Trait	Traiteur
2318	d2e494864Herder-1854	Trait	Traiterie
2321	d2e497175Herder-1854	Triest	Triester
2323	d2e501103Herder-1854	Typograph	Typographie
2324	d2e501169Herder-1854	Tyr	Tyrsdagr
2329	d2e501713Herder-1854	Uelmen	Uelmener
2330	d2e501843Herder-1854	Uhren	Seeuhren
2331	d2e502095Herder-1854	Ulm	Ulm-Augsburger
2332	d2e502259Herder-1854	Ultra	Ultrarevolutionären
2333	d2e502259Herder-1854	Ultra	Ultraroyalisten
2334	d2e502500Herder-1854	Unanim	Unanimität
2335	d2e502540Herder-1854	Uncia	Uncialbuchstaben
2337	d2e503113Herder-1854	Universal [1]	Universalismus
2338	d2e504209Herder-1854	Ural [2]	Uralsk
2339	d2e504236Herder-1854	Uran	Uranglimmer
2340	d2e504828Herder-1854	Urtheil [2]	verurtheilend
2341	d2e504887Herder-1854	Urtica	Urticaria
2342	d2e505323Herder-1854	Ut, re, mi, fa, sol	polluti
2344	d2e505755Herder-1854	Vaccina	Vaccination
2345	d2e506331Herder-1854	Valid	Validität
2346	d2e506331Herder-1854	Valid	Validation
2349	d2e506887Herder-1854	Var	Varus
2350	d2e507415Herder-1854	Vaterschaft	Vaterschaftsklage
2351	d2e507954Herder-1854	Veile	Veileraue
2352	d2e507954Herder-1854	Veile	Veilefjord
2353	d2e508271Herder-1854	Veltlin	Veltliner
2354	d2e508330Herder-1854	Venal	Venalität
2355	d2e508423Herder-1854	Vendidad	Vendidadsade
2356	d2e508509Herder-1854	Venen	Lungenvenen
2357	d2e509623Herder-1854	Verhandlung	Verhandlungsmaxime
2358	d2e510422Herder-1854	Vers	Versifex
2359	d2e510422Herder-1854	Vers	Versification
2360	d2e510769Herder-1854	Verstand	Menschenverstand
2361	d2e510961Herder-1854	Vertebra	Vertebralsystem
2362	d2e511106Herder-1854	Verwaltung	Zollverwaltung
2363	d2e511204Herder-1854	Verzicht	Erbverzicht
2364	d2e511320Herder-1854	Vesta [1]	Vestalinen
2365	d2e511564Herder-1854	Vezier	Großvezier
2366	d2e511747Herder-1854	Vicar	Vicarius
2367	d2e511774Herder-1854	Vicari	Vicarius
2368	d2e511828Herder-1854	Vice	Viceadmiral
2369	d2e511828Herder-1854	Vice	Vicekönig
2370	d2e512748Herder-1854	Vigilant	Vigilantibus
2371	d2e513283Herder-1854	Vils	Vilshofen
2372	d2e514016Herder-1854	Viril	Virilität
2373	d2e514016Herder-1854	Viril	Virilescenz
2374	d2e514051Herder-1854	Virtuos	Virtuosität
2375	d2e514911Herder-1854	Vögel	Raubvögel
2376	d2e514911Herder-1854	Vögel	Wadvögel
2377	d2e514911Herder-1854	Vögel	Eisvögel
2378	d2e514911Herder-1854	Vögel	Schwimmvögel
2379	d2e514911Herder-1854	Vögel	Klettervögel
2387	d2e517806Herder-1854	Wahrscheinlichkeit	Unwahrscheinlichkeit
2388	d2e517889Herder-1854	Waigaz	Waigazstraße
2389	d2e518403Herder-1854	Waldstätte	Vierwaldstättersee
2390	d2e518557Herder-1854	Wall	Wallgang
2391	d2e518716Herder-1854	Wallis [2]	Unterwalliser
2392	d2e519508Herder-1854	Wartburg	Wartburgfest
2393	d2e521202Herder-1854	Weiden	Viehweiden
2394	d2e521464Herder-1854	Weimar [1]	Weimar-Eisenach
2395	d2e521848Herder-1854	Weißenburg	Kronweißenburg
2396	d2e522036Herder-1854	Weißling	Kohlweißling
2397	d2e522036Herder-1854	Weißling	Rübenweißling
2398	d2e522420Herder-1854	Welt	Weltall
2399	d2e522821Herder-1854	Werder [2]	Werdershausen
2401	d2e523135Herder-1854	Wesen	unwesentlich
2402	d2e524715Herder-1854	Wien	Wiener
2404	d2e525551Herder-1854	Wille [1]	Willensrichtung
2405	d2e525629Herder-1854	Wille [2]	Willensverordnung
2407	d2e527106Herder-1854	Witz	Berlinerwitzen
2408	d2e527246Herder-1854	Woche	Wochentage
2409	d2e528832Herder-1854	Wunder [1]	Verwunderung
2410	d2e528832Herder-1854	Wunder [1]	verwundern
2411	d2e529132Herder-1854	Wuth	Hundswuth
2412	d2e529963Herder-1854	York	Yorkshire
2417	d2e530286Herder-1854	Zab	Zabatos
2418	d2e531238Herder-1854	Zar	Czar
2419	d2e532799Herder-1854	Zeugung	Zeugungsstoff
2420	d2e533087Herder-1854	Zieger	Schabzieger
2421	d2e533425Herder-1854	Zinke	Stadtzinkenisten
2422	d2e533529Herder-1854	Zins	Verzinsung
2423	d2e534067Herder-1854	Zoll [1]	Schutzzollsystem
2424	d2e534970Herder-1854	Zunft	Zunftwesen
2425	d2e535026Herder-1854	Zurechnung	Zurechnungsfähigkeit
2427	d2e535544Herder-1854	Zwickau	Zwickauer
2429	d2e535992Herder-1854	Amt	Beamten
2430	d2e536386Herder-1854	Omsk	Tomsk
